2,Caitlyn Jenner,"474,440","15,814",GA,Mid
4,O. J. Simpson,"322,410","10,747",B,Low
6,Alan Turing,"278,548","9,284",GA,Low
8,Michael Landon,"196,862","6,562",C,Low
10,Usain Bolt,"161,857","5,395",GA,Top
11,Wilt Chamberlain,"153,483","5,116",GA,Low
12,Herschel Walker,"152,940","5,098",B,Low
13,John Turner,"149,287","4,976",B,Low
16,David Goggins,"128,359","4,278",C,Low
17,Louis Zamperini,"121,463","4,048",C,Low
18,Jesse Owens,"119,923","3,997",C,Top
19,Bill Russell,"118,866","3,962",FA,Low
20,Florence Griffith Joyner,"98,821","3,294",C,High
22,Tyreek Hill,"87,842","2,928",C,Low
23,Bo Jackson,"83,997","2,799",B,Low
24,Randy Moss,"81,779","2,725",B,Low
27,Reggie Bush,"73,432","2,447",B,Low
28,Robert Griffin III,"73,177","2,439",C,Low
30,Wim Hof,"67,431","2,247",C,Low
31,Mo Farah,"63,465","2,115",B,High
39,Jim Thorpe,"53,429","1,780",FA,High
43,Richard Sherman (American football),"46,893","1,563",C,Low
44,Eunice Kennedy Shriver,"46,748","1,558",B,Low
45,Brandin Cooks,"46,203","1,540",Start,Low
50,Jessie Graff,"40,155","1,338",Start,Low
57,Marquise Goodwin,"33,680","1,122",Start,Low
62,Ezekiel Ansah,"31,202","1,040",C,Low
66,Kathrine Switzer,"29,521",984,C,High
67,Carl Lewis,"29,464",982,C,Top
71,Aimee Mullins,"28,158",938,Start,Low
80,Marion Jones,"25,120",837,C,High
85,Trevante Rhodes,"23,551",785,Start,Low
86,Tavon Austin,"23,079",769,Start,Low
88,Michael Johnson (sprinter),"22,839",761,C,Top
90,Cliff Young (athlete),"22,186",739,Start,Low
91,Bill Bowerman,"21,903",730,C,High
94,George Steinbrenner,"21,878",729,C,Low
96,Sergey Bubka,"20,986",699,C,Top
98,Bryce Love,"20,867",695,Start,Low
102,Vince Wilfork,"19,902",663,Start,Low
105,Bernie Casey,"19,486",649,Start,Low
110,Chris Boucher (basketball),"18,816",627,Start,Low
113,Wilma Rudolph,"18,356",611,C,High
116,Denard Robinson,"17,390",579,GA,Low
121,Jackie Joyner-Kersee,"16,541",551,C,High
133,Colin Jackson,"15,267",508,C,High
134,Forrest Gump (character),"15,223",507,Start,Low
140,Kenenisa Bekele,"14,855",495,C,High
142,Tommie Smith,"14,725",490,Start,High
153,Sonia Malavisi,"14,067",468,Start,Low
154,Katharine Merry,"13,980",466,C,Low
158,Kyle Juszczyk,"13,653",455,Start,Low
160,Haile Gebrselassie,"13,525",450,C,Top
162,Woody Strode,"13,480",449,Start,Low
165,Kílian Jornet Burgada,"13,336",444,Start,Low
166,Roger Bannister,"13,181",439,C,High
167,Sebastian Coe,"13,068",435,B,Top
170,Lynn Swann,"12,769",425,B,Low
178,Hicham El Guerrouj,"11,620",387,B,High
182,Ronald Darby,"11,480",382,Start,Low
187,Abebe Bikila,"11,215",373,GA,High
191,Dean Karnazes,"11,041",368,Start,Low
193,John Urschel,"11,029",367,Start,Low
194,Peter Norman,"10,964",365,C,Low
200,Christian Okoye,"10,754",358,Start,Low
203,Eric Metcalf,"10,602",353,Start,Low
215,Shelly-Ann Fraser-Pryce,"10,225",340,GA,High
217,Angelica Bengtsson,"10,196",339,Start,Low
224,C. J. Spiller,"9,869",328,C,Low
225,Zola Budd,"9,847",328,C,High
226,Devin Smith (American football),"9,807",326,Start,Low
227,Paula Radcliffe,"9,626",320,B,High
239,Delilah DiCrescenzo,"9,355",311,Start,Low
254,Katarina Johnson-Thompson,"8,767",292,C,High
265,Marv Levy,"8,409",280,Start,Low
271,Braylon Edwards,"8,250",275,Start,Low
273,Rosie Ruiz,"8,178",272,Start,Low
274,Budhia Singh,"8,128",270,Start,Low
275,Dick Fosbury,"8,046",268,C,High
279,Mike Powell (long jumper),"7,888",262,Start,High
282,Alan Cranston,"7,816",260,Start,Low
287,Michelle Jenneke,"7,686",256,C,Low
288,April Jace,"7,664",255,Start,Low
297,Fauja Singh,"7,558",251,C,Low
302,Asafa Powell,"7,493",249,B,High
305,Mary Peters (athlete),"7,403",246,Start,Low
308,Harry Aikines-Aryeetey,"7,320",244,Start,Low
312,Renaud Lavillenie,"7,230",241,C,High
319,Emil Zátopek,"7,050",235,C,High
320,Jarmila Kratochvílová,"7,049",234,Start,High
323,Betty Robinson,"6,965",232,Start,High
330,Bob Beamon,"6,792",226,Start,High
336,Denise Lewis,"6,628",220,C,High
345,Daley Thompson,"6,491",216,Start,High
351,James Lofton,"6,344",211,Start,Low
359,Jonathan Ogden,"6,209",206,Start,Low
361,Suzy Favor Hamilton,"6,127",204,Start,Low
365,Artie Burns,"6,057",201,Stub,Low
369,Steve Ovett,"6,026",200,Start,High
376,Edwin Moses,"5,964",198,C,High
384,Maurice Greene (athlete),"5,852",195,Start,High
389,Liu Xiang (hurdler),"5,762",192,C,High
397,Paavo Nurmi,"5,617",187,GA,High
400,Valerie Adams,"5,603",186,B,High
425,Emma Pooley,"5,188",172,C,Low
426,Harold Moody (athlete),"5,187",172,Stub,Low
428,Steve DeBerg,"5,155",171,Start,Low
431,Andre Roberts (American football),"5,087",169,Stub,Low
451,Willie Gault,"4,762",158,C,Low
453,Carmelita Correa,"4,743",158,Start,Low
454,Adam Gemili,"4,735",157,C,Low
466,Priscilla Lopes-Schliep,"4,485",149,Start,Low
476,Ashton Eaton,"4,378",145,C,Low
484,Justin Fargas,"4,308",143,Start,Low
486,Menzies Campbell,"4,295",143,C,Low
488,Bobby Bonds,"4,265",142,Start,Low
489,Ryan Hall (runner),"4,259",141,C,Low
492,Andrew Pozzi,"4,220",140,C,Low
499,Donte Jackson (American football),"4,054",135,Start,Low
