1,Michael Jordan,basketball
2,Babe Ruth,baseball
3,Muhammad Ali,boxing
4,Jim Brown,American football
5,Wayne Gretzky,ice hockey
6,Jesse Owens,track and field
7,Jim Thorpe,baseball / track and field / American football
8,Willie Mays,baseball
9,Jack Nicklaus,golf
10,Babe Zaharias,golf /  track and field
11,Joe Louis,boxing
12,Carl Lewis,track and field
13,Wilt Chamberlain,basketball
14,Hank Aaron,baseball
15,Jackie Robinson,baseball
16,Ted Williams,baseball
17,Magic Johnson,basketball
18,Bill Russell,basketball
19,Martina Navratilova,tennis
20,Ty Cobb,baseball
21,Gordie Howe,ice hockey
22,Joe DiMaggio,baseball
23,Jackie Joyner-Kersee,track and field
24,Sugar Ray Robinson,boxing
25,Joe Montana,American football
26,Kareem Abdul-Jabbar,basketball
27,Jerry Rice,American football
28,Red Grange,American football
29,Arnold Palmer,golf
30,Larry Bird,basketball
31,Bobby Orr,ice hockey
32,Johnny Unitas,American football
33,Mark Spitz,swimming
34,Lou Gehrig,baseball
35,Secretariat,horse
36,Oscar Robertson,basketball
37,Mickey Mantle,baseball
38,Ben Hogan,golf
39,Walter Payton,American football
40,Lawrence Taylor,American football
41,Wilma Rudolph,track and field
42,Sandy Koufax,baseball
43,Julius Erving,basketball
44,Bobby Jones,golf
45,Bill Tilden,tennis
46,Eric Heiden,speed skater
47,Edwin Moses,track and field
48,Pete Sampras,tennis
49,O J Simpson,American football
50,Chris Evert,tennis
51,Rocky Marciano,boxing
52,Jack Dempsey,boxing
53,Rafer Johnson,track and field (decathlon)
54,Greg Louganis,diving
55,Mario Lemieux,ice hockey
56,Pete Rose,baseball
57,Bill Shoemaker,jockey
58,Elgin Baylor,basketball
59,Billie Jean King,tennis
60,Walter Johnson,baseball
61,Stan Musial,baseball
62,Jerry West,basketball
63,Satchel Paige,baseball
64,Sammy Baugh,American football
65,Althea Gibson,tennis
66,Eddie Arcaro,jockey
67,Bob Gibson,baseball
68,Al Oerter,track and field
69,Bonnie Blair,speed skater
70,Dick Butkus,American football
71,Roberto Clemente,baseball
72,Bo Jackson,baseball / American football
73,Josh Gibson,baseball
74,Deion Sanders,American football / baseball
75,Dan Marino,American football
76,Barry Sanders,American football
77,Cy Young,baseball
78,Bob Mathias,track and field (decathlon)
79,Gale Sayers,American football
80,A J Foyt,auto racing
81,Jimmy Connors,tennis
82,Bobby Hull,ice hockey
83,Honus Wagner,baseball
84,Man o' War,horse
85,Maurice Richard,ice hockey
86,Otto Graham,American football
87,Henry Armstrong,boxing
88,Joe Namath,American Football
89,Rogers Hornsby,baseball
90,Richard Petty,auto racing (NASCAR)
91,Bob Beamon,track and field
92,Mario Andretti,auto racing
93,Don Hutson,American football
94,Bob Cousy,basketball
95,George Blanda,American football
96,Michael Johnson,track and field
97,Citation,horse
98,Don Budge,tennis
99,Sam Snead,golf
100,Jack Johnson,boxing
