Amy Adams,F,1974,~,46,6,0,1L:5S,American Hustle (2013),2005,2018
Shohreh Aghdashloo,F,1952,~,68,1,0,S,House of Sand and Fog,2003,2003
Eddie Albert,M,1906,2005,99,2,0,S,Roman Holiday,1953,1972
Jane Alexander,F,1939,~,81,4,0,2L:2S,"Great White Hope, The",1970,1983
Sara Allgood,F,1880,1950,69,1,0,S,How Green Was My Valley,1941,1941
Ann-Margret,F,1941,~,79,2,0,1L:1S,Tommy,1971,1975
Alan Arkin,M,1934,~,86,4,1,2L0:2S1,Little Miss Sunshine (2006),1966,2012
Peggy Ashcroft,F,1907,1991,83,1,1,S,"Passage to India, A",1984,1984
Margaret Avery,F,1944 *,~,76,1,0,S,"Color Purple, The",1985,1985
Hermione Baddeley,F,1906,1986,79,1,0,S,Room at the Top,1959,1959
Alec Baldwin,M,1958,~,62,1,0,S,"Cooler, The",2003,2003
George Bancroft,M,1882,1956,74,1,0,L,Thunderbolt,1929,1929
Marie-Christine Barrault,F,1944,~,76,1,0,L,Cousin Cousine,1976,1976
Lionel Barrymore,M,1878,1954,76,1,1,L,"Free Soul, A",1931,1931
Albert Bassermann,M,1867,1952,84,1,0,S,Foreign Correspondent,1940,1940
Anne Baxter,F,1923,1985,62,2,1,1L0:1S1,"Razor's Edge, The",1946,1950
Wallace Beery,M,1885,1949,64,2,1,L,"Champ, The",1930,1931
Ralph Bellamy,M,1904,1991,87,1,0,S,"Awful Truth, The",1937,1937
Tom Berenger,M,1949,~,71,1,0,S,Platoon,1986,1986
Jeannie Berlin,F,1949,~,71,1,0,S,"Heartbreak Kid, The",1972,1972
Theodore Bikel,M,1924,2015,91,1,0,S,"Defiant Ones, The",1958,1958
Linda Blair,F,1959,~,61,1,0,S,"Exorcist, The",1973,1973
Mary J. Blige,F,1971,~,49,1,0,S,Mudbound,2017,2017
Beulah Bondi,F,1889,1981,91,2,0,S,"Gorgeous Hussy, The",1936,1938
Charles Boyer,M,1899,1978,78,4,0,L,Conquest, 1937,1961
Klaus Maria Brandauer,M,1943,~,77,1,0,S,Out of Africa,1985,1985
Abigail Breslin,F,1996,~,24,1,0,S,Little Miss Sunshine,2006,2006
Josh Brolin,M,1968,~,52,1,0,S,Milk,2008,2008
Geneviève Bujold,F,1942,~,78,1,0,L,Anne of the Thousand Days,1969,1969
Catherine Burns,F,1945,2019,73,1,0,S,Last Summer,1969,1969
Gary Busey,M,1944,~,76,1,0,L,"Buddy Holly Story, The",1978,1978
Adolph Caesar,M,1933,1986,52,1,0,S,"Soldier's Story, A",1984,1984
Louis Calhern,M,1895,1956,61,1,0,L,"Magnificent Yankee, The",1950,1950
Lynn Carlin,F,1938,~,82,1,0,S,Faces,1968,1968
Nancy Carroll,F,1903,1965,61,1,0,L,"Devil's Holiday, The",1930,1930
Richard S. Castellano,M,1933,1988,55,1,0,S,Lovers and Other Strangers,1970,1970
Jeff Chandler,M,1918,1961,42,1,0,S,Broken Arrow,1950,1950
Jessica Chastain,F,1977,~,43,2,0,1L:1S,Zero Dark Thirty,2011,2012
Cher,F,1946,~,74,2,1,1L1:1S0,Moonstruck,1983,1987
Diane Cilento,F,1933,2011,78,1,0,S,Tom Jones,1963,1963
Montgomery Clift,M,1920,1966,45,4,0,3L:1S,"Search, The",1948,1961
Charles Coburn,M,1877,1961,84,3,1,S,"More the Merrier, The (1943)",1941,1946
Toni Collette,F,1972,~,48,1,0,S,"Sixth Sense, The",1999,1999
Ronald Colman,M,1891,1958,67,3,1,L,"Double Life, A",1929,1947
Tom Conti,M,1941,~,78,1,0,L,"Reuben, Reuben",1983,1983
Gladys Cooper,F,1888,1971,82,3,0,S,"Now, Voyager",1942,1964
Kevin Costner,M,1955,~,65,1,0,L,Dances with Wolves,1990,1990
Bryan Cranston,M,1956,~,64,1,0,L,Trumbo,2015,2015
James Cromwell,M,1940,~,80,1,0,S,Babe,1995,1995
Lindsay Crouse,F,1948,~,72,1,0,S,Places in the Heart,1984,1984
Benedict Cumberbatch,M,1976,~,44,1,0,L,"Imitation Game, The",2014,2014
Willem Dafoe,M,1955,~,65,4,0,1L:3S,At Eternity's Gate,1986,2018
Dorothy Dandridge,F,1922,1965,42,1,0,L,Carmen Jones,1954,1954
Bette Davis,F,1908,1989,81,11 [a 2],2,L,Dangerous (1935)  [w 8],1934,1962
Bruce Davison,M,1946,~,74,1,0,S,Longtime Companion,1990,1990
Robert De Niro,M,1943,~,77,7,2,5L1:2S1,Raging Bull (1980) [w 11],1974,2012
Ruby Dee,F,1922,2014,91,1,0,S,American Gangster,2007,2007
Catherine Deneuve,F,1943,~,77,1,0,L,Indochine,1992,1992
Bruce Dern,M,1936,~,84,2,0,1L:1S,Nebraska,1978,2013
Marlene Dietrich,F,1901,1992,90,1,0,L,Morocco,1930,1930
Robert Donat,M,1905,1958,53,2,1,L,"Goodbye, Mr. Chips",1938,1939
Michael Douglas,M,1944,~,76,1,1,L,Wall Street,1987,1987
Marie Dressler,F,1868,1934,65,2,1,L,Min and Bill,1930,1932
Jean Dujardin,M,1972,~,48,1,1,L,"Artist, The",2011,2011
Michael Clarke Duncan,M,1957,2012,54,1,0,S,"Green Mile, The",1999,1999
Mildred Dunnock,F,1901,1991,90,2,0,S,Death of a Salesman,1951,1956
Clint Eastwood,M,1930,~,90,2,0,L,Unforgiven,1992,2004
Denholm Elliott,M,1922,1992,70,1,0,S,"Room with a View, A",1986,1986
Stuart Erwin,M,1903,1967,64,1,0,S,Pigskin Parade,1936,1936
Richard Farnsworth,M,1920,2000,80,2,0,1L:1S,"Straight Story, The",1978,1999
Ralph Fiennes,M,1962,~,57,2,0,1L:1S,"English Patient, The",1993,1996
Colin Firth,M,1960,~,60,2,1,L,"King's Speech, The",2009,2010
Geraldine Fitzgerald,F,1913,2005,91,1,0,S,Wuthering Heights,1939,1939
Jane Fonda,F,1937,~,82,7,2,6L2:1S0,Klute (1971) [w 14],1969,1986
Harrison Ford,M,1942,~,78,1,0,L,Witness,1985,1985
Jamie Foxx,M,1967,~,52,2,1,1L1:1S0,Ray [n 4],2004,2004
Leonard Frey,M,1938,1988,49,1,0,S,Fiddler on the Roof,1971,1971
Greta Garbo,F,1905,1990,84,3,0,L,Anna Christie,1930,1939
Andrew Garfield,M,1983,~,37,1,0,L,Hacksaw Ridge,2016,2016
James Garner,M,1928,2014,86,1,0,L,Murphy's Romance,1985,1985
Michael V. Gazzo,M,1923,1995,71,1,0,S,"Godfather Part II, The",1974,1974
Paul Giamatti,M,1967,~,53,1,0,S,Cinderella Man,2005,2005
Lillian Gish,F,1893,1993,99,1,0,S,Duel in the Sun,1946,1946
Whoopi Goldberg,F,1955,~,64,2,1,1L0:1S1,Ghost,1985,1990
Ruth Gordon,F,1896,1985,88,2,1,S,Rosemary's Baby,1965,1968
Gloria Grahame,F,1923,1981,57,2,1,S,"Bad and the Beautiful, The",1947,1952
Bonita Granville,F,1923,1988,65,1,0,S,These Three,1936,1936
Corinne Griffith,F,1894,1979,84,1,0,L,"Divine Lady, The",1929,1929
Alec Guinness,M,1914,2000,86,4,1,2L1:2S0,"Bridge on the River Kwai, The (1957)",1952,1988
Joan Hackett,F,1934,1983,49,1,0,S,Only When I Laugh,1981,1981
Grayson Hall,F,1922,1985,62,1,0,S,"Night of the Iguana, The",1964,1964
Tom Hardy,M,1977,~,43,1,0,S,"Revenant, The",2015,2015
Ed Harris,M,1950,~,69,4,0,1L:3S,Pollock (2000),1995,2002
Rosemary Harris,F,1927,~,93,1,0,S,Tom & Viv,1994,1994
Anne Hathaway,F,1982,~,37,2,1,1L0:1S1,Les Misérables,2008,2012
Goldie Hawn,F,1945,~,74,2,1,1L0:1S1,Cactus Flower,1969,1980
Helen Hayes,F,1900,1993,92,2,2,1L1:1S1,"Sin of Madelon Claudet, The [w 18]",1931,1970
Van Heflin,M,1908,1971,62,1,1,S,Johnny Eager,1942,1942
Audrey Hepburn,F,1929,1993,63,5,1,L,Roman Holiday,1953,1967
William Hickey,M,1927,1997,69,1,0,S,Prizzi's Honor,1985,1985
Dustin Hoffman,M,1937,~,83,7,2,L,Kramer vs. Kramer (1979) [w 20],1967,1997
Judy Holliday,F,1921,1965,43,1,1,L,Born Yesterday,1950,1950
Oskar Homolka,M,1898,1978,79,1,0,S,I Remember Mama,1948,1948
Bob Hoskins,M,1942,2014,71,1,0,L,Mona Lisa,1986,1986
Terrence Howard,M,1969,~,51,1,0,L,Hustle & Flow,2005,2005
Rock Hudson,M,1925,1985,59,1,0,L,Giant,1956,1956
Arthur Hunnicutt,M,1910,1979,69,1,0,S,"Big Sky, The",1952,1952
Kim Hunter,F,1922,2002,79,1,1,S,"Streetcar Named Desire, A",1951,1951
Ruth Hussey,F,1911,2005,93,1,0,S,"Philadelphia Story, The",1940,1940
Timothy Hutton,M,1960,~,60,1,1,S,Ordinary People,1980,1980
Amy Irving,F,1953,~,67,1,0,S,Yentl,1983,1983
Samuel L. Jackson,M,1948,~,71,1,0,S,Pulp Fiction,1994,1994
Allison Janney,F,1959,~,60,1,1,S,"I, Tonya",2017,2017
Scarlett Johansson,F,1984,~,35,2,0,1L:1S,Marriage Story [n 6],2019,2019
Angelina Jolie,F,1975,~,45,2,1,1L0:1S1,"Girl, Interrupted",1999,2008
Jennifer Jones,F,1919,2009,90,5,1,4L1:1S0,"Song of Bernadette, The",1943,1955
Madeline Kahn,F,1942,1999,57,2,0,S,Paper Moon,1973,1974
Diane Keaton,F,1946,~,74,4,1,L,Annie Hall,1977,2003
Harvey Keitel,M,1939,~,81,1,0,S,Bugsy,1991,1991
Grace Kelly,F,1929,1982,52,2,1,1L1:1S0,"Country Girl, The",1953,1954
George Kennedy,M,1925,2016,91,1,1,S,Cool Hand Luke,1967,1967
Regina King,F,1971,~,49,1,1,S,If Beale Street Could Talk,2018,2018
Kevin Kline,M,1947,~,73,1,1,S,"Fish Called Wanda, A",1988,1988
Susan Kohner,F,1936,~,83,1,0,S,Imitation of Life,1959,1959
Jocelyne LaGarde,F,1924,1979,55,1,0,S,Hawaii,1966,1966
Martin Landau,M,1928,2017,89,3,1,S,Ed Wood,1988,1994
Frank Langella,M,1938,~,82,1,0,L,Frost/Nixon,2008,2008
Charles Laughton,M,1899,1962,63,3,1,L,"Private Life of Henry VIII, The",1933,1957
Eva Le Gallienne,F,1899,1991,92,1,0,S,Resurrection,1980,1980
Andrea Leeds,F,1914,1984,69,1,0,S,Stage Door,1937,1937
Margaret Leighton,F,1922,1976,53,1,0,S,"Go-Between, The",1971,1971
Michael Lerner,M,1941,~,79,1,0,S,Barton Fink,1991,1991
John Lithgow,M,1945,~,75,2,0,S,"World According to Garp, The",1982,1983
Carole Lombard,F,1908,1942,33,1,0,L,My Man Godfrey,1936,1936
Paul Lukas,M,1891,1971,80,1,1,L,Watch on the Rhine,1943,1943
Aline MacMahon,F,1899,1991,92,1,0,S,Dragon Seed,1944,1944
Anna Magnani,F,1908,1973,65,2,1,L,"Rose Tattoo, The",1955,1957
Rami Malek,M,1981,~,39,1,1,L,Bohemian Rhapsody,2018,2018
Lesley Manville,F,1956,~,64,1,0,S,Phantom Thread,2017,2017
John Marley,M,1907,1984,76,1,0,S,Love Story,1970,1970
Daniel Massey,M,1933,1998,64,1,0,S,Star!,1968,1968
Marlee Matlin,F,1965,~,55,1,1,L,Children of a Lesser God,1986,1986
Kevin McCarthy,M,1914,2010,96,1,0,S,Death of a Salesman,1951,1951
Hattie McDaniel,F,1895,1952,57,1,1,S,Gone with the Wind,1939,1939
Dorothy McGuire,F,1916,2001,85,1,0,L,Gentleman's Agreement,1947,1947
Steve McQueen,M,1930,1980,50,1,0,L,"Sand Pebbles, The",1966,1966
Vivien Merchant,F,1929,1982,53,1,0,S,Alfie,1966,1966
Laurie Metcalf,F,1955,~,65,1,0,S,Lady Bird,2017,2017
Penelope Milford,F,1948,~,72,1,0,S,Coming Home,1978,1978
Sal Mineo,M,1939,1976,37,2,0,S,Rebel Without a Cause,1955,1960
Robert Mitchum,M,1917,1997,79,1,0,S,"Story of G.I. Joe, The",1945,1945
Ron Moody,M,1924,2015,91,1,0,L,Oliver!,1968,1968
Julianne Moore,F,1960,~,59,5,1,3L1:2S0,Still Alice [n 8],1997,2014
Rita Moreno,F,1931,~,88,1,1,S,West Side Story,1961,1961
Robert Morley,M,1908,1992,84,1,0,S,Marie Antoinette,1938,1938
Armin Mueller-Stahl,M,1930,~,89,1,0,S,Shine,1996,1996
Bill Murray,M,1950,~,70,1,0,L,Lost in Translation,2003,2003
Patricia Neal,F,1926,2010,84,2,1,L,Hud,1963,1968
Paul Newman,M,1925,2008,83,9,1,8L1:1S0,"Color of Money, The (1986)",1958,2002
Nick Nolte,M,1941,~,79,3,0,2L:1S,"Prince of Tides, The",1991,2011
Arthur O'Connell,M,1908,1981,73,2,0,S,Picnic,1955,1959
Tatum O'Neal,F,1963,~,57,1,1,S,Paper Moon,1973,1973
Merle Oberon,F,1911,1979,68,1,0,L,"Dark Angel, The",1935,1935
Edna May Oliver,F,1883,1942,59,1,0,S,Drums Along the Mohawk,1939,1939
Haley Joel Osment,M,1988,~,32,1,0,S,"Sixth Sense, The",1999,1999
Ellen Page,F,1987,~,33,1,0,L,Juno,2007,2007
Gwyneth Paltrow,F,1972,~,48,1,1,L,Shakespeare in Love,1998,1998
Estelle Parsons,F,1927,~,92,2,1,S,Bonnie and Clyde,1967,1968
David Paymer,M,1954,~,66,1,0,S,Mr. Saturday Night,1992,1992
Anthony Perkins,M,1932,1992,60,1,0,S,Friendly Persuasion,1956,1956
Michelle Pfeiffer,F,1958,~,62,3,0,2L:1S,"Fabulous Baker Boys, The (1989)",1988,1992
Walter Pidgeon,M,1897,1984,87,2,0,L,Mrs. Miniver,1942,1943
Christopher Plummer,M,1929,~,90,3,1,S,Beginners (2011),2009,2017
Pete Postlethwaite,M,1946,2011,64,1,0,S,In the Name of the Father,1993,1993
Florence Pugh,F,1996,~,24,1,0,S,Little Women,2019,2019
Anthony Quinn,M,1915,2001,86,4,2,2L0:2S2,Viva Zapata! [w 28],1952,1964
Charlotte Rampling,F,1946,~,74,1,0,L,45 Years,2015,2015
Robert Redford,M,1936,~,84,1,0,L,"Sting, The",1973,1973
Joyce Redman,F,1915,2012,96,2,0,S,Tom Jones,1963,1965
Lee Remick,F,1935,1991,55,1,0,L,Days of Wine and Roses,1962,1962
Debbie Reynolds,F,1932,2016,84,1,0,L,"Unsinkable Molly Brown, The",1964,1964
Thelma Ritter,F,1902,1969,66,6,0,S,All About Eve,1950,1962
Tim Robbins,M,1958,~,62,1,1,S,Mystic River,2003,2003
Cliff Robertson,M,1923,2011,88,1,1,L,Charly,1968,1968
Ginger Rogers,F,1911,1995,83,1,1,L,Kitty Foyle,1940,1940
Diana Ross,F,1944,~,76,1,0,L,Lady Sings the Blues,1972,1972
Gena Rowlands,F,1930,~,90,2,0,L,"Woman Under the Influence, A",1974,1980
Harold Russell,M,1914,2002,88,1,1,S,"Best Years of Our Lives, The",1946,1946
Robert Ryan,M,1909,1973,63,1,0,S,Crossfire,1947,1947
George Sanders,M,1906,1972,65,1,1,S,All About Eve,1950,1950
Telly Savalas,M,1922,1994,72,1,0,S,Birdman of Alcatraz,1962,1962
Joseph Schildkraut,M,1896,1964,67,1,1,S,"Life of Emile Zola, The",1937,1937
Kristin Scott Thomas,F,1960,~,60,1,0,L,"English Patient, The",1996,1996
Michael Shannon,M,1974,~,46,2,0,S,Revolutionary Road,2008,2016
Sam Shepard,M,1943,2017,73,1,0,S,"Right Stuff, The",1983,1983
Gabourey Sidibe,F,1983,~,37,1,0,L,Precious,2009,2009
Jean Simmons,F,1929,2010,80,2,0,1L:1S,"Happy Ending, The",1948,1969
Maggie Smith,F,1934,~,85,6,2,2L1:4S1,"Prime of Miss Jean Brodie, The (1969) [w 31]",1965,2001
Mira Sorvino,F,1967,~,53,1,1,S,Mighty Aphrodite,1995,1995
Octavia Spencer,F,1972,~,48,3,1,S,"Help, The",2011,2017
Terence Stamp,M,1938,~,82,1,0,S,Billy Budd,1962,1962
Imelda Staunton,F,1956,~,64,1,0,L,Vera Drake,2004,2004
James Stephenson,M,1889,1941,52,1,0,S,"Letter, The",1940,1940
Emma Stone,F,1988,~,32,3,1,1L1:2S0,La La Land (2016),2014,2018
Lee Strasberg,M,1901,1982,80,1,0,S,"Godfather Part II, The",1974,1974
Barbra Streisand,F,1942,~,78,2,1,L,Funny Girl,1968,1973
Janet Suzman,F,1939,~,81,1,0,L,Nicholas and Alexandra,1971,1971
Russ Tamblyn,M,1934,~,85,1,0,S,Peyton Place,1957,1957
Charlize Theron,F,1975,~,45,3,1,L,Monster,2003,2019
Lawrence Tibbett,M,1896,1960,63,1,0,L,"Rogue Song, The",1930,1930
Richard Todd,M,1919,2009,90,1,0,L,"Hasty Heart, The",1949,1949
Topol,M,1935,~,85,1,0,L,Fiddler on the Roof,1971,1971
Henry Travers,M,1874,1965,91,1,0,S,Mrs. Miniver,1942,1942
Stanley Tucci,M,1960,~,59,1,0,S,"Lovely Bones, The",2009,2009
Susan Tyrrell,F,1945,2012,67,1,0,S,Fat City,1972,1972
Mary Ure,F,1933,1975,42,1,0,S,Sons and Lovers,1960,1960
Diane Varsi,F,1938,1992,54,1,0,S,Peyton Place,1957,1957
Max von Sydow,M,1929,2020,90,2,0,1L:1S,Pelle the Conqueror,1988,2011
Julie Walters,F,1950,~,70,2,0,1L:1S,Educating Rita,1983,2000
Lesley Ann Warren,F,1946,~,74,1,0,S,Victor/Victoria,1982,1982
Sam Waterston,M,1940,~,79,1,0,L,"Killing Fields, The",1984,1984
John Wayne,M,1907,1979,72,2,1,L,True Grit,1949,1969
Rachel Weisz,F,1970 *,~,50,2,1,S,"Constant Gardener, The",2005,2018
Forest Whitaker,M,1961,~,59,1,1,L,"Last King of Scotland, The",2006,2006
Richard Widmark,M,1914,2008,93,1,0,S,Kiss of Death,1947,1947
Gene Wilder,M,1933,2016,83,1,0,S,"Producers, The",1968,1968
Robin Williams,M,1951,2014,63,4,1,3L0:1S1,Good Will Hunting,1987,1997
Debra Winger,F,1955,~,65,3,0,L,"Officer and a Gentleman, An",1982,1993
Reese Witherspoon,F,1976,~,44,2,1,L,Walk the Line,2005,2014
James Woods,M,1947,~,73,2,0,1L:1S,Salvador,1986,1996
Margaret Wycherly,F,1881,1956,74,1,0,S,Sergeant York,1941,1941
Susannah York,F,1939,2011,72,1,0,S,"They Shoot Horses, Don't They?",1969,1969
Roland Young,M,1887,1953,65,1,0,S,Topper,1937,1937
