F. Murray Abraham,M,1939,~,81,1,1,L,Amadeus,1984,1984
Casey Affleck,M,1975,~,45,2,1,1L1:1S0,Manchester by the Sea,2007,2016
Anouk Aimée,F,1932,~,88,1,0,L,"Man and a Woman, A",1966,1966
Norma Aleandro,F,1936,~,84,1,0,S,Gaby: A True Story,1987,1987
Woody Allen,M,1935,~,84,1,0,L,Annie Hall,1977,1977
Julie Andrews,F,1935,~,85,3,1,L,Mary Poppins,1964,1982
Eve Arden,F,1908,1990,82,1,0,S,Mildred Pierce,1945,1945
Jean Arthur,F,1900,1991,90,1,0,L,"More the Merrier, The",1943,1943
Mischa Auer,M,1905,1967,61,1,0,S,My Man Godfrey,1936,1936
Lauren Bacall,F,1924,2014,89,1,0,S,"Mirror Has Two Faces, The",1996,1996
Carroll Baker,F,1931,~,89,1,0,L,Baby Doll,1956,1956
Anne Bancroft,F,1931,2005,73,5,1,L,"Miracle Worker, The",1962,1985
Javier Bardem,M,1969,~,51,3,1,2L0:1S1,No Country for Old Men (2007),2000,2010
Ethel Barrymore,F,1879,1959,79,4,1,S,None but the Lonely Heart,1944,1949
Kim Basinger,F,1953,~,66,1,1,S,L.A. Confidential,1997,1997
Kathy Bates,F,1948,~,72,4,1,1L1:3S0,Misery,1990,2019
Warren Beatty,M,1937,~,83,4,0,L,Bonnie and Clyde,1967,1991
Barbara Bel Geddes,F,1922,2005,82,1,0,S,I Remember Mama,1948,1948
Annette Bening,F,1958,~,62,4,0,3L:1S,American Beauty (1999),1990,2010
Elisabeth Bergner,F,1897,1986,88,1,0,L,Escape Me Never,1935,1935
Charles Bickford,M,1891,1967,76,3,0,S,"Song of Bernadette, The",1943,1948
Betsy Blair,F,1923,2009,85,1,0,S,Marty,1955,1955
Brenda Blethyn,F,1946,~,74,2,0,1L:1S,Secrets & Lies,1996,1998
Humphrey Bogart,M,1899,1957,57,3,1,L,"African Queen, The (1951)",1943,1954
Ernest Borgnine,M,1917,2012,95,1,1,L,Marty,1955,1955
Kenneth Branagh,M,1960,~,59,2,0,1L:1S,Henry V,1989,2011
Walter Brennan,M,1894,1974,80,4,3,S,Come and Get It [w 5],1936,1941
Adrien Brody,M,1973,~,47,1,1,L,"Pianist, The",2002,2002
Yul Brynner,M,1920,1985,65,1,1,L,"King and I, The",1956,1956
Billie Burke,F,1884,1970,85,1,0,S,Merrily We Live,1938,1938
Richard Burton,M,1925,1984,58,7,0,6L:1S,"Robe, The (1953)",1952,1977
James Caan,M,1940,~,80,1,0,S,"Godfather, The",1972,1972
Michael Caine,M,1933,~,87,6,2,4L0:2S2,Hannah and Her Sisters (1986) [w 6],1966,2002
Harry Carey,M,1878,1947,69,1,0,S,Mr. Smith Goes to Washington,1939,1939
Diahann Carroll,F,1935,2019,84,1,0,L,Claudine,1974,1974
Seymour Cassel,M,1935,2019,84,1,0,S,Faces,1968,1968
Timothée Chalamet,M,1995,~,24,1,0,L,Call Me by Your Name,2017,2017
Charlie Chaplin,M,1889,1977,88,1,0,L,"Great Dictator, The",1940,1940
Michael Chekhov,M,1891,1955,64,1,0,S,Spellbound,1945,1945
Thomas Haden Church,M,1960,~,60,1,0,S,Sideways,2004,2004
Jill Clayburgh,F,1944,2010,66,2,0,L,"Unmarried Woman, An",1978,1979
Lee J. Cobb,M,1911,1976,64,2,0,S,On the Waterfront,1954,1958
Claudette Colbert,F,1903,1996,92,3,1,L,It Happened One Night,1934,1944
Olivia Colman,F,1974,~,46,1,1,L,"Favourite, The",2018,2018
Sean Connery,M,1930,2020,90,1,1,S,"Untouchables, The",1987,1987
Gary Cooper,M,1901,1961,60,5,2,L,Sergeant York (1941) [w 7],1936,1952
Valentina Cortese,F,1923,2019,96,1,0,S,Day for Night,1974,1974
Jeanne Crain,F,1925,2003,78,1,0,L,Pinky,1949,1949
Donald Crisp,M,1882,1974,91,1,1,S,How Green Was My Valley,1941,1941
Rupert Crosse,M,1927,1973,45,1,0,S,"Reivers, The",1969,1969
Penélope Cruz,F,1974,~,46,3,1,1L0:2S1,Vicky Cristina Barcelona (2008),2006,2009
Joan Cusack,F,1962,~,57,2,0,S,Working Girl,1988,1997
Matt Damon,M,1970,~,50,3,0,2L:1S,Good Will Hunting,1997,2015
Jaye Davidson,M,1968,~,52,1,0,S,"Crying Game, The",1992,1992
Viola Davis,F,1965,~,55,3,1,1L0:2S1,Fences,2008,2016
Olivia de Havilland,F,1916,2020,104,5,2,4L2:1S0,To Each His Own (1946) [w 10],1939,1949
James Dean,M,1931,1955,24,2,0,L,East of Eden,1955,1956
Judi Dench,F,1934,~,85,7,1,5L0:2S1,Shakespeare in Love (1998),1997,2013
Johnny Depp,M,1963,~,57,3,0,L,Pirates of the Caribbean,2003,2007
Leonardo DiCaprio,M,1974,~,45,6,1,5L1:1S0,"Revenant, The (2015)",1993,2019
Richard Dix,M,1893,1949,56,1,0,L,Cimarron,1931,1931
Melvyn Douglas,M,1901,1981,80,3,2,1L0:2S2,Hud [w 12],1963,1979
Louise Dresser,F,1878,1965,85,1,0,L,"Ship Comes In, A",1928,1928
Minnie Driver,F,1970,~,50,1,0,S,Good Will Hunting,1997,1997
Faye Dunaway,F,1941,~,79,3,1,L,Network,1967,1976
Irene Dunne,F,1898,1990,91,5,0,L,Cimarron,1931,1948
Jeanne Eagels,F,1890,1929,39,1,0,L,"Letter, The",1929,1929
Chiwetel Ejiofor,M,1977,~,43,1,0,L,12 Years a Slave,2013,2013
Cynthia Erivo,F,1987,~,33,1,0,L,Harriet,2019,2019
Vera Farmiga,F,1973,~,47,1,0,S,Up in the Air,2009,2009
Sally Field,F,1946,~,74,3,2,2L2:1S0,Norma Rae [w 13],1979,2012
Albert Finney,M,1936,2019,82,5,0,4L:1S,Tom Jones,1963,2000
Barry Fitzgerald,M,1888,1961,72,2,1,1L0:1S1,Going My Way [n 3],1944,1944
Henry Fonda,M,1905,1982,77,2,1,L,On Golden Pond,1940,1981
Lynn Fontanne,F,1887,1983,95,1,0,L,"Guardsman, The",1931,1931
Jodie Foster,F,1962,~,57,4,2,3L2:1S0,"Accused, The (1988) [w 15]",1976,1994
Morgan Freeman,M,1937,~,83,5,1,3L0:2S1,Million Dollar Baby (2004),1987,2009
Lady Gaga,F,1986,~,34,1,0,L,"Star Is Born, A",2018,2018
Ava Gardner,F,1922,1990,67,1,0,L,Mogambo,1953,1953
Judy Garland,F,1922,1969,47,2,0,1L:1S,"Star Is Born, A",1954,1961
Janet Gaynor,F,1906,1984,77,2,1,L,7th Heaven,1927,1937
Gladys George,F,1904,1954,50,1,0,L,Valiant Is the Word for Carrie,1936,1936
Jack Gilford,M,1907,1990,82,1,0,S,Save the Tiger,1973,1973
Paulette Goddard,F,1910,1990,79,1,0,S,So Proudly We Hail!,1943,1943
Dexter Gordon,M,1923,1990,67,1,0,L,Round Midnight,1986,1986
Elliott Gould,M,1938,~,82,1,0,S,Bob & Carol & Ted & Alice,1969,1969
Richard E. Grant,M,1957,~,63,1,0,S,Can You Ever Forgive Me?,2018,2018
Joel Grey,M,1932,~,88,1,1,S,Cabaret,1972,1972
Rachel Griffiths,F,1968,~,51,1,0,S,Hilary and Jackie,1998,1998
Maggie Gyllenhaal,F,1977,~,42,1,0,S,Crazy Heart,2009,2009
Jackie Earle Haley,M,1961,~,59,1,0,S,Little Children,2006,2006
Ann Harding,F,1902,1981,79,1,0,L,Holiday,1930,1930
Barbara Harris,F,1935,2018,83,1,0,S,Who Is Harry Kellerman...?,1971,1971
Richard Harris,M,1930,2002,72,2,0,L,This Sporting Life,1963,1990
Laurence Harvey,M,1928,1973,45,1,0,L,Room at the Top,1959,1959
Sally Hawkins,F,1976,~,44,2,0,1L:1S,"Shape of Water, The",2013,2017
Salma Hayek,F,1966,~,54,1,0,L,Frida,2002,2002
Lucas Hedges,M,1996,~,23,1,0,S,Manchester by the Sea,2016,2016
Taraji P. Henson,F,1970,~,50,1,0,S,"Curious Case of Benjamin Button, The",2008,2008
Charlton Heston,M,1923,2008,84,1,1,L,Ben-Hur,1959,1959
Judd Hirsch,M,1935,~,85,1,0,S,Ordinary People,1980,1980
William Holden,M,1918,1981,63,3,1,L,Stalag 17 (1953),1950,1976
Ian Holm,M,1931,2020,88,1,0,S,Chariots of Fire,1981,1981
Dennis Hopper,M,1936,2010,74,1,0,S,Hoosiers,1986,1986
Leslie Howard,M,1893,1943,50,2,0,L,Berkeley Square,1933,1938
Kate Hudson,F,1979,~,41,1,0,S,Almost Famous,2000,2000
Josephine Hull,F,1877,1957,80,1,1,S,Harvey,1950,1950
Holly Hunter,F,1958,~,62,4,1,2L1:2S0,"Piano, The (1993) [n 5]",1987,2003
William Hurt,M,1950,~,70,4,1,3L1:1S0,Kiss of the Spider Woman,1985,2005
Walter Huston,M,1883,1950,67,4,1,2L0:2S1,"Treasure of the Sierra Madre, The",1936,1948
Jeremy Irons,M,1948,~,72,1,1,L,Reversal of Fortune,1990,1990
Glenda Jackson,F,1936,~,84,4,2,L,Women in Love [w 21],1970,1975
Dean Jagger,M,1903,1991,87,1,1,S,Twelve O'Clock High,1949,1949
Richard Jenkins,M,1947,~,73,2,0,1L:1S,"Visitor, The",2008,2017
Celia Johnson,F,1908,1982,73,1,0,L,Brief Encounter,1946,1946
James Earl Jones,M,1931,~,89,1,0,L,"Great White Hope, The",1970,1970
Katy Jurado,F,1924,2002,78,1,0,S,Broken Lance,1954,1954
Carol Kane,F,1952,~,68,1,0,L,Hester Street,1975,1975
Catherine Keener,F,1959,~,61,2,0,S, Being John Malkovich,1999,2005
Gene Kelly,M,1912,1996,83,1,0,L,Anchors Aweigh,1945,1945
Arthur Kennedy,M,1914,1990,75,5,0,1L:4S,Bright Victory (1951),1949,1958
Rinko Kikuchi,F,1981,~,39,1,0,S,Babel,2006,2006
Sally Kirkland,F,1941,~,79,1,0,L,Anna,1987,1987
Alexander Knox,M,1907,1995,88,1,0,L,Wilson,1944,1944
Diane Ladd,F,1935,~,84,3,0,S,Alice Doesn't Live Here Anymore,1974,1991
Elsa Lanchester,F,1902,1986,84,2,0,S,Come to the Stable,1949,1957
Jessica Lange,F,1949,~,71,6,2,5L1:1S1,Blue Sky [n 7],1982,1994
Queen Latifah,F,1970,~,50,1,0,S,Chicago,2002,2002
Jennifer Lawrence,F,1990,~,30,4,1,3L1:1S0,Silver Linings Playbook (2012),2010,2015
Peggy Lee,F,1920,2002,81,1,0,S,Pete Kelly's Blues,1955,1955
Vivien Leigh,F,1913,1967,53,2,2,L,Gone with the Wind [w 22],1939,1951
Melissa Leo,F,1960,~,60,2,1,1L0:1S1,"Fighter, The",2008,2010
Laura Linney,F,1964,~,56,3,0,2L:1S,You Can Count On Me,2000,2007
Robert Loggia,M,1930,2015,85,1,0,S,Jagged Edge,1985,1985
Bessie Love,F,1898,1986,87,1,0,L,"Broadway Melody, The",1929,1929
Shirley MacLaine,F,1934,~,86,5,1,L,Terms of Endearment,1958,1983
Virginia Madsen,F,1961,~,59,1,0,S,Sideways,2004,2004
Karl Malden,M,1912,2009,97,2,1,S,"Streetcar Named Desire, A",1951,1954
Joe Mantell,M,1915,2010,94,1,0,S,Marty,1955,1955
Colette Marchand,F,1925,2015,90,1,0,S,Moulin Rouge,1952,1952
Marsha Mason,F,1942,~,78,4,0,L,Cinderella Liberty,1973,1981
Marcello Mastroianni,M,1924,1996,72,3,0,L,Divorce Italian Style,1962,1987
Mercedes McCambridge,F,1916,2004,87,2,1,S,All the King's Men,1949,1956
Patty McCormack,F,1945,~,75,1,0,S,"Bad Seed, The",1956,1956
Elizabeth McGovern,F,1961,~,59,1,0,S,Ragtime,1981,1981
Maggie McNamara,F,1928,1978,49,1,0,L,"Moon Is Blue, The",1953,1953
Adolphe Menjou,M,1890,1963,73,1,0,L,"Front Page, The",1931,1931
Una Merkel,F,1903,1986,82,1,0,S,Summer and Smoke,1961,1961
Sylvia Miles,F,1924,2019,94,2,0,S,Midnight Cowboy,1969,1975
John Mills,M,1908,2005,97,1,1,S,Ryan's Daughter,1970,1970
Thomas Mitchell,M,1892,1962,70,2,1,S,Stagecoach,1937,1939
Robert Montgomery,M,1904,1981,77,2,0,L,Night Must Fall,1937,1941
Juanita Moore,F,1914,2014,99,1,0,S,Imitation of Life,1959,1959
Agnes Moorehead,F,1900,1974,73,4,0,S,"Magnificent Ambersons, The",1942,1964
Pat Morita,M,1932,2005,73,1,0,S,"Karate Kid, The",1984,1984
Samantha Morton,F,1977,~,43,2,0,1L:1S,In America,1999,2003
Eddie Murphy,M,1961,~,59,1,0,S,Dreamgirls,2006,2006
Mildred Natwick,F,1905,1994,89,1,0,S,Barefoot in the Park,1967,1967
Kate Nelligan,F,1950,~,70,1,0,S,"Prince of Tides, The",1991,1991
David Niven,M,1910,1983,73,1,1,L,Separate Tables,1958,1958
Edmond O'Brien,M,1915,1985,69,2,1,S,"Barefoot Contessa, The",1954,1964
Ryan O'Neal,M,1941,~,79,1,0,L,Love Story,1970,1970
Jack Oakie,M,1903,1978,74,1,0,S,"Great Dictator, The",1940,1940
Lena Olin,F,1955,~,65,1,0,S,"Enemies, A Love Story",1989,1989
Nancy Olson,F,1928,~,92,1,0,S,Sunset Boulevard,1950,1950
Al Pacino,M,1940,~,80,9,1,5L1:4S0,Scent of a Woman (1992) [n 9],1972,2019
Chazz Palminteri,M,1952,~,68,1,0,S,Bullets over Broadway,1994,1994
Larry Parks,M,1914,1975,60,1,0,L,"Jolson Story, The",1946,1946
Katina Paxinou,F,1900,1973,72,1,1,S,For Whom the Bell Tolls,1943,1943
Rosie Perez,F,1964,~,56,1,0,S,Fearless,1993,1993
Susan Peters,F,1921,1952,31,1,0,S,Random Harvest,1942,1942
Mary Pickford,F,1892,1979,87,1,1,L,Coquette,1929,1929
Joan Plowright,F,1929,~,91,1,0,S,Enchanted April,1992,1992
Natalie Portman,F,1981,~,39,3,1,2L1:1S0,Black Swan (2010),2004,2016
Jonathan Pryce,M,1947,~,73,1,0,L,"Two Popes, The",2019,2019
Kathleen Quinlan,F,1954,~,65,1,0,S,Apollo 13,1995,1995
Marjorie Rambeau,F,1889,1970,80,2,0,S,Primrose Path,1940,1953
Stephen Rea,M,1946,~,74,1,0,L,"Crying Game, The",1992,1992
Vanessa Redgrave,F,1937,~,83,6,1,4L0:2S1,Julia (1977),1966,1992
John C. Reilly,M,1965,~,55,1,0,S,Chicago,2002,2002
Burt Reynolds,M,1936,2018,82,1,0,S,Boogie Nights,1997,1997
Ralph Richardson,M,1902,1983,80,2,0,S,"Heiress, The",1949,1984
Margot Robbie,F,1990,~,30,2,0,1L:1S,"I, Tonya",2017,2019
Rachel Roberts,F,1927,1980,53,1,0,L,This Sporting Life,1963,1963
Sam Rockwell,M,1968,~,52,2,1,S,"Three Billboards Outside Ebbing, Missouri",2017,2018
Mickey Rooney,M,1920,2014,93,4,0,2L:2S,Babes in Arms,1939,1979
Mickey Rourke,M,1952,~,68,1,0,L,"Wrestler, The",2008,2008
Geoffrey Rush,M,1951,~,69,4,1,2L1:2S0,Shine,1996,2010
Amy Ryan,F,1969,~,50,1,0,S,Gone Baby Gone,2007,2007
Eva Marie Saint,F,1924,~,96,1,1,S,On the Waterfront,1954,1954
Susan Sarandon,F,1946,~,74,5,1,L,Dead Man Walking,1981,1995
Maximilian Schell,M,1930,2014,83,3,1,2L1:1S0,Judgment at Nuremberg,1961,1977
Martha Scott,F,1912,2003,90,1,0,L,Our Town,1940,1940
Chloë Sevigny,F,1974,~,45,1,0,S,Boys Don't Cry,1999,1999
Norma Shearer,F,1902,1983,80,5,1,L,"Divorcee, The",1930,1938
Elisabeth Shue,F,1963,~,57,1,0,L,Leaving Las Vegas,1995,1995
J. K. Simmons,M,1955,~,65,1,1,S,Whiplash,2014,2014
Lilia Skala,F,1896,1994,98,1,0,S,Lilies of the Field,1963,1963
Gale Sondergaard,F,1899,1985,86,2,1,S,Anthony Adverse,1936,1946
Kevin Spacey,M,1959,~,61,2,2,1L1:1S1,American Beauty [w 32],1995,1999
Sylvester Stallone,M,1946,~,74,2,0,1L:1S,Rocky,1976,2015
Maureen Stapleton,F,1925,2006,80,4,1,S,Reds,1958,1981
Hailee Steinfeld,F,1996,~,23,1,0,S,True Grit,2010,2010
Dean Stockwell,M,1936,~,84,1,0,S,Married to the Mob,1988,1988
Beatrice Straight,F,1914,2001,86,1,1,S,Network,1976,1976
Meryl Streep,F,1949,~,71,21,3,17L2:4S1,Sophie's Choice (1982) [w 33],1978,2017
Margaret Sullavan,F,1909,1960,50,1,0,L,Three Comrades,1938,1938
Tilda Swinton,F,1960,~,60,1,1,S,Michael Clayton,2007,2007
Elizabeth Taylor,F,1932,2011,79,5,2,L,BUtterfield 8 (1960) [w 35],1957,1966
Uma Thurman,F,1970,~,50,1,0,S,Pulp Fiction,1994,1994
Meg Tilly,F,1960,~,60,1,0,S,Agnes of God,1985,1985
Franchot Tone,M,1905,1968,63,1,0,L,Mutiny on the Bounty,1935,1935
Spencer Tracy,M,1900,1967,67,9,2,L,Captains Courageous (1937) [w 36],1936,1967
Massimo Troisi,M,1953,1994,41,1,0,L,"Postman, The",1995,1995
Lana Turner,F,1921,1995,74,1,0,L,Peyton Place,1957,1957
Miyoshi Umeki,F,1929,2007,78,1,1,S,Sayonara,1957,1957
Jo Van Fleet,F,1915,1996,80,1,1,S,East of Eden,1955,1955
Jon Voight,M,1938,~,81,4,1,3L1:1S0,Coming Home (1978),1969,2001
Quvenzhané Wallis,F,2003,~,17,1,0,L,Beasts of the Southern Wild,2012,2012
H. B. Warner,M,1875,1958,83,1,0,S,Lost Horizon,1937,1937
Ethel Waters,F,1896,1977,80,1,0,S,Pinky,1949,1949
Naomi Watts,F,1968,~,52,2,0,L,21 Grams,2003,2012
Clifton Webb,M,1889,1966,76,3,0,1L:2S,Sitting Pretty,1944,1948
Oskar Werner,M,1922,1984,61,1,0,L,Ship of Fools,1965,1965
May Whitty,F,1865,1948,82,2,0,S,Night Must Fall,1937,1942
Cornel Wilde,M,1912,1989,77,1,0,L,"Song to Remember, A",1945,1945
Michelle Williams,F,1980,~,40,4,0,2L:2S,Blue Valentine (2010),2005,2016
Oprah Winfrey,F,1954,~,66,1,0,S,"Color Purple, The",1985,1985
Shelley Winters,F,1920,2006,85,4,2,1L0:3S2,"Diary of Anne Frank, The (1959) [w 41]",1951,1972
Alfre Woodard,F,1952,~,68,1,0,S,Cross Creek,1983,1983
Teresa Wright,F,1918,2005,86,3,1,1L0:2S1,Mrs. Miniver [n 12],1941,1942
Diana Wynyard,F,1906,1964,58,1,0,L,Cavalcade,1933,1933
Loretta Young,F,1913,2000,87,2,1,L,"Farmer's Daughter, The",1947,1949
