Nick Adams,M,1931,1968,36,1,0,S,Twilight of Honor,1963,1963
Brian Aherne,M,1902,1986,83,1,0,S,Juarez,1939,1939
Jack Albertson,M,1907,1981,74,1,1,S,"Subject Was Roses, The",1968,1968
Mahershala Ali,M,1974,~,46,2,2,S,Moonlight [w 1],2016,2018
Don Ameche,M,1908,1993,85,1,1,S,Cocoon,1985,1985
Yalitza Aparicio,F,1993,~,26,1,0,L,Roma,2018,2018
George Arliss,M,1868,1946,77,1,1,L,Disraeli,1929,1929
Fred Astaire,M,1899,1987,88,1,0,S,"Towering Inferno, The",1974,1974
Dan Aykroyd,M,1952,~,68,1,0,S,Driving Miss Daisy,1989,1989
Mary Badham,F,1952,~,68,1,0,S,To Kill a Mockingbird,1962,1962
Christian Bale,M,1974,~,46,4,1,2L0:2S1,"Fighter, The",2010,2018
Antonio Banderas,M,1960,~,60,1,0,L,Pain and Glory,2019,2019
Adriana Barraza,F,1956,~,64,1,0,S,Babel,2006,2006
Richard Barthelmess,M,1895,1963,68,1,0,L,"Patent Leather Kid, The",1927,1927
Angela Bassett,F,1958,~,62,1,0,L,What's Love Got to Do with It,1993,1993
Warner Baxter,M,1889,1951,62,1,1,L,In Old Arizona,1928,1928
Ed Begley,M,1901,1970,69,1,1,S,Sweet Bird of Youth,1962,1962
William Bendix,M,1906,1964,58,1,0,S,Wake Island,1942,1942
Candice Bergen,F,1946,~,74,1,0,S,Starting Over,1979,1979
Halle Berry,F,1966,~,54,1,1,L,Monster's Ball,2001,2001
Juliette Binoche,F,1964,~,56,2,1,1L0:1S1,"English Patient, The",1996,2000
Ronee Blakley,F,1945,~,75,1,0,S,Nashville,1975,1975
Joan Blondell,F,1906,1979,73,1,0,S,"Blue Veil, The",1951,1951
Helena Bonham Carter,F,1966,~,54,2,0,1L:1S,"Wings of the Dove, The",1997,2010
Lorraine Bracco,F,1954,~,66,1,0,S,Goodfellas,1990,1990
Marlon Brando §,M,1924,2004,80,8,2 [a 1],7L2:1S0,On the Waterfront (1954) [w 4],1951,1989
Jeff Bridges,M,1949,~,70,7,1,3L1:4S0,Crazy Heart (2009),1971,2016
Albert Brooks,M,1947,~,73,1,0,S,Broadcast News,1987,1987
Sandra Bullock,F,1964,~,56,2,1,L,"Blind Side, The",2009,2013
George Burns,M,1896,1996,100,1,1,S,"Sunshine Boys, The",1975,1975
Red Buttons,M,1919,2006,87,1,1,S,Sayonara,1957,1957
Nicolas Cage,M,1964,~,56,2,1,L,Leaving Las Vegas,1995,2002
Dyan Cannon,F,1937,~,83,2,0,S,Bob & Carol & Ted & Alice,1969,1978
Art Carney,M,1918,2003,85,1,1,L,Harry and Tonto,1974,1974
Peggy Cass,F,1924,1999,74,1,0,S,Auntie Mame,1958,1958
Keisha Castle-Hughes,F,1990,~,30,1,0,L,Whale Rider,2003,2003
Carol Channing,F,1921,2019,97,1,0,S,Thoroughly Modern Millie,1967,1967
Ruth Chatterton,F,1892,1961,68,2,0,L,Madame X,1929,1930
Maurice Chevalier,M,1888,1972,83,1,0,L,"Love Parade, The",1929,1929
Candy Clark,F,1947,~,73,1,0,S,American Graffiti,1973,1973
George Clooney,M,1961,~,59,4,1,3L0:1S1,Syriana,2005,2011
James Coburn,M,1928,2002,74,1,1,S,Affliction,1998,1998
Patricia Collinge,F,1892,1974,81,1,0,S,"Little Foxes, The",1941,1941
Betty Compson,F,1897,1974,77,1,0,L,"Barker, The",1928,1928
Bradley Cooper,M,1975,~,45,4,0,3L:1S,Silver Linings Playbook,2012,2018
Jackie Cooper,M,1922,2011,88,1,0,L,Skippy,1931,1931
Marion Cotillard,F,1975,~,45,2,1,L,La Vie en Rose,2007,2014
Broderick Crawford,M,1911,1986,74,1,1,L,All the King's Men,1949,1949
Hume Cronyn,M,1911,2003,91,1,0,S,"Seventh Cross, The",1944,1944
Russell Crowe,M,1964,~,56,3,1,L,Gladiator (2000),1999,2001
Quinn Cummings,F,1967,~,53,1,0,S,"Goodbye Girl, The",1977,1977
Dan Dailey,M,1915,1978,62,1,0,L,When My Baby Smiles at Me,1948,1948
Bobby Darin,M,1936,1973,37,1,0,S,"Captain Newman, M.D.",1963,1963
Geena Davis,F,1956,~,64,2,1,1L0:1S1,"Accidental Tourist, The",1988,1991
Doris Day,F,1922,2019,97,1,0,L,Pillow Talk,1959,1959
Vittorio De Sica,M,1901,1974,73,1,0,S,"Farewell to Arms, A",1957,1957
Benicio del Toro,M,1967,~,53,2,1,S,Traffic,2000,2003
Sandy Dennis,F,1937,1992,54,1,1,S,Who's Afraid of Virginia Woolf?,1966,1966
Laura Dern,F,1967,~,53,3,1,1L:2S1,Marriage Story,1991,2019
Matt Dillon,M,1964,~,56,1,0,S,Crash,2005,2005
Brian Donlevy,M,1901,1972,71,1,0,S,Beau Geste,1939,1939
Brad Dourif,M,1950,~,70,1,0,S,One Flew Over the Cuckoo's Nest,1975,1975
Richard Dreyfuss,M,1947,~,73,2,1,L,"Goodbye Girl, The",1977,1995
Olympia Dukakis,F,1931,~,89,1,1,S,Moonstruck,1987,1987
James Dunn,M,1901,1967,65,1,1,S,"Tree Grows in Brooklyn, A",1945,1945
Charles Durning,M,1923,2012,89,2,0,S,"Best Little Whorehouse in Texas, The",1982,1983
Samantha Eggar,F,1939,~,81,1,0,L,"Collector, The",1965,1965
Sam Elliott,M,1944,~,76,1,0,S,"Star Is Born, A",2018,2018
Edith Evans,F,1888,1976,88,3,0,1L:2S,"Whisperers, The",1963,1967
Michael Fassbender,M,1977,~,43,2,0,1L:1S,Steve Jobs,2013,2015
Peter Finch,M,1916,1977,60,2,1,L,Network,1971,1976
Peter Firth,M,1953,~,67,1,0,S,Equus,1977,1977
Louise Fletcher,F,1934,~,86,1,1,L,One Flew Over the Cuckoo's Nest,1975,1975
Peter Fonda,M,1940,2019,79,1,0,L,Ulee's Gold,1997,1997
Frederic Forrest,M,1936,~,83,1,0,S,"Rose, The",1979,1979
Anthony Franciosa,M,1928,2006,77,1,0,L,"Hatful of Rain, A",1957,1957
Brenda Fricker,F,1945,~,75,1,1,S,My Left Foot,1989,1989
Andy García,M,1956,~,64,1,0,S,"Godfather Part III, The",1990,1990
John Garfield,M,1913,1952,39,2,0,1L:1S,Body and Soul,1938,1947
Teri Garr,F,1944 *,~,75,1,0,S,Tootsie,1982,1982
Leo Genn,M,1905,1978,72,1,0,S,Quo Vadis,1951,1951
Giancarlo Giannini,M,1942,~,78,1,0,L,Seven Beauties,1976,1976
Jackie Gleason,M,1916,1987,71,1,0,S,"Hustler, The",1961,1961
Thomas Gomez,M,1905,1971,65,1,0,S,Ride the Pink Horse,1947,1947
Ryan Gosling,M,1980,~,39,2,0,L,Half Nelson,2006,2016
Cary Grant,M,1904,1986,82,2,0,L,Penny Serenade,1941,1944
Graham Greene,M,1952,~,68,1,0,S,Dances with Wolves,1990,1990
Hugh Griffith,M,1912,1980,67,2,1,S,Ben-Hur,1959,1963
Edmund Gwenn,M,1877,1959,81,2,1,S,Miracle on 34th Street,1947,1950
Gene Hackman,M,1930,~,90,5,2,2L1:3S1,"French Connection, The (1971) [w 16]",1967,1992
Tom Hanks,M,1956,~,64,6,2,5L2:1S0,Philadelphia (1993) [w 17],1988,2019
Tess Harper,F,1950,~,70,1,0,S,Crimes of the Heart,1986,1986
Julie Harris,F,1925,2013,87,1,0,L,"Member of the Wedding, The",1952,1952
Rex Harrison,M,1908,1990,82,2,1,L,My Fair Lady,1963,1964
Ethan Hawke,M,1970,~,50,2,0,S,Training Day,2001,2014
Nigel Hawthorne,M,1929,2001,72,1,0,L,"Madness of King George, The",1994,1994
Susan Hayward,F,1917,1975,57,5,1,L,I Want to Live!,1947,1958
Mariel Hemingway,F,1961,~,58,1,0,S,Manhattan,1979,1979
Katharine Hepburn,F,1907,2003,96,12,4,L,Morning Glory [w 19],1933,1981
Jonah Hill,M,1983,~,36,2,0,S,Moneyball,2011,2013
Philip Seymour Hoffman,M,1967,2014,46,4,1,1L1:3S0,Capote,2005,2012
Stanley Holloway,M,1890,1982,91,1,0,S,My Fair Lady,1964,1964
Anthony Hopkins,M,1937,~,82,5,1,3L1:2S0,"Silence of the Lambs, The",1991,2019
Djimon Hounsou,M,1964,~,56,2,0,S,In America,2003,2006
Trevor Howard,M,1913,1988,74,1,0,L,Sons and Lovers,1960,1960
Felicity Huffman,F,1962,~,57,1,0,L,Transamerica,2005,2005
Helen Hunt,F,1963,~,57,2,1,1L1:1S0,As Good as It Gets,1997,2012
Isabelle Huppert,F,1953,~,67,1,0,L,Elle,2016,2016
Anjelica Huston,F,1951,~,69,3,1,1L0:2S1,Prizzi's Honor,1985,1990
Martha Hyer,F,1924,2014,89,1,0,S,Some Came Running,1958,1958
Burl Ives,M,1909,1995,85,1,1,S,"Big Country, The",1958,1958
Richard Jaeckel,M,1926,1997,70,1,0,S,Sometimes a Great Notion,1971,1971
Emil Jannings,M,1884,1950,65,1,1,L,"Way of All Flesh, The",1927,1927
Glynis Johns,F,1923,~,97,1,0,S,"Sundowners, The",1960,1960
Carolyn Jones,F,1930,1983,53,1,0,S,"Bachelor Party, The",1957,1957
Shirley Jones,F,1934,~,86,1,1,S,Elmer Gantry,1960,1960
Daniel Kaluuya,M,1989,~,31,1,0,L,Get Out,2017,2017
Michael Keaton,M,1951,~,69,1,0,L,Birdman,2014,2014
Cecil Kellaway,M,1890,1973,82,2,0,S,"Luck of the Irish, The",1948,1967
Nancy Kelly,F,1921,1995,73,1,0,L,"Bad Seed, The",1956,1956
Deborah Kerr,F,1921,2007,86,6,0,L,"Edward, My Son",1949,1960
Ben Kingsley,M,1943,~,76,4,1,2L1:2S0,Gandhi,1982,2003
Shirley Knight,F,1936,2020,84,2,0,S,"Dark at the Top of the Stairs, The",1960,1962
Miliza Korjus,F,1909,1980,71,1,0,S,"Great Waltz, The",1938,1938
Christine Lahti,F,1950,~,70,1,0,S,Swing Shift,1984,1984
Diane Lane,F,1965,~,55,1,0,L,Unfaithful,2002,2002
Angela Lansbury,F,1925,~,95,3,0,S,Gaslight,1944,1962
Piper Laurie,F,1932,~,88,3,0,1L:2S,"Hustler, The",1961,1986
Cloris Leachman,F,1926,~,94,1,1,S,"Last Picture Show, The",1971,1971
Janet Leigh,F,1927,2004,77,1,0,S,Psycho,1960,1960
Jack Lemmon,M,1925,2001,76,8,2,7L1:1S1,Save the Tiger (1973) [w 23],1955,1982
Jared Leto,M,1971,~,48,1,1,S,Dallas Buyers Club,2013,2013
Sondra Locke,F,1944,2018,74,1,0,S,"Heart Is a Lonely Hunter, The",1968,1968
Sophia Loren,F,1934,~,86,2,1,L,Two Women,1961,1964
Alfred Lunt,M,1892,1977,84,1,0,L,"Guardsman, The",1931,1931
William H. Macy,M,1950,~,70,1,0,S,Fargo,1996,1996
Marjorie Main,F,1890,1975,85,1,0,S,"Egg and I, The",1947,1947
John Malkovich,M,1953,~,66,2,0,S,Places in the Heart,1984,1993
Rooney Mara,F,1985,~,35,2,0,1L:1S,"Girl with the Dragon Tattoo, The",2011,2015
Lee Marvin,M,1924,1987,63,1,1,L,Cat Ballou,1965,1965
Raymond Massey,M,1896,1983,86,1,0,L,Abe Lincoln in Illinois,1940,1940
Walter Matthau,M,1920,2000,79,3,1,2L0:1S1,"Fortune Cookie, The",1966,1975
Melissa McCarthy,F,1970,~,50,2,0,1L:1S,Can You Ever Forgive Me?,2011,2018
Mary McDonnell,F,1952,~,68,2,0,1L:1S,Passion Fish,1990,1992
Ian McKellen,M,1939,~,81,2,0,1L:1S,Gods and Monsters,1998,2001
Janet McTeer,F,1961,~,59,2,0,1L:1S,Tumbleweeds,1999,2011
Melina Mercouri,F,1920,1994,73,1,0,L,Never on Sunday,1960,1960
Bette Midler,F,1945,~,74,2,0,L,"Rose, The",1979,1991
Ray Milland,M,1907,1986,79,1,1,L,"Lost Weekend, The",1945,1945
Liza Minnelli,F,1946,~,74,2,1,L,Cabaret,1969,1972
Mo'Nique,F,1967,~,52,1,1,S,Precious,2009,2009
Dudley Moore,M,1935,2002,66,1,0,L,Arthur,1981,1981
Mary Tyler Moore,F,1936,2017,80,1,0,L,Ordinary People,1980,1980
Frank Morgan,M,1890,1949,59,2,0,1L:1S,"Affairs of Cellini, The",1934,1942
Chester Morris,M,1901,1970,69,1,0,L,Alibi,1929,1929
Carey Mulligan,F,1985,~,35,1,0,L,"Education, An",2009,2009
Don Murray,M,1929,~,91,1,0,S,Bus Stop,1956,1956
Liam Neeson,M,1952,~,68,1,0,L,Schindler's List,1993,1993
Haing S. Ngor,M,1940,1996,55,1,1,S,"Killing Fields, The",1984,1984
Edward Norton,M,1969,~,51,3,0,1L:2S,American History X (1998),1996,2014
Dan O'Herlihy,M,1919,2005,85,1,0,L,Robinson Crusoe,1954,1954
Barbara O'Neil,F,1910,1980,70,1,0,S,"All This, and Heaven Too",1940,1940
Sophie Okonedo,F,1968,~,52,1,0,S,Hotel Rwanda,2004,2004
Laurence Olivier,M,1907,1989,82,10,1,9L1:1S0,Hamlet (1948),1939,1978
Maria Ouspenskaya,F,1876,1949,73,2,0,S,Dodsworth,1936,1939
Geraldine Page,F,1924,1987,62,8,1,4L1:4S0,"Trip to Bountiful, The",1953,1985
Anna Paquin,F,1982,~,38,1,1,S,"Piano, The",1993,1993
Dev Patel,M,1990,~,30,1,0,S,Lion,2016,2016
Gregory Peck,M,1916,2003,87,5,1,L,To Kill a Mockingbird,1945,1962
Valerie Perrine,F,1943,~,77,1,0,L,Lenny,1974,1974
Joaquin Phoenix,M,1974,~,46,4,1,3L1:1S,Joker,2000,2019
Rosamund Pike,F,1979,~,41,1,0,L,Gone Girl,2014,2014
Sidney Poitier,M,1927,~,93,2,1,L,Lilies of the Field,1958,1963
William Powell,M,1892,1984,91,3,0,L,"Thin Man, The",1934,1947
Randy Quaid,M,1950,~,70,1,0,S,"Last Detail, The",1973,1973
Luise Rainer,F,1910,2014,104,2,2,L,"Great Ziegfeld, The [w 29]",1936,1937
Anne Ramsey,F,1929,1988,59,1,0,S,Throw Momma from the Train,1987,1987
Lynn Redgrave,F,1943,2010,67,2,0,1L:1S,Georgy Girl,1966,1998
Eddie Redmayne,M,1982,~,38,2,1,L,"Theory of Everything, The",2014,2015
Jeremy Renner,M,1971,~,49,2,0,1L:1S,"Hurt Locker, The",2009,2010
Beah Richards,F,1920,2000,80,1,0,S,Guess Who's Coming to Dinner,1967,1967
Emmanuelle Riva,F,1927,2017,89,1,0,L,Amour,2012,2012
Eric Roberts,M,1956,~,64,1,0,S,Runaway Train,1985,1985
Flora Robson,F,1902,1984,82,1,0,S,Saratoga Trunk,1946,1946
Howard Rollins,M,1950,1996,46,1,0,S,Ragtime,1981,1981
Katharine Ross,F,1940 *,~,80,1,0,S,"Graduate, The",1967,1967
Mercedes Ruehl,F,1948,~,72,1,1,S,"Fisher King, The",1991,1991
Rosalind Russell,F,1907,1976,69,4,0,L,My Sister Eileen,1942,1958
Winona Ryder,F,1971,~,49,2,0,1L:1S, Little Women,1993,1994
Catalina Sandino Moreno,F,1981,~,39,1,0,L,Maria Full of Grace,2004,2004
Diana Scarwid,F,1955,~,65,1,0,S,Inside Moves,1980,1980
Paul Scofield,M,1922,2008,86,2,1,1L1:1S0,"Man for All Seasons, A",1966,1994
George Segal,M,1934,~,86,1,0,S,Who's Afraid of Virginia Woolf?,1966,1966
Omar Sharif,M,1932,2015,83,1,0,S,Lawrence of Arabia,1962,1962
Talia Shire,F,1946,~,74,2,0,1L:1S,Rocky,1974,1976
Sylvia Sidney,F,1910,1999,88,1,0,S,"Summer Wishes, Winter Dreams",1973,1973
Frank Sinatra,M,1915,1998,82,2,1,1L0:1S1,From Here to Eternity,1953,1955
Will Smith,M,1968,~,52,2,0,L,Ali,2001,2006
Ann Sothern,F,1909,2001,92,1,0,S,"Whales of August, The",1987,1987
June Squibb,F,1929,~,91,1,0,S,Nebraska,2013,2013
Kim Stanley,F,1925,2001,76,2,0,1L:1S,Séance on a Wet Afternoon,1964,1982
Mary Steenburgen,F,1953,~,67,1,1,S,Melvin and Howard,1980,1980
Jan Sterling,F,1921,2004,82,1,0,S,"High and the Mighty, The",1954,1954
Lewis Stone,M,1879,1953,73,1,0,L,"Patriot, The",1928,1928
David Strathairn,M,1949,~,71,1,0,L,"Good Night, and Good Luck",2005,2005
Erich von Stroheim,M,1885,1957,71,1,0,S,Sunset Boulevard,1950,1950
Hilary Swank,F,1974,~,46,2,2,L,Boys Don't Cry [w 34],1999,2004
Akim Tamiroff,M,1899,1972,72,2,0,S,"General Died at Dawn, The",1936,1943
Emma Thompson,F,1959,~,61,4,1,3L1:1S0,Howards End [n 10],1992,1995
Gene Tierney,F,1920,1991,70,1,0,L,Leave Her to Heaven,1945,1945
Marisa Tomei,F,1964,~,55,3,1,S,My Cousin Vinny,1992,2008
Rip Torn,M,1931,2019,88,1,0,S,Cross Creek,1983,1983
John Travolta,M,1954,~,66,2,0,L,Saturday Night Fever,1977,1994
Tom Tully,M,1908,1982,73,1,0,S,"Caine Mutiny, The",1954,1954
Cicely Tyson,F,1924,~,95,1,0,L,Sounder,1972,1972
Peter Ustinov,M,1921,2004,82,3,2,S,Spartacus (1960) [w 37],1951,1964
Robert Vaughn,M,1932,2016,83,1,0,S,"Young Philadelphians, The",1959,1959
Mark Wahlberg,M,1971,~,49,1,0,S,"Departed, The",2006,2006
Christoph Waltz,M,1956,~,64,2,2,S,Inglourious Basterds [w 38],2009,2012
Denzel Washington,M,1954,~,65,8,2,6L1:2S1,Training Day (2001) [w 39],1987,2017
Emily Watson,F,1967,~,53,2,0,L,Breaking the Waves,1996,1998
Jacki Weaver,F,1947,~,73,2,0,S,Animal Kingdom,2010,2012
Tuesday Weld,F,1943,~,77,1,0,S,Looking for Mr. Goodbar,1977,1977
Stuart Whitman,M,1928,2020,92,1,0,L,"Mark, The",1961,1961
Dianne Wiest,F,1948,~,72,3,2,S,Hannah and Her Sisters [w 40],1986,1994
Tom Wilkinson,M,1948,~,72,2,0,1L:1S,In the Bedroom,2001,2007
Chill Wills,M,1902,1978,76,1,0,S,"Alamo, The",1960,1960
Mare Winningham,F,1959,~,61,1,0,S, Georgia,1995,1995
Natalie Wood,F,1938,1981,43,3,0,2L:1S,Splendor in the Grass (1961),1955,1963
Joanne Woodward,F,1930,~,90,4,1,L,"Three Faces of Eve, The",1957,1990
Jane Wyman,F,1917,2007,90,4,1,L,Johnny Belinda (1948),1946,1954
Burt Young,M,1940,~,80,1,0,S,Rocky,1976,1976
Renée Zellweger,F,1969,~,51,4,2,3L1:1S1,Judy [w 42],2001,2019
