Barkhad Abdi,M,1985,~,35,1,0,S,Captain Phillips,2013,2013
Isabelle Adjani,F,1955,~,65,2,0,L,"Story of Adele H., The",1975,1989
Danny Aiello,M,1933,2019,86,1,0,S,Do the Right Thing,1989,1989
Alan Alda,M,1936,~,84,1,0,S,"Aviator, The",2004,2004
Joan Allen,F,1956,~,64,3,0,1L:2S,"Contender, The",1995,2000
Judith Anderson,F,1897,1992,94,1,0,S,Rebecca,1940,1940
Anne Archer,F,1947,~,73,1,0,S,Fatal Attraction,1987,1987
Patricia Arquette,F,1968,~,52,1,1,S,Boyhood,2014,2014
Mary Astor,F,1906,1987,81,1,1,S,"Great Lie, The",1941,1941
Lew Ayres,M,1908,1996,88,1,0,L,Johnny Belinda,1948,1948
Fay Bainter,F,1893,1968,74,3,1,1L0:2S1,Jezebel [n 1],1938,1961
Martin Balsam,M,1919,1996,76,1,1,S,"Thousand Clowns, A",1965,1965
Ian Bannen,M,1928,1999,71,1,0,S,"Flight of the Phoenix, The",1965,1965
Barbara Barrie,F,1931,~,89,1,0,S,Breaking Away,1979,1979
Mikhail Baryshnikov,M,1948,~,72,1,0,S,"Turning Point, The",1977,1977
Alan Bates,M,1934,2003,69,1,0,L,"Fixer, The",1968,1968
Ned Beatty,M,1937,~,83,1,0,S,Network,1976,1976
Bérénice Bejo,F,1976,~,44,1,0,S,"Artist, The",2011,2011
Roberto Benigni,M,1952,~,68,1,1,L,Life Is Beautiful,1998,1998
Ingrid Bergman,F,1915,1982,67,7,3,6L2:1S1,Gaslight (1944) [w 2],1943,1978
Demián Bichir,M,1963,~,57,1,0,L,"Better Life, A",2011,2011
Karen Black,F,1939,2013,74,1,0,S,Five Easy Pieces,1970,1970
Cate Blanchett,F,1969,~,51,7,2,4L1:3S1,Blue Jasmine (2013) [w 3][n 2],1998,2015
Ann Blyth,F,1928,~,92,1,0,S,Mildred Pierce,1945,1945
Shirley Booth,F,1898,1992,94,1,1,L,"Come Back, Little Sheba",1952,1952
Alice Brady,F,1892,1939,46,2,1,S,In Old Chicago,1936,1937
Eileen Brennan,F,1932,2013,80,1,0,S,Private Benjamin,1980,1980
Jim Broadbent,M,1949,~,71,1,1,S,Iris,2001,2001
Leslie Browne,F,1957,~,63,1,0,S,"Turning Point, The",1977,1977
Victor Buono,M,1938,1982,43,1,0,S,What Ever Happened to Baby Jane?,1962,1962
Ellen Burstyn,F,1932,~,87,6,1,5L1:1S0,Alice Doesn't Live Here Anymore (1974),1971,2000
Spring Byington,F,1886,1971,84,1,0,S,You Can't Take It with You,1938,1938
James Cagney,M,1899,1986,86,3,1,L,Yankee Doodle Dandy (1942),1938,1955
Steve Carell,M,1962,~,58,1,0,L,Foxcatcher,2014,2014
Leslie Caron,F,1931,~,89,2,0,L,Lili,1953,1963
John Cassavetes,M,1929,1989,59,1,0,S,"Dirty Dozen, The",1967,1967
George Chakiris,M,1934,~,86,1,1,S,West Side Story,1961,1961
Stockard Channing,F,1944,~,76,1,0,L,Six Degrees of Separation,1993,1993
Don Cheadle,M,1964,~,55,1,0,L,Hotel Rwanda,2004,2004
Julie Christie,F,1940,~,80,4,1,L,Darling,1965,2007
Patricia Clarkson,F,1959,~,60,1,0,S,Pieces of April,2003,2003
Glenn Close,F,1947,~,73,7,0,4L:3S,Fatal Attraction (1987),1982,2018
James Coco,M,1930,1987,56,1,0,S,Only When I Laugh,1981,1981
Pauline Collins,F,1940,~,80,1,0,L,Shirley Valentine,1989,1989
Jennifer Connelly,F,1970,~,49,1,1,S,"Beautiful Mind, A",2001,2001
Chris Cooper,M,1951,~,69,1,1,S,Adaptation,2002,2002
Ellen Corby,F,1911,1999,87,1,0,S,I Remember Mama,1948,1948
Tom Courtenay,M,1937,~,83,2,0,1L:1S,"Dresser, The",1965,1983
Joan Crawford,F,1904,1977,73,3,1,L,Mildred Pierce,1945,1952
Bing Crosby,M,1903,1977,74,3,1,L,Going My Way,1944,1954
Tom Cruise,M,1962,~,58,3,0,2L:1S,Born on the Fourth of July,1989,1999
Tony Curtis,M,1925,2010,85,1,0,L,"Defiant Ones, The",1958,1958
John Dall,M,1920,1971,50,1,0,S,"Corn Is Green, The",1945,1945
Jane Darwell,F,1879,1967,87,1,1,S,"Grapes of Wrath, The",1940,1940
Judy Davis,F,1955,~,65,2,0,1L:1S,"Passage to India, A",1984,1992
Daniel Day-Lewis,M,1957,~,63,6,3,L,My Left Foot [w 9],1989,2017
Marina de Tavira,F,1974,~,46,1,0,S,Roma,2018,2018
William Demarest,M,1892,1983,91,1,0,S,"Jolson Story, The",1946,1946
Gérard Depardieu,M,1948,~,71,1,0,L,Cyrano de Bergerac,1990,1990
Brandon deWilde,M,1942,1972,30,1,0,S,Shane,1953,1953
Melinda Dillon,F,1939,~,81,2,0,S,Close Encounters of the Third Kind,1977,1981
Kirk Douglas,M,1916,2020,103,3,0,L,Champion,1949,1956
Robert Downey Jr.,M,1965,~,55,2,0,1L0:1S0,Chaplin,1992,2008
Adam Driver,M,1983,~,36,2,0,1L:1S,Marriage Story,2018,2019
Patty Duke,F,1946,2016,69,1,1,S,"Miracle Worker, The",1962,1962
Michael Dunn,M,1934,1973,38,1,0,S,Ship of Fools,1965,1965
Robert Duvall,M,1931,~,89,7,1,3L1:4S0,Tender Mercies (1983),1972,2014
Jesse Eisenberg,M,1983,~,37,1,0,L,"Social Network, The",2010,2010
Hope Emerson,F,1897,1960,62,1,0,S,Caged,1950,1950
Peter Falk,M,1927,2011,83,2,0,S,"Murder, Inc.",1960,1961
José Ferrer,M,1912,1992,80,3,1,2L1:1S0,Cyrano de Bergerac (1950),1948,1952
Frank Finlay,M,1926,2016,89,1,0,S,Othello,1965,1965
Laurence Fishburne,M,1961,~,59,1,0,L,What's Love Got to Do with It,1993,1993
Nina Foch,F,1924,2008,84,1,0,S,Executive Suite,1954,1954
Joan Fontaine,F,1917,2013,96,3,1,L,Suspicion (1941),1940,1943
Robert Forster,M,1941,2019,78,1,0,S,Jackie Brown,1997,1997
James Franco,M,1978,~,42,1,0,L,127 Hours,2010,2010
Clark Gable,M,1901,1960,59,3,1,L,It Happened One Night,1934,1939
Vincent Gardenia,M,1920,1992,72,2,0,S,Bang the Drum Slowly,1973,1987
William Gargan,M,1905,1979,73,1,0,S,They Knew What They Wanted,1940,1940
Greer Garson,F,1904,1996,91,7,1,L,Mrs. Miniver (1942),1939,1960
Chief Dan George,M,1899,1981,82,1,0,S,Little Big Man,1970,1970
John Gielgud,M,1904,2000,96,2,1,S,Arthur,1964,1981
James Gleason,M,1882,1959,76,1,0,S,Here Comes Mr. Jordan,1941,1941
Cuba Gooding Jr.,M,1968,~,52,1,1,S,Jerry Maguire,1996,1996
Louis Gossett Jr.,M,1936,~,84,1,1,S,"Officer and a Gentleman, An",1982,1982
Lee Grant,F,1925 *,~,95,4,1,S,Shampoo (1975),1951,1976
Sydney Greenstreet,M,1879,1954,74,1,0,S,"Maltese Falcon, The",1941,1941
Melanie Griffith,F,1957,~,63,1,0,L,Working Girl,1988,1988
Jake Gyllenhaal,M,1980,~,39,1,0,S,Brokeback Mountain,2005,2005
Jean Hagen,F,1923,1977,54,1,0,S,Singin' in the Rain,1952,1952
Marcia Gay Harden,F,1959,~,61,2,1,S,Pollock,2000,2003
Woody Harrelson,M,1961,~,59,3,0,1L:2S,"People vs. Larry Flynt, The",1996,2017
Naomie Harris,F,1976,~,44,1,0,S,Moonlight,2016,2016
Elizabeth Hartman,F,1943,1987,43,1,0,L,"Patch of Blue, A",1965,1965
John Hawkes,M,1959,~,61,1,0,S,Winter's Bone,2010,2010
Sessue Hayakawa,M,1889,1973,84,1,0,S,"Bridge on the River Kwai, The",1957,1957
Eileen Heckart,F,1919,2001,82,2,1,S,Butterflies Are Free,1956,1972
Justin Henry,M,1971,~,49,1,0,S,Kramer vs. Kramer,1979,1979
Barbara Hershey,F,1948,~,72,1,0,S,"Portrait of a Lady, The",1996,1996
Wendy Hiller,F,1912,2003,90,3,1,1L0:2S1,Separate Tables (1958),1938,1966
Hal Holbrook,M,1925,~,95,1,0,S,Into the Wild,2007,2007
Celeste Holm,F,1917,2012,95,3,1,S,Gentleman's Agreement,1947,1950
Miriam Hopkins,F,1902,1972,69,1,0,L,Becky Sharp,1935,1935
John Houseman,M,1902,1988,86,1,1,S,"Paper Chase, The",1973,1973
Jennifer Hudson,F,1981,~,39,1,1,S,Dreamgirls,2006,2006
Tom Hulce,M,1953,~,66,1,0,L,Amadeus,1984,1984
Linda Hunt,F,1945,~,75,1,1,S,"Year of Living Dangerously, The",1983,1983
John Hurt,M,1940,2017,77,2,0,1L:1S,"Elephant Man, The",1978,1980
John Huston,M,1906,1987,81,1,0,S,"Cardinal, The",1963,1963
John Ireland,M,1914,1992,78,1,0,S,All the King's Men,1949,1949
Hugh Jackman,M,1968,~,52,1,0,L,Les Misérables,2012,2012
Sam Jaffe,M,1891,1984,93,1,0,S,"Asphalt Jungle, The",1950,1950
Marianne Jean-Baptiste,F,1967,~,53,1,0,S,Secrets & Lies,1996,1996
Ben Johnson,M,1918,1996,77,1,1,S,"Last Picture Show, The",1971,1971
Felicity Jones,F,1983,~,37,1,0,L,"Theory of Everything, The",2014,2014
Tommy Lee Jones,M,1946,~,74,4,1,1L0:3S1,"Fugitive, The (1993)",1991,2012
Ida Kamińska,F,1899,1980,80,1,0,L,"Shop on Main Street, The",1966,1966
Lila Kedrova,F,1918,2000,81,1,1,S,Zorba the Greek,1964,1964
Sally Kellerman,F,1937,~,83,1,0,S,MASH,1970,1970
Anna Kendrick,F,1985,~,35,1,0,S,Up in the Air,2009,2009
Nicole Kidman,F,1967,~,53,4,1,3L1:1S0,"Hours, The (2002)",2001,2016
Greg Kinnear,M,1963,~,57,1,0,S,As Good as It Gets,1997,1997
Keira Knightley,F,1985,~,35,2,0,1L:1S,Pride & Prejudice,2005,2014
Jack Kruschen,M,1922,2002,80,1,0,S,"Apartment, The",1960,1960
Burt Lancaster,M,1913,1994,80,4,1,L,Elmer Gantry (1960),1953,1981
Hope Lange,F,1933,2003,70,1,0,S,Peyton Place,1957,1957
Brie Larson,F,1989,~,31,1,1,L,Room,2015,2015
Jude Law,M,1972,~,47,2,0,1L:1S,Cold Mountain,1999,2003
Heath Ledger,M,1979,2008,28,2,1,1L0:1S1,"Dark Knight, The",2005,2008
Jennifer Jason Leigh,F,1962,~,58,1,0,S,"Hateful Eight, The",2015,2015
Lotte Lenya,F,1898,1981,83,1,0,S,"Roman Spring of Mrs. Stone, The",1961,1961
Juliette Lewis,F,1973,~,47,1,0,S,Cape Fear,1991,1991
Gene Lockhart,M,1891,1957,65,1,0,S,Algiers,1938,1938
Joan Lorring,F,1926,2014,88,1,0,S,"Corn Is Green, The",1945,1945
Ali MacGraw,F,1939,~,81,1,0,L,Love Story,1970,1970
Amy Madigan,F,1950,~,70,1,0,S,Twice in a Lifetime,1985,1985
Mako,M,1933,2006,72,1,0,S,"Sand Pebbles, The",1966,1966
Dorothy Malone,F,1924,2018,93,1,1,S,Written on the Wind,1956,1956
Fredric March,M,1897,1975,77,5,2,L,Dr. Jekyll and Mr. Hyde (1931) [w 24],1930,1951
James Mason,M,1909,1984,75,3,0,1L:2S,"Star Is Born, A",1954,1982
Mary E. Mastrantonio,F,1958,~,61,1,0,S,"Color of Money, The",1986,1986
Rachel McAdams,F,1978,~,41,1,0,S,Spotlight,2015,2015
Matthew McConaughey,M,1969,~,51,1,1,L,Dallas Buyers Club,2013,2013
Frances McDormand,F,1957,~,63,5,2,2L2:3S0,Fargo (1996) [w 25],1988,2017
Victor McLaglen,M,1886,1959,72,2,1,1L1:1S0,"Informer, The",1935,1952
Kay Medford,F,1919,1980,60,1,0,S,Funny Girl,1968,1968
Burgess Meredith,M,1907,1997,89,2,0,S,"Day of the Locust, The",1975,1976
Sarah Miles,F,1941,~,78,1,0,L,Ryan's Daughter,1970,1970
Jason Miller,M,1939,2001,62,1,0,S,"Exorcist, The",1973,1973
Helen Mirren,F,1945,~,75,4,1,2L1:2S0,"Queen, The (2006)",1994,2009
Fernanda Montenegro,F,1929,~,91,1,0,L,Central Station,1998,1998
Grace Moore,F,1898,1947,48,1,0,L,One Night of Love,1934,1934
Terry Moore,F,1929,~,91,1,0,S,"Come Back, Little Sheba",1952,1952
Cathy Moriarty,F,1960,~,59,1,0,S,Raging Bull,1980,1980
Viggo Mortensen,M,1958,~,62,3,0,L,Eastern Promises,2007,2018
Paul Muni,M,1895,1967,71,6 [a 2],1,L,"Story of Louis Pasteur, The (1936)",1929,1959
J. Carrol Naish,M,1896,1973,77,2,0,S,Sahara,1943,1945
Ruth Negga,F,1982,~,38,1,0,L,Loving,2016,2016
Jack Nicholson,M,1937,~,83,12,3,8L2:4S1,One Flew Over the Cuckoo's Nest (1975) [w 26],1969,2002
Lupita Nyong'o,F,1983,~,37,1,1,S,12 Years a Slave,2013,2013
Michael O'Keefe,M,1955,~,65,1,0,S,"Great Santini, The",1980,1980
Peter O'Toole,M,1932,2013,81,8,0,L,Lawrence of Arabia,1962,2006
Gary Oldman,M,1958,~,62,2,1,L,Darkest Hour,2011,2017
Edward James Olmos,M,1947,~,73,1,0,L,Stand and Deliver,1988,1988
Clive Owen,M,1964,~,56,1,0,S,Closer,2004,2004
Jack Palance,M,1919,2006,87,3,1,S,City Slickers,1952,1991
Eleanor Parker,F,1922,2013,91,3,0,L,Caged,1950,1955
Marisa Pavan,F,1932,~,88,1,0,S,"Rose Tattoo, The",1955,1955
Sean Penn,M,1960,~,60,5,2,L,Mystic River (2003) [w 27],1995,2008
Joe Pesci,M,1943,~,77,3,1,S,Goodfellas (1990),1980,2019
River Phoenix,M,1970,1993,23,1,0,S,Running on Empty,1988,1988
Brad Pitt,M,1963,~,56,4,1,2L:2S1,Once Upon a Time in Hollywood,1995,2019
Michael J. Pollard,M,1939,2019,80,1,0,S,Bonnie and Clyde,1967,1967
Robert Preston,M,1918,1987,68,1,0,S,Victor/Victoria,1982,1982
Anthony Quayle,M,1913,1989,76,1,0,S,Anne of the Thousand Days,1969,1969
Claude Rains,M,1889,1967,77,4,0,S,Mr. Smith Goes to Washington,1939,1946
Basil Rathbone,M,1892,1967,75,2,0,S,Romeo and Juliet,1936,1938
Michael Redgrave,M,1908,1985,77,1,0,L,Mourning Becomes Electra,1947,1947
Donna Reed,F,1921,1986,64,1,1,S,From Here to Eternity,1953,1953
Anne Revere,F,1903,1990,87,3,1,S,National Velvet (1945),1943,1947
Miranda Richardson,F,1958,~,62,2,0,1L:1S,Tom & Viv,1992,1994
Jason Robards,M,1922,2000,78,3,2,S,All the President's Men [w 30],1976,1980
Julia Roberts,F,1967,~,53,4,1,2L1:2S0,Erin Brockovich (2000),1989,2013
May Robson,F,1858,1942,84,1,0,L,Lady for a Day,1933,1933
Saoirse Ronan,F,1994,~,26,4,0,3L:1S,Brooklyn (2015),2007,2019
Tim Roth,M,1961,~,59,1,0,S,Rob Roy,1995,1995
Mark Ruffalo,M,1967,~,52,3,0,S,"Kids Are All Right, The",2010,2015
Margaret Rutherford,F,1892,1972,80,1,1,S,"V.I.P.s, The",1963,1963
Mark Rylance,M,1960,~,60,1,1,S,Bridge of Spies,2015,2015
Chris Sarandon,M,1942,~,78,1,0,S,Dog Day Afternoon,1975,1975
Roy Scheider,M,1932,2008,75,2,0,1L:1S,All That Jazz,1971,1979
George C. Scott §,M,1927,1999,71,4,1 [a 3],2L1:2S0,Patton (1970),1959,1971
Peter Sellers,M,1925,1980,54,2,0,L,Dr. Strangelove,1964,1979
Robert Shaw,M,1927,1978,51,1,0,S,"Man for All Seasons, A",1966,1966
Anne Shirley,F,1918,1993,75,1,0,S,Stella Dallas,1937,1937
Simone Signoret,F,1921,1985,64,2,1,L,Room at the Top,1959,1965
Gary Sinise,M,1955,~,65,1,0,S,Forrest Gump,1994,1994
Carrie Snodgress,F,1945,2004,58,1,0,L,Diary of a Mad Housewife,1970,1970
Sissy Spacek,F,1949,~,70,6,1,L,Coal Miner's Daughter (1980),1976,2001
Robert Stack,M,1919,2003,84,1,0,S,Written on the Wind,1956,1956
Barbara Stanwyck,F,1907,1990,82,4,0,L,Stella Dallas,1937,1948
Rod Steiger,M,1925,2002,77,3,1,2L1:1S0,In the Heat of the Night,1954,1967
James Stewart,M,1908,1997,89,5,1,L,"Philadelphia Story, The (1940)",1939,1959
Sharon Stone,F,1958,~,62,1,0,L,Casino,1995,1995
Robert Strauss,M,1913,1975,61,1,0,S,Stalag 17,1953,1953
Gloria Stuart,F,1910,2010,100,1,0,S,Titanic,1997,1997
Gloria Swanson,F,1899,1983,84,3,0,L,Sadie Thompson,1928,1950
Jessica Tandy,F,1909,1994,85,2,1,1L1:1S0,Driving Miss Daisy,1989,1991
Billy Bob Thornton,M,1955,~,65,2,0,1L:1S,Sling Blade,1996,1998
Jennifer Tilly,F,1958,~,62,1,0,S,Bullets over Broadway,1994,1994
Lily Tomlin,F,1939,~,81,1,0,S,Nashville,1975,1975
Lee Tracy,M,1898,1968,70,1,0,S,"Best Man, The",1964,1964
Claire Trevor,F,1910,2000,90,3,1,S,Key Largo (1948),1937,1954
Kathleen Turner,F,1954,~,66,1,0,L,Peggy Sue Got Married,1986,1986
Liv Ullmann,F,1938,~,81,2,0,L,"Emigrants, The",1972,1976
Brenda Vaccaro,F,1939,~,80,1,0,S,Once Is Not Enough,1975,1975
Alicia Vikander,F,1988,~,32,1,1,S,"Danish Girl, The",2015,2015
Christopher Walken,M,1943,~,77,2,1,S,"Deer Hunter, The",1978,2002
Jack Warden,M,1920,2006,85,2,0,S,Shampoo,1975,1978
Ken Watanabe,M,1959,~,61,1,0,S,"Last Samurai, The",2003,2003
Lucile Watson,F,1879,1962,83,1,0,S,Watch on the Rhine,1943,1943
Sigourney Weaver,F,1949,~,71,3,0,2L:1S,Aliens [n 11],1986,1988
Orson Welles,M,1915,1985,70,1,0,L,Citizen Kane,1941,1941
James Whitmore,M,1921,2009,87,2,0,1L:1S,"Give 'em Hell, Harry!",1949,1975
Jack Wild,M,1952,2006,53,1,0,S,Oliver!,1968,1968
Cara Williams,F,1925,~,95,1,0,S,"Defiant Ones, The",1958,1958
Paul Winfield,M,1939,2004,64,1,0,L,Sounder,1972,1972
Kate Winslet,F,1975,~,45,7,1,4L1:3S0,"Reader, The (2008)",1995,2015
Peggy Wood,F,1892,1978,86,1,0,S,"Sound of Music, The",1965,1965
Monty Woolley,M,1888,1963,74,2,0,1L:1S,"Pied Piper, The",1942,1944
Ed Wynn,M,1886,1966,79,1,0,S," Diary of Anne Frank, The",1959,1959
Gig Young,M,1913,1978,64,3,1,S,"They Shoot Horses, Don't They?",1951,1969
Catherine Zeta-Jones,F,1969,~,51,1,1,S,Chicago,2002,2002
