Elvis Presley,United States,[41],[41],Rock and roll,[11],[50]
Michael Jackson,United States,[53],[53],R&B,[11],[63]
Elton John,United Kingdom,[67],[67],[67],[11],[70]
Madonna,United States,[74],[74],Electronica,[11],[80]
Led Zeppelin,United Kingdom,[83],[83],Blues rock,[11],[87]
Rihanna,Barbados,[91],[91],[91],[11],[96]
Pink Floyd,United Kingdom,[98],[98],Progressive rock,[11],[101]
Eminem,United States,[104],[104],Hip-hop,US,[105]
Taylor Swift,United States,[106],[106],Synth-pop,[11],[108]
Mariah Carey,United States,[110],[110],R&B,[11],[114]
Eagles,United States,[116],[116],[116],[11],[118]
Whitney Houston,United States,[123],[123],[123],[11],[126]
Celine Dion,Canada,[130],[130],[130],[11],[135]
AC/DC,Australia,[139],[139],Hard rock,[11],[141]
Drake,Canada,[148],[148],[148],US,[149]
Garth Brooks,United States,[150],[150],[150],[11],[152]
Kanye West,United States,[153],[153],[153],[11],[156]
Justin Bieber,CanadaUnited States,[157],[157],[157],[11],[158]
Ed Sheeran,United Kingdom,[159],[159],[159],[11],[160]
Billy Joel,United States,[161],[161],[161],[11],[163]
Barbra Streisand,United States,[168],[168],[168],[11],[169]
Phil Collins,United Kingdom,[170],[170],Progressive rock,[11],[172]
Aerosmith,United States,[173],[173],[173],[11],[175]
ABBA,Sweden,[176],[176],Disco,[11],[185]
Frank Sinatra,United States,[187],[187],Swing,[a],[189]
Katy Perry,United States,[190],[190],[190],[11],[191]
Chris Brown,United States,[192],[192],[192],[11],[193]
Bruce Springsteen,United States,[194],[194],[194],[11],[196]
Bruno Mars,United States,[197],[197],[197],[11],[200]
Jay-Z,United States,[201],[201],[201],[11],[202]
Metallica,United States,[203],[203],Thrash metal,[11],[205]
Lady Gaga,United States,[206],[206],[206],[11],[207]
Lil Wayne,United States,[208],[208],[208],[11],[209]
Maroon 5,United States,[210],[210],[210],[11],[211]
Adele,United Kingdom,[212],[212],[212],[11],[213]
Fleetwood Mac,United Kingdom United States,[214],[214],[214],[11],[217]
Rod Stewart,United Kingdom,[218],[218],[218],[11],[219]
Bee Gees,[220],[222],[222],[222],[11],[225]
Beyoncé,United States,[226],[226],[226],US,[231]
Nicki Minaj,United States,[232],[232],[232],[11],[233]
Coldplay,United Kingdom,[234],[234],[234],[11],[235]
Linkin Park,United States,[236],[236],[236],[11],[237]
Bon Jovi,United States,[238],[238],Glam metal,[11],[241]
B'z,Japan,[242],[242],[242],[a],[243]
Britney Spears,United States,[244],[244],Dance-pop,[11],[246]
Backstreet Boys,United States,[247],[247],[247],[11],[251]
Guns N' Roses,United States,[252],[252],[252],[11],[254]
George Strait,United States,[255],[255],[255],[11],[256]
Eric Clapton,United Kingdom,[257],[257],[257],[11],[258]
Neil Diamond,United States,[259],[259],[259],[11],[261]
Prince,United States,[262],[262],Funk,[11],[263]
Santana,United States,[264],[264],[264],[11],[265]
Kenny Rogers,United States,[266],[266],[266],[11],[268]
Paul McCartney,United Kingdom,[269],[269],[269],[11],[271]
Simon & Garfunkel,United States,[272],[272],[272],[11],[273]
Janet Jackson,United States,[274],[274],[274],[11],[275]
Julio Iglesias,Spain,[276],[276],Latin,[11],[278]
Dire Straits,United Kingdom,[279],[279],[279],[11],[280]
Chicago,United States,[281],[281],[281],[11],[283]
Bob Dylan,United States,[284],[284],Folk,[11],[285]
Def Leppard,United Kingdom,[286],[286],[286],[11],[288]
Cher,United States,[289],[289],[289],[11],[295]
Genesis,United Kingdom,[296],[296],Progressive rock,[11],[297]
David Bowie,United Kingdom,[298],[298],Art rock,[11],[299]
Stevie Wonder,United States,[300],[300],Funk,[11],[301]
James Taylor,United States,[302],[302],[302],[11],[303]
Olivia Newton-John,Australia,[304],[304],[304],[11],[306]
Tina Turner,United States,[307],[308],[308],[11],[309]
Linda Ronstadt,United States,[310],[310],[310],[11],[311]
Donna Summer,United States,[314],[314],[314],[11],[315]
Barry White,United States,[318],[318],[318],[11],[319]
Shania Twain,Canada,[320],[320],Country pop,US,[321]
Pink,United States,[322],[322],[322],[11],[323]
"Earth, Wind & Fire",United States,[327],[327],[327],[11],[330]
Lionel Richie,United States,[331],[331],[331],[11],[333]
Johnny Cash,United States,[334],[334],[334],[11],[335]
Justin Timberlake,United States,[336],[336],Neo soul,[11],[337]
R.E.M.,United States,[338],[338],[338],[11],[339]
Flo Rida,United States,[340],[340],Hip house,[11],[341]
Tim McGraw,United States,[342],[342],[342],[11],[343]
Van Halen,United States,[344],[344],[344],[11],[345]
Ayumi Hamasaki,Japan,[346],[346],J-pop,[12],[347]
Red Hot Chili Peppers,United States,[349],[349],Funk rock,[11],[351]
George Michael,United Kingdom,[352],[352],[352],[11],[354]
Foreigner,United StatesUnited Kingdom,[355],[355],[355],[11],[356]
Meat Loaf,United States,[359],[359],[359],[11],[360]
Tom Petty,United States,[361],[361],[361],[11],[362]
Johnny Hallyday,France,[363],[363],[363],[a],[365]
Usher,United States,[366],[366],[366],US,[367]
Journey,United States,[368],[368],[368],[11],[370]
Christina Aguilera,United States,[373],[373],[373],[11],[374]
Shakira,Colombia,[375],[375],[375],[11],[376]
R. Kelly,United States,[377],[378],[378],[11],[379]
Robbie Williams,United Kingdom,[380],[380],[380],[11],[381]
Tupac Shakur,United States,[382],[382],[382],[11],[384]
Kenny G,United States,[389],[389],Smooth jazz,[11],[390]
Enya,Ireland,[391],[391],New-age,[11],[395]
Green Day,United States,[396],[371],Punk rock,[11],[397]
Bryan Adams,Canada,[398],[398],[398],[11],[400]
Alabama,United States,[401],[401],[401],[11],[402]
Bob Seger,United States,[403],[403],[403],[11],[404]
Bob Marley,Jamaica,[405],[405],Reggae,[11],[408]
Gloria Estefan,United States,[412],[412],[412],[11],[414]
Barry Manilow,United States,[415],[415],[415],[11],[416]
Aretha Franklin,United States,[419],[419],[419],[11],[420]