William Shakespeare,2 billion[1],4 billion[2],English,Plays and poetry,42,English
Agatha Christie,2 billion[3],4 billion[4],English,Whodunits including the Miss Marple and Hercule Poirot series,85,English
Barbara Cartland,500 million[5],1 billion[6],English,Romance,723,English
Danielle Steel,500 million[7],800 million[8],English,Romance,179,American
Harold Robbins,750 million[9],750 million[10],English,Adventure,23,American
Georges Simenon,500 million[11],700 million[12],French,"Detectives, Maigret, romans dur",570,Belgian
Enid Blyton,,600 million[13],English,"Children's literature, Noddy, The Famous Five, The Secret Seven",800,English
Sidney Sheldon,370 million[14],600 million[15],English,Suspense,21,American
J. K. Rowling,,500 million[16],English,"Harry Potter, Fantastic Beasts and Where to Find Them, Cormoran Strike, fantasy, crime fiction",15,British
Gilbert Patten,125 million[17],500 million[18],English,Adolescent adventures,209,American
Dr. Seuss,100 million[19],500 million[20],English,Children's literature,44,American
Eiichiro Oda,,470 million[21][22],Japanese,"Manga, One Piece",97,Japanese
Leo Tolstoy,,413 million[23],Russian,"War and Peace, Anna Karenina",48,Russian
Corín Tellado,400 million[24],400 million[25],Spanish,Romance,"4,000",Spanish
Jackie Collins,250 million[26],400 million[27],English,Romance,25,English
Horatio Alger,200 million[28],400 million[29],English,Dime novels,135,American
R. L. Stine,100 million[30],400 million[31],English,"Goosebumps series, Fear Street series, horror, comedy",430+,American
Dean Koontz,325 million[32],400 million[33],English,"Horror, thriller, science fiction, fantasy",91,American
Nora Roberts,145 million[34],400 million[35],English,Romance,200+,American
Alexander Pushkin,,357 million[23],Russian,"Plays, poetry, prose, Eugene Onegin",17,Russian
Stephen King,300 million[36],350 million[37],English,"Horror, science fiction, fantasy, It, The Shining, The Stand, Pet Sematary, Salem's Lot, The Green Mile",70,American
Paulo Coelho,225 million[38],350 million[39],Portuguese,The Alchemist,28,Brazilian
Jeffrey Archer,250 million[40],330 million[41],English,"Saga, thriller, short stories, Kane and Abel, The Clifton Chronicles",33,English
Louis L'Amour,230 million[42],330 million[43],English,Western,101,American
Jirō Akagawa,300 million[44],330 million[45],Japanese,Mystery,500+,Japanese
René Goscinny,,325 million[46],French,"Franco-Belgian comics, Asterix, Lucky Luke, Iznogoud",108,French
Erle Stanley Gardner,100 million[47],325 million[48],English,"Mystery, Perry Mason",140,American
Edgar Wallace,,300 million[49],English,Detective,175,English
Jin Yong,100 million[50],300 million[51][52],Chinese,Wuxia,15,Chinese
Janet Dailey,300 million[53],300 million[54],English,Romance,93,American
Robert Ludlum,110 million[55],290 million[56],English,"Espionage, Jason Bourne",40,American
Akira Toriyama,,287 million[b],Japanese,"Manga, Dr. Slump, Dragon Ball, Dragon Ball Super",66,Japanese
Osamu Tezuka,,276 million[69],Japanese,"Manga, Astro Boy, Black Jack, Buddha",62,Japanese
James Patterson,150 million[70],275 million[71],English,"Thriller, Alex Cross",98,American
Frédéric Dard,200 million[72],270 million[73],French,"Detective, San Antonio",300,French
Stan and Jan Berenstain,200 million[74],260 million[75],English,Berenstain Bears,300+,American
Roald Dahl,200 million[76],250 million[77],English,Children's literature,50,British
John Grisham,100 million[78],250 million[79],English,Legal thriller,22,American
Zane Grey,,250 million[80],English,Western,,American
Irving Wallace,,250 million[81],English,Suspense,,American
J. R. R. Tolkien,200 million[82],250 million[83],English,"The Lord of the Rings, The Hobbit, classical fantasy",36,English
Masashi Kishimoto,,235 million[84],Japanese,"Manga, Naruto",72,Japanese
Karl May,100 million[85],200 million[86],German,"Western, adventure",80,German
Carter Brown,100 million[87],120 million[88],English,Detective,,Australian
Mickey Spillane,100 million[89],200 million[90],English,"Detective, Mike Hammer",,American
C. S. Lewis,100 million[91],200 million[92],English,"The Chronicles of Narnia, fantasy, popular theology",38,British
Kyotaro Nishimura,,200 million[93],Japanese,Mystery,400+,Japanese
Mitsuru Adachi,,200 million[94],Japanese,"Manga, Touch, H2, Slow Step, Miyuki,Cross Game",,Japanese
Rumiko Takahashi,,200 million[94],Japanese,"Manga Urusei Yatsura, Ranma ½, Inuyasha, Maison Ikkoku, Rin-ne",,Japanese
Gosho Aoyama,,200 million[95],Japanese,"Manga, Detective Conan (Case Closed), Yaiba, Magic Kaito",,Japanese
Dan Brown,200 million,200 million[96],English,"Thriller, Robert Langdon",7[97],American
Ann M. Martin,172 million[98],180 million[99],English,The Baby-sitters Club,335,American
Ryōtarō Shiba,,180 million[100],Japanese,Historical,350,Japanese
Arthur Hailey,150 million[101],170 million[102],English,Thriller,11,British/Canadian
Gérard de Villiers,,150 million[103],French,"Detectives, SAS",170,French
Beatrix Potter,100 million[104],150 million[105],English,Peter Rabbit,23,English
Michael Crichton,150 million[106],150 million[107],English,Techno thriller,25,American
Richard Scarry,100 million[108],150 million[109],English,Illustrated children's books,250,American
Clive Cussler,40 million[110],150 million[111],English,"Adventure, Dirk Pitt",37,American
Alistair MacLean,150 million[112],200 million[113],English,"Adventure, thriller, war stories",32,British
Ken Follett,90 million[114],150 million[115],English,"Spy thriller, historical thriller",30,British
Astrid Lindgren,100 million[116],165 million[117],Swedish,Children's literature,100,Swedish
Debbie Macomber,60 million[118],140 million[119],English,Romance,,American
EL James,100 million,125 million,English,Fifty Shades of Grey,3,British
Tite Kubo,,120 million[120],Japanese,"Manga, Bleach",74,Japanese
Eiji Yoshikawa,,120 million[121],Japanese,Musashi,7,Japanese
Catherine Cookson,100 million[122],120 million[123],English,Romance,103,British
Stephenie Meyer,100 million[124],116 million[125],English,"The Twilight Saga, The Host, romance",6,American
Norman Bridwell,100 million[126],110 million[127],English,Clifford the Big Red Dog,80,American
David Baldacci,,110 million[128],English,Thriller,25,American
Nicholas Sparks,90 million[129],105 million[130],English,Romance,22,American
Hirohiko Araki,,100 million[131],Japanese,"Manga, Jojo's Bizarre Adventure",,Japanese
Evan Hunter,100 million[132],100 million[133],English,Detective (Ed McBain),94,American
Andrew Neiderman,100 million[134],100 million[135],English,"V. C. Andrews, The Devil's Advocate",60,American
Roger Hargreaves,100 million[136],100 million[137],English,"Children's literature, Mr. Men",,British
Anne Rice,75 million[138],100 million[139],English,"Gothic fiction, vampires, Interview with the Vampire (The Vampire Chronicles)",27,American
Robin Cook,100 million[140],100 million[141],English,Medical thriller Coma,27,American
Wilbur Smith,80 million[142],100 million[143],English,African adventure,32,South African/British
Erskine Caldwell,80 million[144],100 million[145],English,Literature,25,American
Judith Krantz,80 million [146],100 million [147],English,Romance,12,American
Eleanor Hibbert,100 million[148],100 million[149],English,"Romance, historical, suspense",200,British
Lewis Carroll,,100 million[150],English,"Alice's Adventures in Wonderland, absurdist literature",5,British
Denise Robins,,100 million[151],English,Romance,200,British
Cao Xueqin,,100 million[152],Chinese,Dream of the Red Chamber,,Chinese
Ian Fleming,100 million[153],100 million[154],English,James Bond,14,British
Hermann Hesse,100 million[155],100 million[156],German,"Steppenwolf, Siddhartha, The Glass Bead Game",45,German-Swiss
Rex Stout,100 million[157],100 million[158],English,Nero Wolfe,50,American
Anne Golon,100 million[159],100 million[160],French,Angélique,14,French
Frank G. Slaughter,,100 million[161],English,Medical,62,American
Edgar Rice Burroughs,100 million[162],100 million[163],English,"Tarzan, Barsoom and Pellucidar series, science fantasy",,American
John Creasey,,100 million[164],English,Crime thriller,600,British
James A. Michener,,100 million[165],English,Historical,47,American
Yasuo Uchida,,100 million[166],Japanese,Mystery,130+,Japanese
Seiichi Morimura,,100 million[166],Japanese,Mystery,350+,Japanese
Mary Higgins Clark,100 million[167],100 million[168],English,Thriller,,American
Penny Jordan,90 million[169],100 million[170],English,Romance,200+,British
