1,Google,"1,407,760","46,925",C,Top
3,Apple Inc.,"409,393","13,646",B,Top
4,Mossimo,"393,676","13,122",Start,Low
5,The Walt Disney Company,"331,669","11,055",C,Top
7,BBC,"260,215","8,673",C,High
8,IPhone,"232,453","7,748",C,High
12,Coca-Cola,"200,067","6,668",B,Top
14,"Nike, Inc.","180,931","6,031",C,Top
16,Microsoft Windows,"166,627","5,554",B,Top
17,The New York Times,"164,930","5,497",C,High
19,Ford Motor Company,"151,072","5,035",B,Top
22,Adidas,"144,098","4,803",C,High
23,Lamborghini,"138,549","4,618",B,High
24,KFC,"134,346","4,478",GA,High
26,Aspirin,"128,787","4,292",GA,Low
33,Volkswagen,"112,209","3,740",B,Top
39,Sony,"108,288","3,609",B,Top
41,Tata Group,"107,462","3,582",Start,High
42,Vodafone,"106,020","3,534",C,High
43,General Electric,"105,590","3,519",C,Top
44,Airbnb,"104,550","3,485",B,High
45,Adobe Photoshop,"100,946","3,364",C,High
50,Ford F-Series,"97,159","3,238",C,Low
57,Gucci,"89,679","2,989",C,High
58,IKEA,"89,352","2,978",C,High
59,Barbie,"88,747","2,958",B,High
60,Honda,"87,840","2,928",B,High
63,Audi,"87,344","2,911",B,High
65,Volkswagen Beetle,"87,008","2,900",C,High
66,Porsche,"86,628","2,887",C,High
68,Victoria's Secret,"86,254","2,875",C,High
69,Dell,"86,133","2,871",B,Top
70,Pepsi,"85,148","2,838",C,Top
72,Internet Explorer,"84,334","2,811",B,High
75,Procter & Gamble,"83,714","2,790",B,High
77,Jägermeister,"83,005","2,766",B,Low
85,Guinness,"81,053","2,701",B,High
88,MacBook Pro,"79,604","2,653",GA,Low
91,Chrysler,"78,489","2,616",C,Top
92,Nissan,"78,268","2,608",C,Top
93,Louis Vuitton,"77,962","2,598",C,High
102,Dodge Challenger,"75,120","2,504",C,Low
104,McLaren F1,"74,571","2,485",Start,Low
105,Ram Pickup,"74,452","2,481",C,Low
107,Air Canada,"73,985","2,466",Start,Low
109,Lenovo,"73,707","2,456",C,High
113,Trademark,"72,281","2,409",C,High
118,Bugatti Chiron,"69,900","2,330",Start,Low
119,Subaru,"69,365","2,312",C,High
125,Xbox,"67,925","2,264",C,Low
127,Rolex,"67,558","2,251",B,High
128,Aditya Birla Group,"67,259","2,241",Start,High
130,Chevrolet,"66,839","2,227",C,Top
132,Ford Model T,"66,345","2,211",B,High
138,IPhone (1st generation),"65,476","2,182",C,High
141,Cadbury,"64,994","2,166",Start,High
145,PlayStation Portable,"64,343","2,144",B,Top
147,Bugatti Veyron,"64,235","2,141",B,Low
148,Lego,"64,194","2,139",C,High
156,Fiat Chrysler Automobiles,"62,723","2,090",Start,High
158,Air Jordan,"62,250","2,075",Start,Low
162,Anheuser-Busch InBev,"61,843","2,061",Start,Low
163,Ryzen,"61,558","2,051",Start,Low
167,Audi A3,"60,900","2,030",Start,High
171,Oreo,"60,556","2,018",C,High
173,Ford Focus,"59,775","1,992",C,Low
178,Cadillac,"59,089","1,969",B,High
183,Ford Explorer,"58,407","1,946",C,Low
185,Apple Watch,"57,344","1,911",C,Low
201,Lexus,"54,631","1,821",GA,High
203,BAE Systems,"54,423","1,814",FA,Low
205,BlackBerry,"53,262","1,775",B,High
206,IPod,"53,142","1,771",B,High
221,IMI Desert Eagle,"49,842","1,661",B,Low
227,Suzuki,"48,697","1,623",Start,High
229,Kellogg's,"48,158","1,605",C,High
231,Aperol,"47,901","1,596",Start,Low
232,McLaren Automotive,"47,786","1,592",C,Low
233,M&M's,"47,774","1,592",C,High
234,Ferrari 458,"47,750","1,591",C,Low
235,LaFerrari,"47,700","1,590",Start,Low
237,Nissan Leaf,"47,554","1,585",B,Low
240,Heineken,"47,317","1,577",Start,High
241,Volkswagen emissions scandal,"47,251","1,575",C,High
242,Gatorade,"47,131","1,571",B,High
249,Bertha Benz,"46,633","1,554",C,Low
252,Marlboro (cigarette),"46,592","1,553",B,Top
255,Opel,"46,102","1,536",C,High
258,Digimon,"45,532","1,517",C,High
264,Toyota AE86,"44,755","1,491",C,Low
265,Bata (company),"44,658","1,488",Start,Low
267,McLaren P1,"44,306","1,476",Start,Low
272,DMC DeLorean,"43,585","1,452",B,High
273,LG Electronics,"43,498","1,449",C,High
275,Anti Social Social Club,"43,198","1,439",Stub,Low
279,Yamaha YZF-R1,"43,013","1,433",Start,Low
283,IOS jailbreaking,"42,705","1,423",C,Low
285,Nutella,"42,670","1,422",Start,High
288,Dolce & Gabbana,"42,498","1,416",C,High
289,Beretta M9,"42,384","1,412",C,Low
290,Volvo,"42,367","1,412",Start,High
293,Commodore 64,"41,867","1,395",B,High
297,Dodge,"41,575","1,385",C,High
302,Audi TT,"41,253","1,375",Start,Low
305,PROTON Holdings,"41,143","1,371",B,High
315,Ford Bronco,"40,718","1,357",Start,Low
321,Volkswagen Type 2,"40,490","1,349",C,High
326,Lotus Cars,"40,035","1,334",Start,High
327,Fisker Karma,"39,969","1,332",B,Low
329,Honda NSX,"39,880","1,329",B,Low
331,Bad Boy Records,"39,666","1,322",B,Low
335,Willy Wonka,"39,273","1,309",C,Low
336,EVA Air,"39,000","1,300",GA,Low
337,Ford E series,"38,849","1,294",C,Low
340,Qnet,"38,650","1,288",Start,Low
341,Pontiac,"38,564","1,285",B,High
349,Fanta,"38,000","1,266",C,High
367,1932 Ford,"37,006","1,233",C,Low
368,Bombardier Inc.,"36,960","1,232",C,Low
372,My Little Pony,"36,486","1,216",C,High
375,Dr. Martens,"36,157","1,205",Start,Low
376,New Balance,"36,140","1,204",Start,Low
379,Audi A8,"35,971","1,199",C,Low
380,Hasbro,"35,967","1,198",C,High
383,Pringles,"35,754","1,191",Start,High
385,Yamaha YZF-R6,"35,504","1,183",Start,Low
387,Buick,"35,451","1,181",Start,High
389,Hitachi,"35,232","1,174",C,High
391,Nissan Pathfinder,"35,084","1,169",Start,Low
392,Yakult,"35,069","1,168",C,Low
398,Tiffany & Co.,"34,846","1,161",C,High
417,Audi A5,"33,610","1,120",C,Low
419,Jameson Irish Whiskey,"33,571","1,119",B,High
420,Ford Expedition,"33,563","1,118",C,Low
421,Mitsubishi Eclipse,"33,558","1,118",C,Low
429,Audi Q7,"33,294","1,109",C,Low
430,HTC,"33,216","1,107",C,Low
433,Hyundai Tucson,"32,835","1,094",C,Low
438,Fila (company),"32,614","1,087",Stub,High
440,Porsche 917,"32,552","1,085",C,Low
446,Google Pixel,"32,240","1,074",C,Low
455,Nissan S30,"31,689","1,056",C,Low
456,GMC (automobile),"31,607","1,053",Start,High
457,WD-40,"31,582","1,052",C,Low
458,Maggi,"31,573","1,052",Start,High
460,FUBU,"31,476","1,049",Start,High
464,Dyson (company),"31,289","1,042",C,Low
467,Samsung Galaxy S6,"31,117","1,037",C,High
469,Cheetos,"31,046","1,034",Start,High
471,Acura,"31,031","1,034",C,High
477,Lada,"30,894","1,029",C,High
480,Porsche 997,"30,797","1,026",B,Low
484,Lululemon Athletica,"30,729","1,024",C,Low
485,Burberry,"30,695","1,023",C,High
488,Chevrolet Volt,"30,522","1,017",B,Low
494,Hermès,"30,251","1,008",C,Low
495,Alitalia,"30,238","1,007",B,Low
503,Ford Model A (1927–31),"29,904",996,Start,Low
504,Volvo S60,"29,826",994,Start,Low
506,Bakelite,"29,804",993,B,High
511,Tata Sky,"29,716",990,Stub,Low
512,Ford Edge,"29,693",989,C,Low
522,Lucky Strike,"29,265",975,C,High
523,Armani,"29,207",973,C,High
527,Corn flakes,"28,811",960,C,High
528,Kidz Bop,"28,734",957,Start,Low
533,Big Mac,"28,538",951,B,High
534,Audi Q5,"28,528",950,C,Low
535,Ford Taurus,"28,432",947,Start,Low
542,My Little Pony: Equestria Girls,"28,176",939,C,High
544,Yamaha Corporation,"28,151",938,C,High
550,Volvo V70,"27,956",931,B,Low
552,Samsung Galaxy S5,"27,919",930,C,High
555,ASICS,"27,781",926,Start,Low
567,The Oberoi Group,"27,315",910,Start,Low
583,Samsung Galaxy J series,"26,733",891,Start,Low
597,Forever Living Products,"26,352",878,Start,Low
599,Smart (marque),"26,293",876,Start,High
600,TAG Heuer,"26,273",875,B,High
601,Mitsubishi GTO,"26,272",875,Start,Low
604,Product lifecycle,"26,189",872,Start,High
608,Yves Saint Laurent (brand),"26,135",871,Start,Low
617,Milo (drink),"25,971",865,C,High
619,AdvoCare,"25,914",863,Start,Low
624,Dodge Caravan,"25,824",860,C,Low
629,Cîroc,"25,724",857,Start,Low
632,Mercedes-Benz W123,"25,616",853,Start,Low
633,Lancia,"25,589",852,B,Low
636,Snickers,"25,479",849,C,High
640,Titan Company,"25,370",845,Stub,Low
649,The Body Shop,"25,186",839,Start,Low
654,Leica Camera,"24,987",832,C,Low
655,MAC Cosmetics,"24,961",832,Start,Low
673,Nissan Juke,"24,454",815,Start,Low
680,Acer Inc.,"24,330",811,C,High
692,Castlemaine XXXX,"24,014",800,Start,Low
699,Twinkie,"23,840",794,Start,High
700,Opel Insignia,"23,794",793,C,Low
704,Moka pot,"23,671",789,Start,Low
705,Trade name,"23,616",787,Start,Top
707,Camel (cigarette),"23,597",786,C,Top
711,Porsche 996,"23,532",784,C,Low
714,Skechers,"23,480",782,Stub,Low
715,Unimog,"23,477",782,C,Low
716,Honda Ridgeline,"23,456",781,B,Low
718,Comme des Garçons,"23,420",780,Start,Low
721,Audi A7,"23,360",778,C,Low
723,Hisense,"23,343",778,C,Low
725,Cartier (jeweler),"23,291",776,Start,Low
727,Pabst Blue Ribbon,"23,241",774,C,Low
730,Concept,"23,192",773,C,High
743,Blue Moon (beer),"22,779",759,Start,Low
746,Zune,"22,702",756,B,High
754,Zumba,"22,520",750,C,High
755,ASOS.com,"22,519",750,Start,Low
759,Samsung Galaxy S4,"22,451",748,B,High
763,Infiniti Q50,"22,397",746,Start,Low
768,Mercedes-Benz 300 SL,"22,309",743,C,Low
770,Ford Ranger (T6),"22,244",741,Start,Low
772,Amiga,"22,233",741,C,High
773,Ovaltine,"22,185",739,C,High
774,Volvo XC60,"22,180",739,Start,Low
782,Logo,"21,950",731,C,Top
783,Walkman,"21,938",731,C,High
787,Audi 80,"21,857",728,C,Low
793,Audi Quattro,"21,777",725,C,Low
799,Ring (company),"21,649",721,Start,Low
809,S.Pellegrino,"21,446",714,C,High
818,DS Automobiles,"21,266",708,Start,Low
819,IPad Mini 2,"21,241",708,C,Low
821,Haribo,"21,168",705,Start,Low
823,Ford Excursion,"21,154",705,Start,Low
833,Audi RS 4,"21,014",700,C,Low
834,Nespresso,"20,988",699,C,Low
835,DC Shoes,"20,909",696,Start,Low
837,Sony Xperia,"20,858",695,Start,Low
838,Fireball Cinnamon Whisky,"20,842",694,B,Low
840,A Bathing Ape,"20,802",693,Start,Low
842,Hennessey Venom GT,"20,743",691,Start,Low
845,Givenchy,"20,636",687,Start,Low
850,Google Nexus,"20,484",682,C,Low
853,Dodge Dart,"20,459",681,C,Low
854,Swiss Army knife,"20,442",681,Start,Low
855,Canada Goose (clothing),"20,441",681,C,Low
856,Neoprene,"20,433",681,C,Low
860,Fenty Beauty,"20,397",679,C,Low
865,Campbell Soup Company,"20,345",678,Start,High
873,HP Sauce,"20,193",673,C,High
876,Alka-Seltzer,"20,134",671,Start,Low
879,Subaru Ascent,"20,103",670,Unknown,Low
880,Justdial,"20,088",669,Stub,Low
882,Honda Super Cub,"20,057",668,GA,Low
884,Maserati Quattroporte,"20,019",667,Start,Low
889,MCM Worldwide,"19,952",665,Start,Low
900,Industrial design,"19,816",660,C,Low
905,Kool-Aid,"19,792",659,C,High
911,Mac Pro,"19,670",655,GA,Low
920,Walkers (snack foods),"19,437",647,Start,Low
921,Massimo Dutti,"19,429",647,Stub,Low
926,Suzuki Carry,"19,357",645,C,Low
930,Breakfast cereal,"19,192",639,C,Low
933,Tang (drink mix),"19,166",638,C,High
935,Aston Martin Vantage (2018),"19,077",635,Start,Low
950,Milka,"18,760",625,Start,Low
960,Lamborghini LM002,"18,627",620,C,Low
964,Forever 21,"18,584",619,Start,Low
972,Ka-Bar,"18,438",614,Start,Low
975,The Criterion Collection,"18,406",613,B,Low
977,Yamaha MT-07,"18,397",613,Stub,Low
980,Jell-O,"18,350",611,C,High
982,The Longaberger Company,"18,338",611,Start,Low
987,Craftsman (tools),"18,281",609,Stub,Low
989,Crystal Pepsi,"18,248",608,Start,High
991,Cap'n Crunch,"18,221",607,Start,Low
997,Café Coffee Day,"18,151",605,Start,Low
