1,Elizabeth Holmes,"2,184,335","72,811",C,Low
3,Elon Musk,"1,117,920","37,264",B,High
5,Katy Perry,"589,932","19,664",FA,Low
6,Jeff Bezos,"558,990","18,633",GA,High
9,Dick Cheney,"505,155","16,838",GA,Low
11,Steve Jobs,"474,398","15,813",B,High
14,Bill Gates,"387,882","12,929",GA,High
15,Gordon Ramsay,"380,166","12,672",B,Low
24,Ivanka Trump,"271,851","9,061",C,Low
26,Karl Marx,"261,230","8,707",GA,High
27,Justin Timberlake,"259,358","8,645",B,Low
28,Robert Kraft,"254,885","8,496",C,Low
35,Jessica Alba,"213,576","7,119",C,Low
38,Tim Cook,"194,217","6,473",Start,High
45,John D. Rockefeller,"175,685","5,856",GA,High
46,Donald Trump Jr.,"172,929","5,764",Start,Low
47,Bernie Madoff,"168,790","5,626",B,Low
48,Lawrence Stroll,"168,448","5,614",Start,Low
49,Tony Blair,"160,774","5,359",B,Low
53,Richard Branson,"152,227","5,074",B,Low
54,Martin Shkreli,"150,549","5,018",C,Low
55,Eduardo Saverin,"149,736","4,991",C,Low
56,Azim Premji,"149,284","4,976",Start,Low
57,Tommy Robinson (activist),"147,432","4,914",C,Low
58,Martha Stewart,"145,909","4,863",B,Low
61,Dhirubhai Ambani,"140,306","4,676",C,High
63,Jack Dorsey,"135,275","4,509",C,Low
65,Fred Trump,"131,710","4,390",C,Low
68,Henry Ford,"129,684","4,322",B,High
69,Stephanie McMahon,"128,871","4,295",GA,Low
70,Donald Rumsfeld,"125,134","4,171",B,Low
73,Jeffrey Epstein,"123,177","4,105",C,Low
74,Jack Ma,"121,034","4,034",C,Low
75,Stacey Abrams,"120,617","4,020",C,Low
76,Dan Aykroyd,"119,709","3,990",C,Low
79,Michael Bloomberg,"117,510","3,917",B,Low
82,Larry Ellison,"116,586","3,886",C,High
84,Silicon Valley,"114,773","3,825",C,High
89,Shane McMahon,"109,616","3,653",C,Low
94,Mike Pompeo,"108,013","3,600",C,Low
97,Steve Wozniak,"105,381","3,512",B,High
98,Eric Trump,"104,471","3,482",C,Low
104,Kate Spade,"99,264","3,308",C,Low
105,Evan Spiegel,"98,612","3,287",Start,Low
111,Sean Parker,"95,864","3,195",C,Low
112,Carlos Slim,"95,735","3,191",B,High
115,Sajid Javid,"95,112","3,170",C,Low
119,Alexander McQueen,"92,468","3,082",C,Low
175,Dennis Muilenburg,"74,985","2,499",Start,Low
178,Curriculum vitae,"74,553","2,485",Start,Low
179,Kevin Tsujihara,"74,469","2,482",Start,Low
181,Linda McMahon,"74,363","2,478",B,Low
194,John McAfee,"71,913","2,397",C,Low
196,Jimmy Iovine,"71,661","2,388",C,Low
199,Dan Peña,"70,925","2,364",Start,Low
230,Shark Tank,"63,190","2,106",C,Low
232,Dana White,"62,407","2,080",Start,Low
243,Max Weber,"59,489","1,982",GA,High
247,Stedman Graham,"58,221","1,940",Start,Low
248,Alexis Ohanian,"58,073","1,935",C,Low
249,Nelson Rockefeller,"57,913","1,930",C,Low
250,Russell Simmons,"57,831","1,927",Start,Low
260,Susan Wojcicki,"56,496","1,883",Start,Low
273,J. Howard Marshall,"54,163","1,805",Start,Low
276,Mortimer Sackler,"54,061","1,802",Start,Low
278,Sam Walton,"53,186","1,772",B,Low
281,Jawed Karim,"53,123","1,770",Start,Low
284,Black Monday (1987),"52,963","1,765",C,High
287,Roy O. Disney,"52,511","1,750",Start,Low
290,Barbara Corcoran,"51,825","1,727",Start,Low
298,Lakshmi Mittal,"50,547","1,684",C,High
300,Kimbal Musk,"50,225","1,674",Start,Low
307,Prescott Bush,"49,644","1,654",C,Low
309,Jamie Dimon,"49,475","1,649",B,Low
310,Melinda Gates,"49,290","1,643",Start,Low
318,Ron Paul,"48,544","1,618",A,Low
320,Cyril Ramaphosa,"48,372","1,612",C,Low
321,Cornelius Vanderbilt,"48,335","1,611",C,High
324,James Dyson,"48,182","1,606",B,Low
325,Reed Hastings,"48,093","1,603",B,Low
326,Sheldon Adelson,"47,785","1,592",C,High
334,Kitchen Nightmares,"47,414","1,580",C,Low
340,Frederick Trump,"46,719","1,557",C,Low
344,Rajat Gupta,"46,209","1,540",Start,Low
352,Roy E. Disney,"45,653","1,521",B,Low
357,Valerie Jarrett,"44,971","1,499",B,Low
371,Michael Eisner,"43,172","1,439",Start,Low
373,Jamsetji Tata,"43,027","1,434",Start,High
379,Consumer behaviour,"42,571","1,419",Start,High
380,Clare Bronfman,"42,552","1,418",Start,Low
386,Fast-moving consumer goods,"41,880","1,396",Stub,Low
390,Charles Koch,"41,639","1,387",C,Low
405,Safety data sheet,"40,375","1,345",C,Low
413,Tom Anderson,"39,605","1,320",Start,Low
415,Paul Bilzerian,"39,564","1,318",Start,Low
416,Larry Flynt,"39,487","1,316",B,Low
423,John S. Middleton,"39,093","1,303",Start,Low
428,Françoise Bettencourt Meyers,"38,746","1,291",Start,Low
429,Felix Sater,"38,599","1,286",C,Low\
433,Wissam Al Mana,"38,371","1,279",Start,Low
435,N. Srinivasan,"38,238","1,274",Start,Low
436,Ray Dalio,"38,168","1,272",C,Low
440,Chris Sacca,"37,984","1,266",Start,Low
444,Chartered Financial Analyst,"37,845","1,261",C,Low
445,PEST analysis,"37,816","1,260",Start,Low
447,Naga Munchetty,"37,781","1,259",Start,Low
448,Ajay Piramal,"37,729","1,257",Start,Low
449,Roosevelt family,"37,587","1,252",C,Low
450,Vincent J. McMahon,"37,565","1,252",Start,Low
451,David Koch,"37,474","1,249",C,Low
452,Yossi Ghinsberg,"37,362","1,245",C,Low
453,Typewriter,"37,350","1,245",C,Top
456,Recruitment,"37,235","1,241",Start,High
457,Power BI,"37,128","1,237",Start,Low
475,Jess McMahon,"36,136","1,204",Start,Low
483,Jon Huntsman Jr.,"35,699","1,189",GA,Low
484,Philip Green,"35,580","1,186",Start,Low
485,Kevin Systrom,"35,516","1,183",Start,Low
488,Michael Dell,"35,292","1,176",C,High
491,Rick Scott,"35,127","1,170",C,Low
494,Richard Hilton,"34,905","1,163",Start,Low
530,Mathew Knowles,"33,503","1,116",Start,Low
534,Tim Ferriss,"33,407","1,113",C,Low
536,European debt crisis,"33,387","1,112",GA,High
537,Peter Lim,"33,377","1,112",Start,Low
552,Arron Banks,"32,877","1,095",C,Low
563,Travis Knight,"32,300","1,076",Start,Low
564,Ferdinand Porsche,"32,171","1,072",Start,Low
565,Dick DeVos,"32,154","1,071",C,Low
567,Robert's Rules of Order,"31,931","1,064",B,High
570,Matt Bevin,"31,842","1,061",GA,Low
572,Logan Green,"31,726","1,057",Start,Low
578,Harry B. Macklowe,"31,555","1,051",Start,Low
579,Siddharth Roy Kapur,"31,436","1,047",Start,Low
582,Richard Sackler,"31,267","1,042",Start,Low
591,Indian Institutes of ManagemeSalesnt,"30,965","1,032",C,Low
592,J. R. D. Tata,"30,943","1,031",Start,Low
605,Lachlan Murdoch,"30,737","1,024",Start,Low
606,Tory Burch,"30,727","1,024",GA,Low
608,Net present value,"30,620","1,020",C,High
610,Sherman Antitrust Act of 1890,"30,561","1,018",C,Low
611,Small business,"30,550","1,018",C,Top
612,KISS principle,"30,489","1,016",Start,Top
622,Anastasia Soare,"29,995",999,Start,Low
623,Anthony Scaramucci,"29,968",998,C,Low
632,Vivienne Westwood,"29,729",990,Start,Low
652,Lee Iacocca,"29,182",972,B,Low
653,Marc Andreessen,"29,166",972,C,Low
655,Gail Miller (businesswoman),"29,086",969,Stub,Low
656,Ren Zhengfei,"29,084",969,Start,Low
707,Randi Zuckerberg,"27,364",912,Start,Low
710,Angela Martin,"27,260",908,Start,Low
713,Charles Dolan,"27,190",906,Start,Low
714,Steve Wynn,"27,063",902,B,Low
715,Vince Cable,"27,054",901,C,Low
726,Steve Bing,"26,783",892,Start,Low
727,Eli Whitney,"26,770",892,B,High
731,Roy Raymond,"26,547",884,Stub,Low
735,"Situation, task, action, result","26,473",882,Stub,Low
739,Ali Hewson,"26,411",880,GA,Low
741,Governance,"26,255",875,C,High
745,Ibn Khaldun,"26,168",872,B,Low
763,Peter Jones (entrepreneur),"25,536",851,C,Low
766,Elizabeth Christ Trump,"25,495",849,Start,Low
770,Napoleon Hill,"25,453",848,C,Low
773,Proof of concept,"25,376",845,Start,Low
779,Corey Harrison,"25,164",838,Start,Low
780,Natarajan Chandrasekaran,"25,138",837,Stub,Low
782,Dietrich Mateschitz,"25,099",836,Start,Low
793,Sophia Amoruso,"24,536",817,Start,Low
797,Henry Sy,"24,475",815,Start,Low
800,Gary Cohn (investment banker),"24,405",813,Start,Low
807,Donald Crowhurst,"24,274",809,B,Low
813,Great Firewall,"24,078",802,Start,Low
815,Dara Khosrowshahi,"24,062",802,Start,Low
816,Corporatism,"24,027",800,C,High
817,Michael Reagan,"24,000",800,Start,Low
818,Anand Mahindra,"23,993",799,Start,High
819,Viktor Bout,"23,960",798,B,Low
824,Adnan Khashoggi,"23,861",795,B,Low
825,Bill Browder,"23,843",794,C,Low
843,Jimmy Choo,"23,425",780,Start,Low
846,Richard DeVos,"23,302",776,C,Low
847,Greed,"23,299",776,Start,High
852,Poka-yoke,"23,200",773,Start,High
853,Concept,"23,192",773,C,High
856,Aurora Cannabis,"23,077",769,Start,Low
863,Malcolm Glazer,"22,760",758,C,Low
864,Stephen Covey,"22,740",758,C,Low
865,Larry Silverstein,"22,686",756,C,Low
872,Scott Foster (ice hockey),"22,564",752,Start,Low
874,Estée Lauder (businesswoman),"22,486",749,Start,Low
876,Marc Randolph,"22,456",748,Start,Low
892,Parental leave,"22,065",735,C,Low
894,John Zimmer,"22,043",734,Start,Low
905,Ingvar Kamprad,"21,706",723,C,Low
906,Owen Oyston,"21,626",720,Start,Low
910,Tony Fernandes,"21,552",718,C,Low
917,Tim Martin (businessman),"21,419",713,Start,Low
920,Bob Weinstein,"21,375",712,Start,Low
933,Philip Anschutz,"21,166",705,C,Low
936,Manuel Villar,"21,073",702,C,Low
978,Harald Quandt,"20,202",673,Start,Low
987,James McNerney,"20,031",667,Start,Low
988,Compound annual growth rate,"20,030",667,Start,High
989,James Murdoch,"19,995",666,C,Low
993,Dragons' Den (UK TV programme),"19,929",664,Start,Low