Title,First release,Source code release,Genre,Engine license,Content license,Original developer,Additional information
3-D Ultra Pinball: Thrill Ride,2000,2020,Pinball,Proprietary,Proprietary,Left Field Productions,[1]
Abuse,1995,2003,Run and gun,Public domain software,Public domain,Crack dot Com,public domain
Adventureland,1978,1980,Adventure game,Public domain software,Public domain,Scott Adams,[5]
Agony,1992,2020,Shoot 'em up,non-commercial use,Freeware,Art & Magic,binary files
Airline Tycoon,1998,2015,Simulation game,Proprietary,Commercial,Spellbound Entertainment,digital distribution
Alien 3,1992,2019,Run and gun,Proprietary,Proprietary,Probe Software,Commodore 64
importance?,1993,2014,Run and gun,public domain software,[13],Glen Cumming,source code
Alien Breed 3D II: The Killing Grounds,1996,1997,FPS,?,Proprietary,Team17,source code
Alien vs Predator,1994,2008,FPS,?,Proprietary,Rebellion Developments,[18]
Aliens versus Predator,2000,[21],FPS,[22],Proprietary,Rebellion Developments,Rebellion Developments
Alpha Waves,1990,2009,platform,?,?,Christophe de Dinechin,[23]
Allegiance,2000,2004,real-time strategy,MIT,Proprietary,Microsoft Research,Microsoft Research
Altered Beast,1989,2019,Beat 'em up,Proprietary,Proprietary,Software Studios,[12]
Amnesia: A Machine for Pigs,2013,2020,Survival horror,GPLv3,Proprietary,The Chinese Room,[31]
Amnesia: The Dark Descent,2010,2020,Survival horror,GPLv3,Proprietary,Frictional Games,[31]
Amulets & Armor,1997,2013,first person,GPLv3,Freeware,United Software Artists,freeware
Anacreon: Reconstruction 4021,1987,2004,4x game,no license given,Freeware,George Moromisato,[38]
Anachronox,2001,2001 (partly),RPG,Proprietary,Proprietary,Ion Storm,citation needed
Anodyne,2013,2020,Action-adventure,Anodyne License,Anodyne License,Analgesic Productions,custom permissive license
Ares,1996,2008,Strategy video game,LGPLv3,CC BY-NC-SA,Nathan Lamont/Bigger Planet Software,[42]
Army Men III,2013,2018,Third person shooter,Non-commercial use,Freeware,Neotl Empire,open source
Arx Fatalis,2002,2011,RPG,GPLv3,Proprietary,Arkane Studios,Ultima Underworld
AstroMenace,2006,2007,Arcade,GPLv3+,CC BY-SA 3.0,Viewizard,[47]
Atomic Robo-Kid,1990,2019,Scrolling shooter,Proprietary,Proprietary,Activision,[12]
Attack of the Mutant Camels,1989,2012,Scrolling shooters,?,?,Jeff Minter,assembly language
Aquaria,2007,2010,Action-adventure,GPLv2,Proprietary,Bit Blot,Humble Indie Bundle
Avara,1996,2016,Shooter game,MIT,Proprietary,Ambrosia Software,open source
Aztaka,2009,2011,Action role-playing game,,Proprietary,Citérémis,Independent game developer
Balance of Power,1985,2013,Government simulation game,?,?,Chris Crawford,Chris Crawford
Batman Returns,1993,2015,Beat 'em up,for educational purposes,for educational purposes,ACME / Chris Shrigley,Sega CD
Beauty & The Beast: A Boardgame Adventure,1999,2020,Board,Proprietary,Proprietary,Left Field Productions,[59]
Beneath a Steel Sky,1994,2003,Point and click adventure,Beneath a Steel Sky Freeware License,Beneath a Steel Sky Freeware License,Revolution Software,ScummVM
Beyond Castle Wolfenstein,1985,2005,Stealth game,no license given,Freeware,Silas Warner,[62]
Beyond Protocol,2008,2011,MMORTS,non-commercial public license,Freeware,Dark Sky Entertainment,[63]
Beyond the Titanic,1986,2009,Text adventure,GPLv2,Freeware,Apogee Software,[67]
Blades of Exile,1997,2007,RPG,GPLv2,GPLv2,Spiderweb Software,[68]
Blake Stone: Planet Strike,1994,2013,FPS,GPLv2+,Proprietary,Apogee Software,[70]
Blood II: The Chosen,1998,1999,FPS,Proprietary,Proprietary,Monolith Productions,[72]
Blue Max,1983,2016,Scrolling shooter,?,Proprietary,Bob Pollin,[73]
Bob's game,2004,2016,"puzzle, action RPG",source available,Freeware,Robert Pelloni,source code
Breakout 2000,1996,2008,Action,?,Proprietary,MP Games,[18]
Broken Sword: The Shadow of the Templars,1996/1997,2003,Point and click adventure,Proprietary,Proprietary,Revolution Software,ScummVM
Buzz Aldrin's Race Into Space,1993,2007,Simulation,GPLv2,Freeware,Strategic Visions/Fritz Bronner,[81]
Catacomb,1989,[82],Top-down shooter,GPLv2,Proprietary,Flat Rock Software,John D. Carmack
Catacomb 3D,1991,[82],FPS,GPLv2,Proprietary,Flat Rock Software,Wolfenstein 3D
Call to Power II,2000,2003,turn-based strategy game,[85],Proprietary,Activision,clone
Canabalt,2009,2010,Cinematic platformer,MIT,Proprietary,Adam Saltsman,Adam Saltsman
Captain Blood,1988,2017,Adventure,?,?,Exxos,[90]
Carnivores 2,1999,2013,Simulation,?,Freeware,Action Forms,assembla
Cart Life,2011,2014,Simulation,CART LIFE'S FREE LICENSE (Permissive license),Freeware,Richard Hofmeier,digital distributions
Checkered Flag,1994,2008,Racing,?,Proprietary,Rebellion Developments,[18]
Civilization IV,2005,2006 (partly),turn-based strategy,Proprietary,Proprietary,Firaxis Games,Software Development Kit
Civilization V,2010,2012 (partly),turn-based strategy,Proprietary,Proprietary,Firaxis Games,[102]
Clonk,1994,2010/2014,Action,ISC,CC BY-NC,RedWolf Design / Matthes Bender,C++
Club Drive,1994,2008,Racing,?,Proprietary,Atari Corporation,[18]
Colobot,2001,2012,Educational game,GPLv3,GPLv3,Epsitec SA,[107]
Colossal Cave Adventure,1976,2000/2005 (?),Text Adventure,Public domain software,Public domain software,Will Crowther,[111]
Command & Conquer,1995,2020,RTS,GPLv3,Proprietary,Westwood Studios,Command & Conquer Remastered Collection
Commander Keen in Keen Dreams,1991,2014,Platformer,GPLv2+,Proprietary,id Software,Indiegogo
Contract J.A.C.K.,2003,2003,FPS,Proprietary,Proprietary,Monolith Productions,citation needed
Conquest: Frontier Wars,2001,2013,Real-time strategy,?,Proprietary,Fever Pitch Studios,source code
"Cook, Serve, Delicious!",2012,2016,Business simulation game,Proprietary,Proprietary,Vertigo Gaming,Humble GameMaker Bundle
CoreBreach,2011,2012,Racing game,MIT,Freeware,CoreCode,[124]
Corncob 3D,1993,2016,Flight simulator,Public domain software,Freeware,Pie in the Sky / Kevin Stokes,open source
Crazee Rider,1987,2019,Racing,Proprietary,Proprietary,Superior Software,BBC Micro
CryEngine,[128],2016,FPS,?,NA,Crytek,pay-what-you-want
Crysis,2007,?,FPS,Proprietary,Proprietary,Crytek,citation needed
Crysis 2,2011,?,FPS,Proprietary,Proprietary,Crytek,Game code was officially released with the SDK.
Crystal Mines,1989,2011,Arcade,Custom permissive license,Freeware,Color Dreams,Crystal Mines
Cortex Command,2012,2019,Action game,GPLv3,Proprietary,Data Realms LLC,IGF
Cybermorph,1993,2008,Shooter,?,Proprietary,Attention to Detail,[18]
Cylindrix,1996,2001,Arcade,LGPL,LGPL,Goldtree Enterprises / Softdisk,[139]
Cytadela (or The Citadel),1995,2006,FPS,GPLv3+,GPLv3+,Virtual Design,[141]
Daikatana,2000,2015,FPS,?,Proprietary,Ion Storm,[145]
Dandy,1983,2018,Dungeon crawl,Proprietary,Proprietary,John Howard Palevich,Atari 8-bit
DarkSpace,2001,2009,MMO,[148],Proprietary,Palestar,game engine
Death & Taxes,2020,2020,Simulation game,Proprietary,Proprietary,Placeholder Gameworks,Unity
Death Ray Manta,2012,2015,Arena shooter,?,educational purposes,Bagfull of Wrong / Rob Fearon,GameMaker Studio
Delver,2012,2018,First-person,Apache-2.0,Proprietary,Priority Interrupt,libGDX
Descent,1995/1996,1997/1999,3D,[159],Proprietary,Parallax Software,Parallax Software
Deus Ex (video game),2000,?,FPS,Proprietary,Proprietary,Ion Storm,citation needed
Digger,1983,2004,Arcade,Proprietary,Freeware,Windmill Software,Styx
Dink Smallwood,1997,2003,Action RPG,[166],[167],Robinson Technologies,[168]
Discworld,1995,2008,point-and-click adventure game,?,?,Teeny Weeny Games,Terry Pratchett
Disney's Aladdin,1993,2017,Platformer,Proprietary,Proprietary,Disney,[175]
Dog Daze,1981,2014,Arcade game,?,?,Gray Chang,Atari 400/800
Doom,1995,2014,FPS,MIT,Proprietary,Logicware,Rebecca Heineman
Doom,1994,2003,FPS,Proprietary,Proprietary,Id Software,AtariAge
Doom,1993,1997/1999,FPS,GPLv2,Proprietary,Id Software,"Game source released on December 23, 1997, placed under GPL on October 3, 1999."
Doom,1995,2020,FPS,GPLv3,Proprietary,Sculptured Software,Super Nintendo Entertainment System
Doom II: Hell on Earth,1994,1997/1999,FPS,GPLv2,Proprietary,Id Software,"Game source released on December 23, 1997, placed under GPL on October 3, 1999."
Doom 3,2004,2011,FPS,GPLv3,Proprietary,Id Software,[183]
Doom 3: BFG Edition,2012,2012,FPS,GPLv3,Proprietary,Id Software,[184]
Dragonfire,1982,2003,action,public domain software,public domain,Imagic,Atari 2600
DROD,1997,2000,Puzzle game,[189],Proprietary,Webfoot,[190]
Duke Nukem 3D,1996,2003,FPS,GPLv2,Proprietary,3D Realms,[194]
Dungeon Defenders,2010,2011,Tower defense,?,Proprietary,Trendy Entertainment,source code
Dungeons of Daggorath,1982,2001,Dungeon crawler,Freeware,Freeware,DynaMicro / Douglas J. Morgan,for years there has been no production
Eat The Whistle - France 98,1998,2004,Sports game,GPLv2,GPLv2,Hurricane Studios,France 98
Eldritch,2013,2014,FPS,zlib license,Proprietary,Minor Key Games,source code
Elite,1984,1999,Space trading game,?,Freeware,Ian Bell,Ian Bell
Enemy Engaged: RAH-66 Comanche vs. KA-52 Hokum,2000,2003,Flight simulator,[213],Proprietary,Razorworks,Razorworks
Enemy Nations,1997,[215],RTS,[218],[218],Windward Studios,Windward Studios
Far Cry (video game),2004,?,FPS,Proprietary,Proprietary,Crytek,citation needed
F.E.A.R.,2005,?,FPS,Proprietary,Proprietary,Monolith Productions,citation needed
The Feeble Files,1997,2005,Adventure,Proprietary,Proprietary,Adventure Soft,[219]
Fight for Life,1996,2008,Fighting,?,Proprietary,Atari Corporation,[18]
Fish Fillets NG,1998,2002,Puzzle,GPLv2+,GPLv2+,Altar Games,Released commercially as Fish Fillets in 1998. Source released in 2002 under the GPL.
Flight of the Amazon Queen,1995,2003,Adventure,Proprietary,Proprietary,Interactive Binary Illusions,[219]
Flotilla,2010,2020,3d tactic game,Ms-PL,Proprietary,Blendo Games,[220]
Flow,2006,2009,Life simulation,? (For educational purposes),Freeware,Thatgamecompany,source code
Fort Apocalypse,1982,2015,action,CC BY-NC-ND,CC BY-NC-ND,Synapse Software,relicensed
Free Fall,1983,1999,Beat 'em up,?,Freeware,Ian Bell,Ian Bell
Freedom Force,2002,2002 (partly),FPS,Proprietary,Proprietary,Irrational Games,citation needed
FreeSpace 2,1999,2002,Space Sim,Non-commercial/Proprietary,Proprietary,Volition,Volition
Galaforce,1986,2019,Shoot 'em up,Proprietary,Proprietary,Superior Software,[229]
Gates of Skeldal,1998,2008,Dungeon crawler,GPLv3,Freeware,Napoleon Games,freeware
Gish,2004,2010,Action,GPLv2,Proprietary,Cryptic Sea,Humble Indie Bundle
Gladiator,1995,2002,top down perspective action game,GPLv2,GPLv2,Forgotten Sages Games,[236]
Glider 4.0,1991,2016,Flight simulator,MIT,Freeware,John Calhoun,[238]
Glider PRO,1994,2016,Flight simulator,GPLv2,Freeware,John Calhoun,source code
Glitch,2009,2013,MMO,CC0,CC0,Tinyspeck,CC0
Gloom,1995,2017,FPS,unlicense,"""for historical purposes""",Black Magic,assembly
Glypha III,1990s,2016,Arcade,MIT,Proprietary,John Calhoun,source code
God of Thunder,1993,2020,Puzzle video game,Public domain software,Proprietary,Adept Software,public domain
Gothic 3,2006,2007,RPG,Proprietary,Proprietary,JoWood,JoWood
Grand Monster Slam,1989,2017,Fantasy sports game,?,Proprietary,"Rolf Lakaemper, Hartwig Niedergassel",source code
Gravity Force 2,1994,2008,Multidirectional shooter,CC BY-SA 4.0,CC BY-SA 4.0,Jens Andersson & Jan Kronqvist,Amiga
Gunocide II,2000,2001,Galaga,GPLv2,Freeware,Alexander Bierbrauer and Oliver Weiler,[255]
H-Craft Championship,2007,2015,science fiction,zlib license,Freeware,Irrgheist,independent game studio
Habitat,1985,2016,MMORPG,MIT,MIT,Randy Farmer,The Museum of Art and Digital Entertainment
Hack 'n' Slash,2014,2014,Zelda-like puzzle game,?,Proprietary,Double Fine,source code
Hacker Evolution: Source code,2007,2015,Hacker game,?,Proprietary,Exosyphen,[271]
Hammerfight,2009,2011,2D physic based combat game,zlib license,Proprietary,Konstantin Koshutin,third Humble Indie Bundle
Haunts: The Manse Macabre,2012,2012,turn based strategy,[278],CC BY-NC-SA,Rick Dakan,[279]
Heartlight,1990,2005,Action-adventure,?,?,X LanD Computer Games / Janusz Pelc,source code
Heavy Metal: F.A.K.K. 2,2000,2001,Action-adventure,Proprietary,Proprietary,Ritual Entertainment,citation needed
Heretic,1994,1999,FPS,GPLv2,Proprietary,Raven Software,[284]
Heretic II,1998,1998,Action-adventure,Proprietary,Proprietary,Raven Software,citation needed
Hexen: Beyond Heretic,1995,1999,FPS,GPLv2,Proprietary,Raven Software,[284]
Hexen II,1997,2000,FPS,GPLv2,Proprietary,Raven Software,[289]
Highlander: The Last of the MacLeods,1995,2008,Action-adventure,?,Proprietary,Lore Design Limited,[18]
Homeworld,1999,2003,Real-time strategy,[290],Proprietary,Relic Entertainment,[291]
HoverRace,1996,2008,Racing,[300],Freeware,GrokkSoft,[302]
Hover Strike,1995,2017,Shooter,?,Proprietary,Atari Corporation,Facebook group
Hover Strike: Unconquered Lands,1995,2008,Shooter,?,Proprietary,Atari Corporation,[18]
Hovertank 3D,1991,[82],FPS,GPLv2,Proprietary,Flat Rock Software,John D. Carmack
Hundreds,2010,2010,Puzzle game,?,?,Greg Wohlwend,open source
Hypercycles,1995,2017,Shooter,GPLv3,Freeware,Bob Hays,GitHub
I-War,1995,2008,Shooter,?,Proprietary,Imagitec Design,[18]
In Pursuit of Greed,1996,2014,FPS,"non-commercial use, ""for educational and personal use only""",Freeware (non-commercial),Mind Shear Software,Softdisk Publishing
Infinity,2002,2016,RPG,Creative Commons,Freeware (non-commercial),Affinix Software,Game Boy Color
Inherit the Earth,1994,2005,Point and click adventure,Proprietary,Proprietary,The Dreamers Guild,[315]
Inside a Star-Filled Sky,2011,2011,Top-down shooter,Public domain software,Public domain,Jason Rohrer,[317]
Jim Power in Mutant Planet,1992,2017,Platform game,?,?,Digital Concept,[320]
Iron Seed,1994,2013,Space trading and combat simulator,GPLv3,Freeware (audiotracks CC BY-SA by Andrew Sega),Channel 7,[321]
Kaiser II,1988,2003,economical simulation,GPLv2,GPLv2,Carsten Strotmann,source code
Ken's Labyrinth,1993,2001,FPS,Non-commercial license,Freeware,Ken Silverman,freeware
Kiloblaster,1992,2008,Arcade,[327],Freeware,Epic MegaGames,freeware
Kingpin: Life of Crime,1999,?,FPS,Proprietary,Proprietary,Xatrix Entertainment,citation needed
Kumquat & Cantaloupe,1996,2012,Maze,undefined,Freeware,Dave Schofield,Amiga
Kroz,1987,2009,Maze,GPLv2,Freeware,Apogee Software,[67]
The Labyrinth of Time,1993,2016,Adventure,Proprietary,Proprietary,Terra Nova Development,[332]
Larva Mortus,2008,2009,Top-down shooter,[333],Commercial,Rake In Grass,Torque 2D
Lemmings,1991,2010,Puzzle game,?,?,Brutal Deluxe,Apple IIgs
Lemonade Stand,1973,1979,Business simulation game,Public domain software,Freeware,MECC,Applesoft BASIC
Lemma,2014,2014,FPS,MIT,Proprietary,Evan Todd,[343]
The Little Mermaid II: Pinball Frenzy,2000,2020,Pinball,Proprietary,Proprietary,Left Field Productions,[346]
The Lost Files of Sherlock Holmes: The Case of the Serrated Scalpel,1992,2015,Adventure,Proprietary,Proprietary,Mythos Software,[347]
Lugaru,2005,2010 / 2016 (assets),Action-adventure game,GPLv2,CC BY-SA,Wolfire Games,Humble Indie Bundle
Machines: Wired for War,1999,2020,Real-time strategy,GPLv3,?,Nightdive Studios,Nightdive Studios
Magic Land Island,2011,2012,Casual game,MIT,CC BY-NC-SA,Wooga,GDC Europe
Magus,1995,2014,Rogue-like,?,Freeware,Ronny Wester,[357]
Maelstrom,1992,1995/2010,Shoot 'em up,GPLv2,CC BY 3.0,Ambrosia Software,Asteroids
Marathon 2: Durandal,1995,2000,FPS,GPLv2,Freeware,Bungie,Bungie
Marathon Infinity,1996,2011,FPS,GPLv3,CC BY-NC-SA 3.0,Bungie,[362]
MechCommander 2,2001,2006,Real-time tactics,Shared Source Limited Permissive License,Proprietary,FASA Interactive,Shared Source
MegaBall,1991,2012,Breakout clone,Apache-2.0,Apache-2.0,Mackey Software/Ed Mackey,Amiga
Meridian 59,1995,2012,MMORPG,GPLv2,Freeware,Archetype Interactive,Freeware
Miner Wars 2081,2012,2013,6DOF,[370],Proprietary,Keen Software House,6DOF
Monster RPG 2,2010,2012,JRPG,zlib license,zlib license,Nooskewl,Indiegogo
MiG Alley,1999,2001,Flight simulation,own license,Proprietary,Rowan Software,Rowan Software
Mr. Do!,1992,2007,Arcade,source opened without defined license,without defined license,Universal Entertainment Corporation,[376]
Myth (series),1998,2001,Real-time tactics,source opened without defined license,Proprietary,Take 2 Interactive,Take 2 Interactive
Myst Online: Uru Live,2007,2010,MMORPG,GPLv3,Proprietary,Cyan Worlds,[380]
Natural Selection,2002,2014,FPS,GPLv2,Proprietary,Unknown Worlds Entertainment,[382]
Nanosaur,1998,2003,FPS,Own restrictive license,Proprietary,Pangea Software,source code
Nemesis the Warlock,1987,2019,Action game,Proprietary,Proprietary,Creative Reality,[12]
NoGravity,1996,2005,3D space space shooter / Wing Commander,GPLv2,GPLv2,realtech VR,realtech VR
Nothing to Hide,2013,2013,Stealth game,CC0,CC0,Nicky Case,crowdfunded
The Operative: No One Lives Forever,2000,2010,FPS,GPL,Proprietary,Monolith Productions,level editor
No One Lives Forever 2: A Spy in H.A.R.M.'s Way,2002,2011,FPS,GPLv2,Proprietary,Monolith Productions,Monolith Productions
Pararena 2,1992,2016,Action sport game,MIT,Proprietary,John Calhoun,source code
Pariah,2005,2005 (partly),FPS,Proprietary,Proprietary,Digital Extremes,[399]
PaybackTime 2,1997,2014,turn-based tactics,public domain software,public domain,Niko Nevatie and Kari Luojus,turn-based tactics
Penumbra: Overture,2007,2009,Survival horror,GPLv3,Proprietary,Frictional Games,[402]
Pinball Construction Set,1983,2013,pinball,MIT,MIT,Bill Budge,source code
Pirate Adventure,1978,1980,adventure game,?,?,Scott Adams (game designer),source code
Postal,1997,2016,Top-down shooter,GPLv2,Proprietary,Running with Scissors,source code
Postal 2,2003,2003 (partly?),FPS,Proprietary,Proprietary,Running with Scissors,citation needed
Preppie!,1982,2016,action game,?,?,Russ Wetmore / Star Systems Software,source code
Prince of Persia,1989,2012,Cinematic platformer,Proprietary,Proprietary,Jordan Mechner,Apple II
Project Starfighter,2001,2008,Shoot 'em up,GPLv2,Freeware,Parallel Realities,
Quake,1996,1999,FPS,GPLv2,Proprietary,Id Software,"Game source released on December 21, 1999."
Quake II,1997,2001,FPS,GPLv2,Proprietary,Id Software,"Game source released on December 22, 2001."
Quake III Arena,1999,2005,FPS,GPLv2,Proprietary,Id Software,"Game source released on August 19, 2005."
Rampage,1988,2019,Action game,Proprietary,Proprietary,"Software Studios, Catalyst Coders",[12]
Return to Castle Wolfenstein,2001,2010,FPS,GPLv3,Proprietary,Gray Matter Interactive,GNU General Public License
Revenge of the Titans,2010,2011,Tower Defense,BSD-3-Clause,Proprietary,Puppy Games,Humble Indie Bundle
Rise of the Triad,1994,2002,FPS,GPLv2,Proprietary,Apogee Software,[423]
Roboforge,2001,2008,Strategy game,"""RoboForge, Personal, Non-Commercial Use End User License""",Freeware,Liquid Edge,[424]
Rocky Racers,[427],[428],Racing game,Non-Commercial license,Freeware,Positech Games,Positech Games
Rowan's Battle of Britain,2000,2001,Flight simulation,Empire Interactive License,Proprietary,Rowan Software,Rowan Software
Rune,1999,2000,FPS,Proprietary,Proprietary,Human Head Studios,citation needed
RuneSword II,2001,[431],Turn-based strategy,Public domain software,Public Domain,CrossCut Games,[433]
Ryzom,2004,2010,MMORPG,AGPL,CC BY-SA 3.0,Nevrax,Nevrax
Savage: The Battle for Newerth,2003,2007,Real-time strategy,no license/proprietary,Freeware,S2 Games,freeware
Savant - Ascent,2013,2015,Action,Proprietary,Proprietary,D-Pad Studio,Humble Weekly Bundle: Play and Create with GameMaker
Sea Dogs: An Epic Adventure at Sea,2000,2009,pirate game,?,Proprietary,Akella,[444]
Serious Sam,2001,2016,FPS,GPLv2,Proprietary,Croteam,free and open-source software
Seven Kingdoms,1996,2008,RTS,GPLv2,GPLv2,Enlight,Enlight
Seven Kingdoms II,1999,2009,RTS,GPLv2,Proprietary,Enlight,"Source code released in August, 2009."
Severance: Blade of Darkness,2001,2001 (partly),FPS,Proprietary,Proprietary,Rebel Act Studios,citation needed
Shadowgun: Deadzone,2011,2015,Shoot 'em up,[449],Proprietary,Madfinger Games,[450]
Shadowgrounds,2005,2011,Shoot 'em up,[451],Proprietary,Frozenbyte,Humble Indie Bundle
Shadow Warrior,1997,2005,FPS,GPLv2,Proprietary,3D Realms,[453]
Shogo: Mobile Armor Division,1998,1998,FPS,GPL,Proprietary,Monolith Productions,[454]
Siege of Avalon,2000,2003,RPG,LGPL,Proprietary,Digital Tome,[456]
Silent Hunter II,2001,2002,submarine simulation,?,Proprietary,Ubisoft,ended the official support
SimCity,1989 (as SimCity),2008 (as Micropolis),City-building game,GPLv3,GPLv3,Maxis,OLPC
SiN: Wages of Sin,1998,1998,FPS,Proprietary,Proprietary,Ritual Entertainment,citation needed
Sissyfight 2000 Returns,2014,2018,Multiplayer,MIT,CC BY,Zimmerman,Zimmerman
Sláine,1987,2019,Adventure,Proprietary,Proprietary,Creative Reality,[12]
Soldat,2002,2020,Run and gun,MIT,CC BY 4.0,Team Soldat,[467]
Soliter,1994,[470],Puzzle game,?,Freeware,Oldsoft,solitair
Soldier of Fortune,2000,?,FPS,Proprietary,Proprietary,Raven Software,citation needed
Soldier of Fortune II: Double Helix,2002,?,FPS,Proprietary,Proprietary,Raven Software,citation needed
Solstice,2016,2016,Visual novel,Proprietary,Proprietary,MoaCube,Humble GameMaker Bundle
Sopwith,1984,2000,Shoot 'em up,GPLv2,GPLv2,David L. Clark,C
Soul Ride,[474],2003,Snow board,GPLv2,Proprietary,Slingshot Game Technology,[476]
Spacebase DF-9,2013,2015,Space simulator,CPAL,?,Double Fine,ended the support
Space Engineers,2013,2015,sandbox game,Proprietary,commercial,Keen Software House,source code
Spacewar!,1962,2003 (?),Space combat,?,?,Steve Russell,[483]
Spear of Destiny,1992,1995,FPS,[484],Proprietary,id Software,Spear of Destiny
Speed Haste,1995,2012,racing video game,public domain like license,Proprietary,Javier Arevalo Baeza,Borland
Planet Blupi,1997,2017,Platformer,GPLv3,GPLv3,"Epsitec SA / Daniel Roux, Denis Dumoulin, Mathieu Schroeter",Open source
Star Control II,1992,2002,Action RPG,GPLv2,Cc-by-nc-sa,Toys for Bob,3DO
Star Fire,1980,2020,Arcade,Proprietary,Proprietary,Exidy,Internet Archive
Star Raiders,1979,2015,space combat simulator,?,?,Atari,Internet Archive
Star Ruler 2,[496],2018,Real-time strategy,MIT,CC BY-SA,Blind Mind Studios,GitHub
Star Trek: Voyager – Elite Force,2000,2000,FPS,Proprietary,Proprietary,Raven Software,citation needed
Star Trek: Elite Force II,2002,2003,FPS,non-commercial own license (only serverside part),Proprietary,Ritual Entertainment,source code
Star Wars Jedi Knight II: Jedi Outcast,2002,2013,First,GPLv2,Proprietary,Raven Software,Raven Software
Star Wars Jedi Knight: Jedi Academy,2003,2013,First,GPLv2,Proprietary,Raven Software,Raven Software
Starshatter: The Gathering Storm,2004,2011,Space combat simulator,New BSD License,Freeware,Matrix Games,Matrix Games
Stealth Bastard Deluxe,2012,2015,Stealth,Proprietary,Proprietary,Curve Digital,Humble Weekly Bundle: Play and Create with GameMaker
Strange Adventures in Infinite Space,2002,2005/2009,Roguelike,GPLv3,CC BY-NC 4.0,Digital Eel,Digital Eel
Stunt Copter,mid 1980,?,Arcade,Public domain software,Public domain,Duane Blehm / HomeTown Software,source code
Stellar Conquest III: Hostile Takeover,[509],2006,Stellar Conquest,open source freeware (non-commercial),Freeware (non-commercial redistribution allowed),NecroBones / Ed T. Toton III,Turbo Pascal
Stellar Frontier,1997,2008,Space simulation,[511],STARDOCK SHARED SOURCE STELLAR FRONTIER LICENSE (non-commercial license),Stardock,Stardock
Super Lemon Factory,2012,2012,Text adventure,Proprietary,Proprietary,Initialsgames,[514]
Supernova,1987,2009,Text adventure,GPLv2,Freeware,Apogee Software,[67]
System Shock,1994,2018,FPS,GPLv3,Proprietary,Night Dive Studios,[516]
Taxman,1981,202?,pacman clone,?,?,H.A.L. Labs / Brian Fitzgerald,Apple II
Team 47: GoMan,[524],1998,Mech game,public domain software,public domain,47-TEK,[526]
Tempest 2000,1994,2008,Tube shooter,?,Proprietary,Llamasoft,[18]
Terminal Velocity,1995,2015,flight game,?,?,Mark Randel,[528]
The Clue!,1994,2000,role-playing,own license,own license / Freeware,Neo Software,[530]
The Guild of Thieves,1987,2017,adventure game,?,?,Magnetic Scrolls,Magnetic Scrolls
The Wizard's Castle,1980,2004,role-playing,?,?,Joseph R. Power,Recreational Computing
The Pit Puzzle,1997,2011,Puzzle game,Apache-2.0,[538],Abe Pralle / Plasmaworks,[539]
The Wheel of Time,1999,1999,FPS,Proprietary,Proprietary,Legend Entertainment,citation needed
To Heart 2,2004,2006,Visual novel,GPLv2,Proprietary,Aquaplus,source code
To the Moon,2011,2014,role-playing game,GPLv2,Proprietary,Freebird Games,RPG Maker XP
Tony Tough and the Night of Roasted Moths,2002,2012,Point and click adventure,Proprietary,Proprietary,Nayma Software,DotEmu
Tornado,1993,2017,combat flight simulator,?,Proprietary,Interplay Entertainment,Interplay Entertainment
Tread Marks,2000,2017,Tank Combat,GPLv3,Freeware,Seumas McNally,Seumas McNally Grand Prize
Treasures of a Slaver's Kingdom,2007,2010,Z-machine,Freeware,Freeware,Cumberland Games & Diversions,S. John Ross
Trevor McFur in the Crescent Galaxy,1993,2008,Shoot 'em up,?,Proprietary,Flare II,[18]
Tribal Trouble,2005,2014,RTS,GPLv2,Freeware,Oddlabs,source code
Tribes 2,2001,2012,FPS,Torque engine,Freeware,Dynamix,Torque engine
Tron 2.0,2003,2009,FPS,?,?,Monolith Productions,Source code released with Lithtech Jupiter Enterprise b69 engine.
Triplane Turmoil,1996,2009,side-scrolling dogfighting flying game,GPLv3,GPLv3,Dodekaedron Software,shareware
Tyrian,1995,2007,Scrolling shooter,GPLv2,Freeware,Epic MegaGames,ported
Ultima: Escape from Mt. Drash,1983,2003,Role-playing video game,Proprietary,Proprietary,Sierra On-Line,PC
Unreal,1998,2008,FPS,source opened to the community under NDA,Proprietary,Epic MegaGames,citation needed
Unreal Tournament 99,1999,?,FPS,Proprietary,Proprietary,"Epic Games, Digital Extremes, Legend Entertainment",citation needed
Unreal Tournament 2003,2002,?,FPS,Proprietary,Proprietary,Epic Games,citation needed
Unreal Tournament 2004,2004,?,FPS,Proprietary,Proprietary,Epic Games,citation needed
Unreal Tournament 3,2007,?,FPS,Proprietary,Proprietary,Epic Games,citation needed
Uplink,2001,2003,Hacking,Proprietary,Proprietary,Introversion Software,Introversion Software
Unreal II: The Awakening,2003,?,FPS,Proprietary,Proprietary,Legend Entertainment,citation needed
Unrest,2014,2020,Role-playing video game,MIT,Proprietary,Pyrodactyl Games,MIT License
Urban Chaos,1999,2017,Action-adventure game,MIT,Proprietary,Mucky Foot,source code
Vangers,1998,2016,racing and role-playing genre,GPLv3,Proprietary,K-D Lab,source code
Video Checkers,1980,2020,Board,Proprietary,Proprietary,"Atari, Inc.",first-party video game
VGA Civil War Strategy Game,1995,2017,turn based strategy,MIT,MIT,W. R. Hutsell,source code
Vox,2013,2015,open world simulation,GPLv3,Proprietary,AlwaysGeeky Games,Ludum Dare
Voxelquest,2014,2016,open world simulation,MIT,MIT,Gavan Woolery,crowdfunding
VVVVVV,2010,2020,platformer,source available,Proprietary,Terry Cavanagh,[585]
Wander,1974,2015,Text adventure,public domain (?),public domain (?),Peter Langston,source code
Warlords Battlecry III,2004,2006,RTS,Own proprietary license,Proprietary,Infinite Interactive,source code
War Worlds,2013,2014,RTS,[594],Own permissive license,Codeka / Dean Harding,[595]
Warfare Incorporated,2003,2014,RTS,FreeBSD,BSD license,Spiffcode,source code
Warzone 2100,1999,2004/2008,RTS,GPLv2,GPLv2,Pumpkin Studios,Pumpkin Studios
Witchaven,1995,2006,FPS,non-given,Proprietary,Capstone Software,Capstone Software
Wolfenstein 3D,1992,1995,FPS,[484],Proprietary,id Software,Spear of Destiny
Wolfenstein: Enemy Territory,2003,2010,FPS,GPLv3,Proprietary,Splash Damage,[603]
Word Whiz,1988,2009,Educational game,GPLv2,Freeware,Apogee Software,[67]
World in Conflict,2007,2017,Real time strategy game,GPLv2,Proprietary,Ubisoft,[605]
World Train Royale,2009,2011,Tycoon game,?,Freeware,Versus Software,[606]
Worms Armageddon,1999,2002,Deathmatch game,?,Commercial,Team17,[609]
Xargon,1993,2008,Platformer,[327],Freeware,Epic MegaGames,[612]
Xenonauts,2014,2015,Turn-based tactics,?,Proprietary,Goldhawk Interactive,source code
XIII,2003,2018 (partly),FPS,Proprietary,Proprietary,Ubisoft Paris,UnrealScript
Zork,1977,1978,Text adventure,Public domain software,Public domain,Infocom,Public domain software
