2,Facebook,"717,086","24,727",C,Top
3,NXIVM,"651,716","22,472",Start,Low
4,Google,"572,975","19,757",C,Top
10,Amazon.com,"359,413","12,393",B,High
11,Apple Inc.,"357,496","12,327",B,Top
14,Marvel Comics,"332,348","11,460",C,High
17,The Walt Disney Company,"309,239","10,663",C,Top
18,WWE,"299,670","10,333",B,High
22,DC Comics,"248,413","8,565",C,Low
25,McDonald's,"222,321","7,666",B,Top
27,Microsoft,"213,715","7,369",B,Top
28,Kering,"201,996","6,965",Start,High
29,Huawei,"195,282","6,733",B,Top
30,Walmart,"175,779","6,061",B,Top
33,Warner Bros.,"163,472","5,636",C,High
34,"Nike, Inc.","163,464","5,636",C,High
36,Alphabet Inc.,"160,768","5,543",C,High
38,Berkshire Hathaway,"160,096","5,520",B,Top
42,Mossimo,"152,289","5,251",Start,Low
43,BMW,"150,796","5,199",C,High
45,East India Company,"146,896","5,065",B,High
46,Tencent,"146,621","5,055",C,High
48,Samsung,"144,062","4,967",B,Top
49,Ford Motor Company,"140,010","4,827",B,Top
51,Volkswagen Group,"136,145","4,694",C,Top
52,Boeing,"135,959","4,688",B,Top
56,Toyota,"132,113","4,555",C,Top
59,IBM,"127,299","4,389",B,Top
60,Alibaba Group,"125,991","4,344",B,High
65,Nintendo,"115,369","3,978",B,High
69,General Motors,"112,617","3,883",C,Top
70,Accenture,"112,501","3,879",B,High
71,AT&T,"111,930","3,859",B,Top
74,Pixar,"110,182","3,799",GA,High
77,Saudi Aramco,"108,892","3,754",B,Top
79,PepsiCo,"106,874","3,685",B,Top
80,JPMorgan Chase,"106,671","3,678",B,Top
81,American Airlines,"106,671","3,678",C,High
82,Delta Air Lines,"106,271","3,664",C,High
85,Oracle Corporation,"104,615","3,607",B,High
87,Versace,"102,673","3,540",Start,Low
88,Gucci,"102,295","3,527",C,Low
89,Canadian Broadcasting Corporation,"101,203","3,489",B,Low
90,YG Entertainment,"100,650","3,470",Start,High
91,Tata Group,"99,384","3,427",Start,High
92,Vodafone,"99,330","3,425",C,Top
93,State Bank of India,"99,329","3,425",C,Low
94,Sony,"98,450","3,394",B,Top
96,Volkswagen,"97,613","3,365",B,Top
97,WarnerMedia,"97,044","3,346",C,High
98,Nokia,"96,752","3,336",B,High
99,United Airlines,"96,750","3,336",C,High
100,United Spirits,"96,650","3,332",C,Low
104,Nestlé,"95,796","3,303",B,Top
105,Daimler AG,"95,548","3,294",C,Top
110,The Coca-Cola Company,"94,256","3,250",B,Top
111,Honda,"94,229","3,249",B,Top
113,General Electric,"94,015","3,241",C,Top
118,Universal Pictures,"92,410","3,186",C,High
120,Air India,"92,220","3,180",GA,High
121,Ernst & Young,"91,632","3,159",B,High
122,Paramount Pictures,"91,024","3,138",C,High
126,Unilever,"85,648","2,953",C,Top
127,HSBC,"85,626","2,952",B,Top
128,Rakuten,"83,760","2,888",B,High
129,Lufthansa,"83,715","2,886",B,High
132,Star Alliance,"82,898","2,858",GA,High
133,Intel,"82,581","2,847",B,Top
138,Lockheed Martin,"81,570","2,812",C,Top
140,Kia Motors,"81,284","2,802",C,High
141,Southwest Airlines,"80,634","2,780",C,High
142,Audi,"80,479","2,775",B,High
144,British Airways,"80,139","2,763",GA,High
146,Wells Fargo,"79,042","2,725",B,Top
149,Royal Dutch Shell,"78,936","2,721",B,Top
150,ExxonMobil,"78,853","2,719",B,Top
151,Comcast,"78,828","2,718",B,High
152,Goldman Sachs,"78,753","2,715",B,High
156,Metro-Goldwyn-Mayer,"77,130","2,659",C,High
157,Taco Bell,"77,072","2,657",B,Low
159,Tata Consultancy Services,"76,398","2,634",C,High
160,Ryanair,"76,271","2,630",C,High
161,Lehman Brothers,"75,828","2,614",C,Top
162,Hewlett-Packard,"75,825","2,614",C,Top
163,Procter & Gamble,"75,305","2,596",C,Top
164,ByteDance,"75,223","2,593",Start,Low
165,H&M,"75,218","2,593",B,Low
167,Costco,"75,065","2,588",B,High
168,HDFC Bank,"74,951","2,584",Start,High
170,Chrysler,"74,867","2,581",C,Top
172,Burger King,"74,123","2,555",GA,High
173,Foxconn,"73,796","2,544",Start,Top
174,Nissan,"73,750","2,543",C,High
175,American Express,"73,373","2,530",B,High
184,Cadbury,"71,539","2,466",C,High
185,New York Stock Exchange,"71,359","2,460",B,Top
186,ICICI Bank,"71,286","2,458",Start,High
188,Enron,"70,872","2,443",C,Top
189,Vistara,"70,846","2,442",GA,Low
191,7-Eleven,"70,619","2,435",C,High
193,Bank of America,"70,483","2,430",B,Top
194,NBC,"70,467","2,429",B,High
195,Infosys,"70,315","2,424",C,High
196,Impossible Foods,"69,659","2,402",Start,Low
197,Siemens,"69,503","2,396",C,Top
198,Electronic Arts,"69,469","2,395",B,High
200,Groupe Artémis,"68,939","2,377",Stub,Low
201,Dell,"68,778","2,371",B,Top
202,Hanna-Barbera,"68,573","2,364",C,High
203,Flipkart,"68,361","2,357",Start,Low
204,Laika (company),"68,324","2,356",Start,Low
205,Deutsche Welle,"67,361","2,322",C,High
206,AOL,"67,351","2,322",B,Top
209,Bang Bros,"67,072","2,312",Start,Low
210,Bomis,"67,050","2,312",GA,Low
213,Marriott International,"66,510","2,293",C,Top
214,Oppo,"66,375","2,288",Start,Low
215,Dark Horse Comics,"66,243","2,284",Start,Low
216,Capital One,"66,070","2,278",Start,High
221,Dutch East India Company,"65,008","2,241",B,Top
222,Cisco Systems,"64,977","2,240",B,Top
227,Diageo,"63,277","2,181",C,Low
230,Mondelez International,"62,703","2,162",C,High
231,Lenovo,"62,690","2,161",C,High
234,JYP Entertainment,"62,268","2,147",Start,High
235,American Broadcasting Company,"62,214","2,145",B,High
236,JetBlue,"62,164","2,143",B,High
240,Ubisoft,"61,568","2,123",C,High
242,Cognizant,"61,014","2,103",Start,Low
243,Hyundai Motor Company,"60,850","2,098",C,High
244,Archie Comics,"60,514","2,086",C,Low
245,Johnson & Johnson,"60,501","2,086",B,Top
248,Fox Broadcasting Company,"59,886","2,065",C,High
252,Beyond Meat,"59,160","2,040",C,Low
255,The Blackstone Group,"58,829","2,028",GA,Top
258,Anheuser-Busch InBev,"58,163","2,005",Start,High
260,L'Oréal,"58,024","2,000",Start,High
263,United States Postal Service,"57,093","1,968",Start,High
264,The Home Depot,"57,076","1,968",B,Top
266,BlackRock,"57,027","1,966",Start,Low
267,Fiat Chrysler Automobiles,"56,820","1,959",Start,High
268,SM Entertainment,"56,788","1,958",C,High
269,Mazda,"56,739","1,956",C,High
272,Death Row Records,"56,430","1,945",B,Low
273,Advanced Micro Devices,"56,398","1,944",B,High
274,ESPN,"56,249","1,939",B,High
277,The Boring Company,"55,709","1,921",B,Low
279,EasyJet,"55,365","1,909",B,High
280,Pan American World Airways,"55,310","1,907",B,Top
282,IDBI Bank,"54,752","1,888",Start,Low
283,Bet365,"54,727","1,887",Start,Low
284,21st Century Fox,"54,438","1,877",C,High
287,BBK Electronics,"53,758","1,853",Stub,Low
289,Rooster Teeth,"53,620","1,848",C,Low
293,Samsung Electronics,"53,148","1,832",B,High
295,Sega,"52,819","1,821",GA,High
296,Columbia Pictures,"52,739","1,818",C,High
300,Koch Industries,"52,282","1,802",C,Top
301,Halliburton,"52,072","1,795",B,High
302,Qantas,"51,710","1,783",B,High
303,Philips,"51,674","1,781",C,High
304,Under Armour,"51,399","1,772",Start,Low
305,Jaguar Land Rover,"51,390","1,772",Start,Low
307,Blockbuster LLC,"51,360","1,771",B,High
308,Kodak,"51,220","1,766",C,Top
309,Asus,"50,947","1,756",B,Low
311,DHL,"50,747","1,749",Start,High
313,All Nippon Airways,"50,572","1,743",B,High
316,Chevron Corporation,"50,305","1,734",C,Top
321,Aditya Birla Group,"49,682","1,713",Start,High
322,Blue Origin,"49,438","1,704",C,Low
323,BioWare,"49,392","1,703",C,Low
324,Maruti Suzuki,"49,321","1,700",C,Top
325,Suzuki,"49,110","1,693",Start,High
326,SoundCloud,"49,006","1,689",B,Low
327,Virgin Atlantic,"48,993","1,689",B,Low
328,Barclays,"48,975","1,688",B,High
329,FedEx,"48,838","1,684",B,High
331,Purdue Pharma,"48,719","1,679",Start,Low
332,A24 (company),"48,657","1,677",Start,Low
333,Investment banking,"48,605","1,676",B,High
334,Royal Caribbean International,"48,521","1,673",B,Low
335,DreamWorks Pictures,"48,481","1,671",Start,Low
336,Morgan Stanley,"48,419","1,669",B,High
338,Motorola,"48,148","1,660",Start,High
339,"Toys ""R"" Us","47,998","1,655",C,High
340,Stop & Shop,"47,915","1,652",C,Low
341,BAE Systems,"47,868","1,650",FA,High
344,Adobe Inc.,"47,732","1,645",B,Low
345,Nando's,"47,654","1,643",Start,Low
346,Luxottica,"47,598","1,641",C,High
348,Air Canada,"47,552","1,639",B,High
349,Junk Mail Digital Media,"47,281","1,630",Start,Low
351,DuPont,"47,201","1,627",B,Top
352,Caterpillar Inc.,"47,188","1,627",B,Top
354,WeWork,"47,028","1,621",Start,Low
355,Reebok,"46,853","1,615",C,High
356,Mitsubishi,"46,740","1,611",Start,High
360,Citigroup,"45,991","1,585",B,Top
361,Standard Oil,"45,854","1,581",B,Top
362,Nvidia,"45,678","1,575",C,Low
363,Bharti Airtel,"45,626","1,573",C,High
364,Verizon Communications,"45,622","1,573",C,High
365,John Deere,"45,469","1,567",B,High
366,Yum! Brands,"45,408","1,565",C,High
367,Box Office Mojo,"45,276","1,561",Start,Low
370,3M,"45,160","1,557",B,Top
373,Kellogg's,"44,682","1,540",C,High
375,Peugeot,"44,523","1,535",B,High
379,Northrop Grumman,"44,368","1,529",B,High
382,Wish (company),"44,144","1,522",Start,Low
383,Pfizer,"44,133","1,521",B,High
384,Amazon Prime,"44,084","1,520",Start,Low
385,GlaxoSmithKline,"44,015","1,517",C,High
386,ShoeDazzle,"43,977","1,516",Start,Low
387,AMC Theatres,"43,958","1,515",C,Low
392,Internet Archive,"43,608","1,503",C,Low
393,NBCUniversal,"43,544","1,501",B,Top
395,Dodge,"43,349","1,494",C,High
396,Trader Joe's,"43,193","1,489",C,Low
397,Dolce & Gabbana,"43,135","1,487",C,Low
398,Tumblr,"43,109","1,486",C,Low
404,Axis Bank,"42,680","1,471",Start,High
405,LG Electronics,"42,656","1,470",C,High
406,Levi Strauss & Co.,"42,607","1,469",C,Low
407,Amtrak,"42,489","1,465",B,High
411,Wizz Air,"42,133","1,452",Start,Low
414,Bridgewater Associates,"41,916","1,445",GA,Low
415,Visa Inc.,"41,789","1,441",B,High
416,IGN,"41,777","1,440",C,Low
418,Volkswagen emissions scandal,"41,695","1,437",C,High
420,Live Nation Entertainment,"41,505","1,431",C,Low
421,Reuters,"41,420","1,428",C,High
422,Cargill,"41,409","1,427",Start,High
426,ENIC Group,"41,145","1,418",Start,Low
427,Volvo,"41,000","1,413",Start,High
428,Air France,"40,982","1,413",B,High
430,WestJet,"40,946","1,411",C,Low
435,McLaren Automotive,"40,835","1,408",C,Low
436,Wendy's,"40,748","1,405",C,High
438,McDonnell Douglas,"40,695","1,403",B,High
440,Aeroflot,"40,575","1,399",C,High
441,Record label,"40,391","1,392",C,High
443,Stratton Oakmont,"40,313","1,390",Start,Low
444,Häagen-Dazs,"40,175","1,385",Start,Low
445,Grab (company),"40,059","1,381",C,Low
447,VMware,"39,918","1,376",C,Low
448,The Trump Organization,"39,909","1,376",B,Low
449,Beats Electronics,"39,841","1,373",C,Low
450,UBS,"39,640","1,366",GA,Top
453,Deutsche Telekom,"39,453","1,360",Start,High
456,"Square, Inc.","39,274","1,354",C,Low
457,Mastercard,"39,180","1,351",B,High
458,OnlyFans,"39,174","1,350",Start,Low
460,Citibank,"39,095","1,348",C,High
461,Virgin Group,"38,861","1,340",Start,High
463,ABB Group,"38,713","1,334",C,Top
466,Supercheap Auto,"38,259","1,319",Start,Low
467,Napster,"38,157","1,315",C,Low
469,William Morris Endeavor,"38,125","1,314",C,Low
470,Anadarko Petroleum,"38,123","1,314",C,High
471,Quora,"37,981","1,309",C,Low
475,Ethereum,"37,466","1,291",C,Low
476,Krispy Kreme,"37,461","1,291",C,Low
478,New Balance,"37,382","1,289",Start,Low
479,Whole Foods Market,"37,377","1,288",B,High
485,Dairy Queen,"36,863","1,271",B,Low
486,Hasbro,"36,832","1,270",C,High
488,Uber Eats,"36,751","1,267",Stub,Low
490,TCL Corporation,"36,672","1,264",Start,Low
501,BuzzFeed,"35,927","1,238",C,Low
502,UnitedHealth Group,"35,914","1,238",Start,Top
504,Standard Chartered,"35,894","1,237",Start,Low
505,Bacardi,"35,833","1,235",C,Low
506,Michelin,"35,818","1,235",C,High
507,Nasty Gal,"35,806","1,234",Start,Low
509,Kaiser Permanente,"35,542","1,225",B,High
511,Bones (studio),"35,385","1,220",Start,Low
513,New Line Cinema,"35,228","1,214",Start,Low
517,The Carlyle Group,"34,921","1,204",B,High
518,Saber Interactive,"34,914","1,203",Stub,Low
519,De Beers,"34,873","1,202",C,Top
521,Ashley Madison,"34,793","1,199",C,Low
522,Shopify,"34,761","1,198",C,Low
526,Big Baller Brand,"34,571","1,192",Start,Low
529,Fenway Sports Group,"34,438","1,187",Start,Low
530,Dow Chemical Company,"34,287","1,182",B,High
534,J. C. Penney,"34,107","1,176",C,Low
535,88rising,"34,099","1,175",Start,Low
537,National Stock Exchange of India,"34,025","1,173",C,High
538,Dharma Productions,"33,955","1,170",Start,Low
544,Take-Two Interactive,"33,835","1,166",C,Low
546,Santos FC,"33,778","1,164",B,Low
548,Merck & Co.,"33,654","1,160",C,High
549,Big Four (banking),"33,630","1,159",Start,Low
550,BT Group,"33,606","1,158",B,High
552,Qnet,"33,540","1,156",Start,Low
553,AccorHotels,"33,438","1,153",C,High
554,Yakult,"33,433","1,152",C,Low
555,The Oberoi Group,"33,420","1,152",Start,Low
560,AirAsia India,"33,116","1,141",GA,Low
561,National Bank for Agriculture and Rural Development,"33,037","1,139",C,Low
562,Anheuser-Busch,"33,034","1,139",C,High
563,The Lego Group,"32,980","1,137",C,High
565,Annapurna Pictures,"32,895","1,134",Start,Low
566,Vans,"32,844","1,132",Start,Low
567,Abbott Laboratories,"32,832","1,132",C,High
568,IMG (company),"32,804","1,131",Start,Low
569,Walgreens,"32,800","1,131",B,High
570,Patagonia (clothing),"32,788","1,130",C,Low
571,American International Group,"32,748","1,129",C,Top
573,Dr. Martens,"32,729","1,128",Start,Low
574,United Breweries Group,"32,712","1,128",Start,Low
575,Starwood,"32,676","1,126",C,Low
577,MG Motor,"32,585","1,123",Start,Low
578,Vice Media,"32,529","1,121",Start,Low
579,Shopee,"32,512","1,121",Start,Low
581,Kmart,"32,486","1,120",B,High
582,Lowe's,"32,474","1,119",C,High
583,Studebaker,"32,246","1,111",B,Low
586,Hilton Worldwide,"32,197","1,110",C,Top
587,Gap Inc.,"32,197","1,110",Start,Low
588,Snapdeal,"32,188","1,109",Start,Low
592,Anschutz Entertainment Group,"32,089","1,106",Start,Low
595,China Southern Airlines,"32,029","1,104",Start,Low
597,Putlocker,"31,839","1,097",Start,Low
598,Tiffany & Co.,"31,837","1,097",C,High
600,Embraer,"31,777","1,095",B,High
602,Bethesda Softworks,"31,673","1,092",Start,Low
603,Altria,"31,646","1,091",C,Top
606,Kraft Heinz,"31,602","1,089",Start,Low
607,Total S.A.,"31,388","1,082",C,Top
609,Fila (company),"31,374","1,081",Stub,Low
610,Waymo,"31,356","1,081",B,Low
614,Shake Shack,"31,270","1,078",Start,Low
615,Bombay Stock Exchange,"31,264","1,078",C,High
616,SAIC Motor,"31,259","1,077",C,Low
617,InterContinental Hotels Group,"31,219","1,076",Start,Low
619,Tata Sons,"31,123","1,073",Stub,Low
620,Boston Dynamics,"31,080","1,071",Start,Low
623,Rolls-Royce Holdings,"30,888","1,065",B,High
626,Turner Broadcasting System,"30,721","1,059",C,High
627,Flybe,"30,714","1,059",C,Low
629,Nirav Modi,"30,679","1,057",Stub,Low
630,Atlassian,"30,645","1,056",Start,Low
631,Kraft Foods,"30,641","1,056",C,Top
632,Indian Motocycle Manufacturing Company,"30,614","1,055",B,Low
636,Air China,"30,508","1,052",B,High
637,Reckitt Benckiser,"30,493","1,051",C,Low
639,Continental Airlines,"30,387","1,047",B,High
640,S7 Airlines,"30,351","1,046",C,High
641,Kohlberg Kravis Roberts,"30,321","1,045",C,Top
643,Union Pacific Railroad,"30,247","1,043",B,High
644,SNC-Lavalin,"30,224","1,042",Start,Low
645,Holden,"30,196","1,041",FA,High
646,Adani Group,"30,135","1,039",Start,Low
647,Savage Arms,"30,115","1,038",C,Low
648,The Weinstein Company,"30,075","1,037",C,Low
649,Sainsbury's,"30,012","1,034",B,High
653,ServiceNow,"29,906","1,031",Start,Low
659,General Dynamics,"29,745","1,025",C,Low
660,Activision Blizzard,"29,739","1,025",C,High
663,Dunder Mifflin,"29,701","1,024",GA,Low
664,Korean Air,"29,665","1,022",B,High
665,Legendary Entertainment,"29,646","1,022",C,Low
666,Illusion (company),"29,638","1,022",Stub,Low
667,Genpact,"29,599","1,020",Start,Low
668,Hinduja Group,"29,585","1,020",Start,High
669,Vodafone Idea Limited,"29,576","1,019",Start,High
671,Fannie Mae,"29,523","1,018",B,High
673,Decathlon Group,"29,470","1,016",Start,Low
674,Carvana,"29,444","1,015",Start,Low
675,US Airways,"29,437","1,015",B,High
676,Odebrecht,"29,404","1,013",Start,Low
677,Lululemon Athletica,"29,381","1,013",C,Low
678,Activision,"29,377","1,013",C,Low
679,LG Corporation,"29,318","1,010",C,High
680,The Bank of New York Mellon,"29,314","1,010",B,High
683,Atari,"29,183","1,006",C,High
686,Leica Camera,"29,033","1,001",C,High
687,Hermès,"29,029","1,001",C,Low
689,Zillow,"28,991",999,Start,Low
691,Bethesda Game Studios,"28,969",998,Start,Low
695,JAB Holding Company,"28,854",994,Start,Low
696,CD Projekt,"28,788",992,GA,Low
698,NDTV,"28,760",991,Start,Low
699,Ask.com,"28,755",991,C,Low
701,Sinclair Broadcast Group,"28,676",988,Start,Low
705,Xerox,"28,329",976,C,High
706,Oldsmobile,"28,316",976,B,Low
708,AIA Group,"28,296",975,Start,Low
713,Firebase,"28,180",971,Start,Low
717,Miramax,"28,076",968,C,Low
718,Canon Inc.,"28,070",967,C,High
719,MyLife,"28,059",967,Start,Low
720,GoFundMe,"28,033",966,Start,Low
721,Stripe (company),"27,968",964,Start,Low
722,American Motors Corporation,"27,903",962,B,High
723,DirecTV,"27,866",960,C,High
724,"Workday, Inc.","27,858",960,Start,Low
725,Funimation,"27,810",958,Start,Low
726,Dyson (company),"27,787",958,C,Low
728,CVS Pharmacy,"27,757",957,B,High
729,Snap Inc.,"27,733",956,C,High
730,China Airlines,"27,691",954,C,Low
731,Red Chillies Entertainment,"27,672",954,Start,Low
732,Punjab National Bank,"27,646",953,Start,High
736,McKesson Corporation,"27,435",946,Start,Top
737,Abercrombie & Fitch,"27,378",944,C,Low
738,United Technologies,"27,329",942,C,High
740,Wayfair,"27,286",940,Start,Low
741,Micro Focus,"27,245",939,Start,Low
745,Mauser,"27,140",935,Start,Low
746,Nikon,"27,124",935,C,High
750,VF Corporation,"26,974",930,Start,Low
754,Armani,"26,830",925,C,Low
755,Asda,"26,798",924,B,High
761,HTC,"26,676",919,C,Low
763,The Weather Channel,"26,572",916,B,Low
764,Zendesk,"26,545",915,Start,Low
765,ASICS,"26,522",914,Start,Low
766,Oil and Natural Gas Corporation,"26,498",913,Start,High
768,Small business,"26,414",910,C,Top
777,Lime (transportation company),"26,020",897,Start,Low
778,Bombardier Inc.,"25,980",895,C,High
779,Badoo,"25,973",895,Start,Low
781,Wawa (company),"25,841",891,B,Low
783,Red Bull GmbH,"25,823",890,B,High
787,EMI,"25,767",888,C,Low
789,Creative Artists Agency,"25,726",887,Start,Low
791,Malindo Air,"25,672",885,C,Low
792,BNSF Railway,"25,670",885,B,High
798,Smith & Wesson,"25,599",882,C,Low
799,British American Tobacco,"25,595",882,C,Low
804,Y Combinator,"25,459",877,Start,Low
808,Trump Shuttle,"25,406",876,C,Low
810,Merriam-Webster,"25,386",875,Start,High
818,El Al,"25,215",869,C,High
819,Bain Capital,"25,196",868,Start,High
821,Nickelodeon Movies,"25,154",867,C,Low
822,Boomerang (TV network),"25,150",867,C,Low
824,Yes Bank,"25,137",866,Stub,Low
827,Arm Holdings,"25,073",864,B,Low
828,Naughty Dog,"25,046",863,C,Low
830,X.com,"25,026",862,Start,Low
837,Bugatti Automobiles,"24,888",858,Start,Low
838,Bharat Sanchar Nigam Limited,"24,842",856,C,High
840,Toshiba,"24,800",855,B,High
842,Akamai Technologies,"24,756",853,C,High
843,ING Group,"24,728",852,C,High
844,Zoho Corporation,"24,723",852,C,Low
845,Patanjali Ayurved,"24,704",851,Start,High
846,Allianz,"24,689",851,C,Top
848,BYD Auto,"24,643",849,Start,Low
849,Ecosia,"24,617",848,Start,Low
850,Indian Oil Corporation,"24,594",848,Start,Top
851,Autodesk,"24,561",846,C,High
855,Forever Living Products,"24,491",844,Start,Low
856,Spectrum (cable service),"24,477",844,Start,Low
857,Skechers,"24,393",841,Stub,Low
861,MSC Cruises,"24,339",839,Stub,Low
865,SolarCity,"24,180",833,Start,Low
866,CBS Corporation,"24,175",833,C,High
867,Britannia Industries,"24,171",833,Start,High
873,Teleperformance,"24,025",828,Start,Low
874,IndusInd Bank,"24,001",827,Start,Low
877,Frito-Lay,"23,966",826,B,High
878,Goodyear Tire and Rubber Company,"23,856",822,B,High
879,Little Caesars,"23,708",817,Start,Low
880,Canadian Pacific Railway,"23,651",815,C,High
881,Epic Systems,"23,649",815,Start,Low
882,Pantone,"23,642",815,Start,Low
886,Titan Company,"23,602",813,Stub,Low
888,Obsidian Entertainment,"23,557",812,GA,Low
890,Verizon Wireless,"23,538",811,C,Low
891,Baskin-Robbins,"23,535",811,Start,Low
893,General Mills,"23,504",810,C,High
895,Credit Suisse,"23,492",810,GA,High
896,Liberty Media,"23,476",809,Start,Low
899,T-Mobile US,"23,426",807,C,High
900,Compaq,"23,415",807,B,High
901,Harman International Industries,"23,396",806,Start,Low
904,Safeway Inc.,"23,336",804,C,High
907,Bridgestone,"23,292",803,B,High
910,Ally Financial,"23,217",800,C,Low
914,Kickstarter,"23,187",799,C,Low
922,Buc-ee's,"23,018",793,Start,Low
923,AdvoCare,"22,958",791,Start,Low
931,TSMC,"22,854",788,B,Low
933,Gartner,"22,816",786,Start,Low
936,Gibson,"22,802",786,C,Low
938,ArcelorMittal,"22,775",785,C,Top
939,Russian Aircraft Corporation MiG,"22,750",784,Start,High
940,Alienware,"22,707",783,Start,Low
941,Ducati Motor Holding S.p.A.,"22,579",778,B,High
943,JSW Group,"22,537",777,Start,Low
945,Comme des Garçons,"22,469",774,Start,Low
946,Sovereign wealth fund,"22,407",772,C,High
947,Vueling,"22,365",771,B,Low
949,Continental AG,"22,327",769,B,High
952,Renault–Nissan–Mitsubishi Alliance,"22,298",768,C,Low
953,Lancia,"22,263",767,B,Low
954,Standard & Poor's,"22,260",767,C,Low
959,Glencore,"22,191",765,C,Top
963,Rare (company),"22,138",763,GA,Low
965,Amblin Entertainment,"22,134",763,Start,Low
966,Costa Coffee,"22,074",761,Start,Low
971,RCA,"22,028",759,B,High
972,Verizon Media,"22,024",759,C,Low
975,Gillette,"21,994",758,C,Low
977,4ocean,"21,992",758,Start,Low
979,Johnson Controls,"21,957",757,C,High
980,Alstom,"21,938",756,B,High
981,Hewlett Packard Enterprise,"21,917",755,Start,Top
983,DeepMind,"21,902",755,C,Low
986,Miniso,"21,856",753,Start,Low
987,Pure Flix,"21,838",753,Start,Low
988,AstraZeneca,"21,837",753,C,High
989,ADP (company),"21,836",752,C,Low
990,Wahlburgers,"21,816",752,Start,Low
991,Fendi,"21,765",750,Start,Low
992,IQVIA,"21,706",748,Stub,Low
993,Danone,"21,690",747,Start,High
994,The Body Shop,"21,674",747,Start,Low
996,Air Italy,"21,622",745,C,Low
997,Bandai Namco Entertainment,"21,618",745,C,High
998,Acer Inc.,"21,571",743,C,High
999,Reliance Group,"21,535",742,Start,High
1000,Rolls-Royce Limited,"21,509",741,C,High
