"$100,000 Pyramid",1987,"The Box Office, Inc","The Box Office, Inc"
1-0 Soccer Manager,1992,New Era Software,Wizard Games of Scotland
"11th Hour, The",1995,Trilobyte,Virgin Interactive
1942: The Pacific Air War,1994,MicroProse,MicroProse
221B Baker Street,1987,Datasoft,Datasoft
3 Point Basketball,1993,MVP Software,MVP Software
3-D Helicopter Simulator,1987,Sierra On-Line,Sierra On-Line
3-K Trivia,1984,IBM,IBM
3D Construction Kit,1991,"Domark, Incentive Software","Domark, Incentive Software"
3D Lemmings Winterland,1995,Clockwork Games Limited,Psygnosis
3D World,1993,Robert Burke,Tunnel Vision System
4D Sports Boxing,1991,Distinctive Software,"Electronic Arts, Mindscape"
4th Generation,1997,D' India,Webfoot Technologies
500cc Grand Prix,1987,Microïds,Microïds
688 Attack Sub,1989,Electronic Arts,Electronic Arts
"7th Guest, The",1993,Trilobyte,Virgin Games
A2: The Ultimate Sequel To AUTS - The Ultimate Stress Relief Game,1998,Jaakko Lyytinen,
AAARGH!,1988,Synergistic Software,Arcadia Systems
ABC Monday Night Football,1989,Park Place Productions,Data East
Abrams Battle Tank,1991,Dynamix,"Sega, Electronic Arts"
Absolute Zero,1995,Edirol,Eidos Interactive
ACE 2,1987,Artronic Limited,Artronic Limited
Add & Subtract With ALF,1988,Vision Software,Vision Software
Aces of the Deep,1994,Dynamix,Sierra On-Line
Acheton,1987,Topologika,Topologika
Across the Rhine,1995,Microprose,Microprose
Action Soccer,1995,Ubi Soft Montpellier,Ubi Soft
Actua Soccer,1995,Gremlin Interactive,Greenwood Entertainment
Advanced NetWars,1997,Edward Hill,Caldera
Adventure Construction Set,1987,Electronic Arts,Electronic Arts
Adventurers' Museum,1989,Lee Chapel,Lee Chapel
The Adventures of Down Under Dan,1995,Guildsoft Games,PowerVision
"Adventures of Melvin Freebush, The",1993,Sherwood Forest Software,Sherwood Forest Software
Adventures of Tintin: Prisoners of the Sun,1997,Infogrames,Infogrames
Aethra Chronicles,1994,Michael W. Lawrence,Michael W. Lawrence
After Burner II,1989,Weebee Games,Sega
A.G.E.,1991,Coktel Vision,Coktel Vision
AH-64D Longbow,1996,Origin Systems,Electronic Arts
Airball,1987,Microdeal,Microdeal
Air Force Commander,1992,Impressions Games,Impressions Games
Airstrike USA,1990,Digital Integration,Spotlight Software
Alchemyst,1992,Bruce Hansen,
Alex Higgins World Snooker,1988,Lindensoft,Lindensoft
ALF's U.S. Geography,1993,Vision Software,Vision Software
Alice in Wonderland,1989,Dale Disharoon,Windham Classics
Alien Breed,1990,Team17,Team17
Alien Carnage,1994-11-02,Interactive Binary Illusions/SubZero Software,Apogee Software
Alien Legacy,1995,Ybarra Productions,Sierra On-Line
Alien Olympics 2044 AD,1994,Dark Technologies,Mindscape
Alien Rampage,1997,Inner Circle Creations,Softdisk
Alien Trilogy,1995-12-31,Probe Software,Acclaim Entertainment
All Dogs Go to Heaven,1989,Polarware/Penguin Software,Merit Software
"All New Family Feud, The",1989,ShareData,Softie Inc.
Alone in the Dark 2,1994,Infogrames,Interplay Entertainment
AlphaMan,1995,Jeffrey R. Olson,
"Alpine Encounter, The",1985,Random House,Random House
Altered Beast,1990,Unlimited Software,Sega
Alternate Reality: The City,1988,Datasoft,Electronic Arts
"Amazing Spider-Man, The",1989,Paragon Software,Paragon Software
"Amazon Trail, The",1993,MECC,MECC
Ambush at Sorinor,1993,Mindcraft Software,Mindcraft Software
American Sign Language Tutor,1991,Softdisk,Softdisk
Amok,1997,Scavenger/Lemon,Sega
Amy's First Primer,1985,"Rob Robinson, Garth Robinson, John Robinson",Computing Specialties
Anchorhead,1998,Michael S. Gentry,
"Ancient Art of War in the Skies, The",1993,Evryware,Broderbund
Ancient Land of Ys,1989,Nihon Falcom,Broderbund
Andromeda Conquest,1982,Avalon Hill,Avalon Hill
Angel Devoid: Face of the Enemy,1995,Electric Dreams Software,Mindscape
Angst: Rahz's Revenge,1996,ManMachineGames,SoftKey
The Animated Alphabet,1990,Tom Guthery IV,Flix Productions
The Animated Mother Goose,1991,Tom Guthery IV,Flix Productions
Anna's Gram,1987,Softdisk,Softdisk
AntiXonix,1985,D. Pavlovsky,
Apache,1993,Team17,Team17
A.P.B.,1989,Domark,Atari
Aquanoid,1992,Stefan Heineke and Karsten Finger,
Arcade Pool,1994,Team17,Team17
Archipelagos,1990,Astral Software,Logotron
Arctic Adventure,1991,Apogee Software,Apogee Software
Arcy 2,1994,Caps Software,MVP Software
Argo Checkers,1993,Argo Games,Software Creations
Arkanoid,1988,NovaLogic,Taito
Ar'Kritz the Intruder,1996,SVirtual Studio,Microfolie's
Armaeth: The Lost Kingdom,1993,Real World Multimedia,Grandslam Entertainment
Armored Moon: The Next Eden,1998,SUNGJIN Multi-media,Microforum
Arnhem,1985,R. T. Smith,Cases Computer Simulations
Arthur: The Quest for Excalibur,1989,Infocom,Infocom
Ascendancy,1995,The Logic Factory,Broderbund
Assault Trooper,1997,Webfoot Technologies,Webfoot Technologies
Asterix: Operation Getafix,1989,Coktel Vision,Coktel Vision
AstroFire,1994,ORT Software,ORT Software
ATAC,1992,Argonaut Games,MicroProse
Atlas,1995,Artdink,Sunflowers Interactive Entertainment Software
Atomix,1990,Thalion Software,Softtouch
Attack on Altair,1982,Windmill Software,Windmill Software
Austerlitz,1989,Turcan Research Systems,Mirrorsoft
AV8B Harrier Assault,1992,Sims Limited,Domark
Avoid the awful thing that resembles a banana,1984,Curtis Smith,
Axia,1998,Dungeon Dwellers Design,
B-1 Nuclear Bomber,1983,Microcomputer Games,Avalon Hill
"Baby Jo in ""Going Home""",1991,Loriciel,Loriciel
Back to the Future Part III,1991,Probe Software,Image Works
Bad Dudes,1988,Quicksilver Software,Data East
Bajoran Mercenary Adventure,1993,Robert J. Ferguson,Klingon Software Labs
Balance of the Planet,1990,Chris Crawford,Chris Crawford
Ball Blazing Fantasy,2003,Kentauri,Kentauri
"Ball Game, The",1991,Electronic Zoo,Espirit Software Programs
Balloon Challenge,1993,Soleau Software,Soleau Software
Bananoid,1992,William Rieder,Banana Development
Bar Games,1989,Accolade,Accolade
Barbarian II: The Dungeon of Drax,1989,Palace Software,"Palace Software, Epyx"
"Bard's Tale Construction Set, The",1991,Interplay Productions,Electronic Arts
Bart's House of Weirdness,1992,Distinctive Software,Konami
Basstour,1989,Richard A. Ulsen,
Batalia,1986,"Kent Frechette, Brad Baer",The Right Brothers
Batman Forever,1996,Probe Entertainment,Acclaim Entertainment
Bat 'n ball,1995,Button Soft,
Battle Chess,1988,Interplay Entertainment,Interplay Entertainment
Battle for Atlantis,1990,Soleau Software,Soleau Software
Battle Isle Data Disk I,1992,Blue Byte,Blue Byte
Battle Isle '93: The Moon of Chromos,1993,Blue Byte,Blue Byte
Battle of Antietam,1986,Strategic Simulations,Strategic Simulations
Battle Team 2,1995,Blue Byte,Blue Byte
Battleships,1987,Elite Systems,Elite Systems
Battles of Napoleon,1988,"Chuck Kroegel, David Landrey",Strategic Simulations
Battlestorm,1990,Titus Software,Titus Software
Battlezone,1983,Atari,Atarisoft
B.C.'s Quest for Tires,1983,Sydney Development,Sierra On-Line
"Beast Within, The: A Gabriel Knight Mystery",1995,Sierra Entertainment,Sierra Entertainment
Beetlejuice in: Skeletons in the Closet,1990,Hi Tech Expressions,Hi Tech Expressions
Beneath Apple Manor,1983,Quality Software,
Bernie,1994,Jean-Guy Lavallee,
Bert's Dinosaurs,1992,Wierenga Software,JCSM Software
Betrayal,1990,Rainbird Software,Rainbird Software
Beverly Hills Cop,1990,Tynesoft,Tynesoft
Beyond the Black Hole,1989,Software Toolworks,Software Toolworks
Beyond the Titanic,1986,Apogee Software,Apogee Software
Bible Adventures,1991,Wisdom Tree,Wisdom Tree
Big Bobs,1992,Sherwood Forest Software,Sherwood Forest Software
"Big Red Adventure, The",1995,Dynabyte,Core Design
Big Top,1983,Michael Abrash,Funtastic
Bill & Ted's Excellent Adventure,1990,"IntraCorp, Off the Wall Productions",Capstone Software
Billy Bear's Lil Brother,1995,Loraine Wauer-Ferus,Elson Embry
Biologica!,1990,Virtualogic,Virtualogic
BipBop II,1993,S&M Software,S&M Software
Black Box,1982,,International PC Owners
Blackjack,1984,IBM,IBM
Black Sect,1993,Lankhor,Lankhor
Blades of Steel,1990,Novotrade International,Konami
Blake Stone: Planet Strike,1994,JAM Productions,Apogee Software
Blinky 2: The Return of Blinky,1994,,Recreational Software Designs
Blockade,1986,Don Laabs,
Block Man,1994,Soleau Software,Soleau Software
Blood,1997,Monolith Productions,GT Interactive
Blood Money,1989,DMA Design,Psygnosis
Bloodwings: Pumpkinhead's Revenge,1995,BAP Interactive,Electronic Arts
The Blue and the Gray,1993,Impressions Games,Impressions Games
Blue Force,1993,Jim Walls,Tsunami Games
"Blues Brothers, The",1991,Titus Software,Titus Software
BoBo,1988,Infogrames,Infogrames
Bodyworks Voyager – Mission in Anatomy,1994,Mythos Software,Software Marketing Corporation
Bolo Adventures III,1996,Soleau Software,Soleau Software
Bomb Squad,1993,Brian McKiernan,Emerald City Software
Bombuzal,1988,Image Works,"Image Works, Kemco"
Boogle,1991,Owen Emry,
Boppin',1994,Accursed Toys,Apogee Software
Boston Bomb Club,1991,Silmarils,Silmarils
Boulder Dash Construction Kit,1986,First Star Software,First Star Software
Box Ranger,1992,Soft Action,SKC Soft Land
Brain Dead 13,1995,ReadySoft,ReadySoft
Brandish,1994,Nihon Falcom,Nihon Falcom
Breach 2,1990,Omnitrend Software,Impressions Games
Breakfree,1995,Software Storm,Software Storm
Bricks,1984,Vincent Bly,
Bridge Olympiad,1994,T-Time Technology,Quantum Quality Productions
Brix,1992,Michael Riedel,Epic MegaGames
Bruce Lee Lives: The Fall of Hong Kong Palace,1989,Software Toolworks,Software Toolworks
Brutal Sports Football,1993,Teque Software Development,Millennium Interactive
Bubble Ghost,1988,Infogrames,"ERE Informatique, Infogrames, Accolade, Pony Canyon"
Buck Rogers: Planet of Zoom,1984,Sega,Sega
Bugs!,1982,Michael Ouye,
Bulls and Bears,1992,Ronald L. Crabb,
Bumpy's Arcade Fantasy,1992,Loriciel,Loriciel
Bunny Bricks,1993,Silmarils,Silmarils
Burger Blaster,1988,,"COMPUTE! Publications, Inc."
Burnout: Championship Drag Racing,1998,Bethesda Softworks,Bethesda Softworks
Bushido,1983,Ebenel enterprises,Ebenel enterprises
Cabal,1988,Tad Corporation,Capcom
Cadillacs and Dinosaurs: The Second Cataclysm,1994,Rocket Science Games,"Sega, BMG Interactive"
California Games,1987,Epyx,Epyx
Campaign,1992,Empire Interactive,Empire Interactive
Cannon Fodder 2,1994,Sensible Software,Virgin Interactive
Captain Bible in Dome of Darkness,1994,Bridgestone Multimedia Group,Bridgestone Multimedia Group
Captain Dynamo,1993,Codemasters,Codemasters
Captive,1990,Mindscape,Mindscape
Car Builder,1982,"Optimum Resource, Inc.","Optimum Resource, Inc."
Card Sharks,1988,Softie,ShareData
"Carl Lewis Challenge, The",1992,Psygnosis,Teque London
Carmageddon Max Pack,1997,Stainless Software Ltd.,SCi
Carrier Command,1989,Realtime Games,Rainbird Software
Carrier Strike,1992,Strategic Simulations,Strategic Simulations
CART Racing,1997,Papyrus Design Group,Sierra On-Line
Casino Games,1982,IBM,IBM
Castle Adventure,1984,Kevin Bales,
Castle of Dr. Brain,1991,Sierra Online,Sierra Online
Castles II: Siege and Conquest,1995,Quicksilver Software,Interplay Entertainment
Catacomb,1991,Softdisk,Softdisk
Catacomb Apocalypse,1993,Softdisk,Froggman
Caveman Ughlympics,1988,Dynamix,Electronic Arts
Caverns of Kroz,1987,Scott Miller,Apogee Software
Cavequest,1985,Lightwave Consultants,Lightwave Consultants
C-Dogs,1997,Ronny Wester,Ronny Wester
Centerfold Squares,1988,Artworx Software Company,Artworx Software Company
Centurion: Defender of Rome,1990,Bits of Magic,Electronic Arts
Challenge of the Ancient Empires,1990,The Learning Company,The Learning Company
CHAMP Centiped-em,1997-01-14,CHAMProgramming,
CHAMP Invaders,1997-08-06,CHAMProgramming,
CHAMP Pac-em,1996-06-06,CHAMProgramming,
Championship Manager,1992,Intelek,Domark
Championship Manager 96/97,1996,"Sports Interactive, Eidos Interactive",Eidos Interactive
Change Maker,1993,Bitmap Brothers,Renegade Software
"Chaos Engine, The",1993,Bitmap Brothers,Renegade Software
Charlie the Duck,1996,Mike Wiering,Wiering Software
Chess,1981,International PC Owners,International PC Owners
Chessmaster 2000,1986,David Kittinger,Software Country
Chess Wars: A Medieval Fantasy,1996,"Art Data Interactive, Digital Arena Software",WizardWorks
Chex Quest 2,1997,Digital Café,Digital Café
Chickens 2,1998,Brainchild Design,Brainchild Design
Chip 'N Dale Rescue Rangers: The Adventure in Nimnul's Castle,1990,Riedel Software Productions,Hi-Tech Expressions
Choy-Lee-Fut Kung-Fu Warrior,1990,Positive,Positive
Christmas Lemmings,1991,DMA Design,Psygnosis
Chrono Quest,1988,Infomedia,Psygnosis
Chuck Yeager's Advanced Flight Trainer 2.0,1989,Electronic Arts,Electronic Arts
C.I.A. Adventure,1982,International PC Owners,International PC Owners
Cisco Heat,1991,Image Works,Image Works
"Civil War, The",1995,Empire Interactive,Dagger Interactive Technologies
Classic Text Adventure Masterpieces,1996,Infocom,Infocom
Clive Barker's Nightbreed: The Action Game,1990,Impact Software Development,Ocean Software
Clone Invader,1989,Gary Quiring,
"Clue!, The",1994,Neo Software,Kompart UK
Coaster,1993,Code To Go,Walt Disney Computer Software
Codename: ICEMAN,1989,Sierra On-Line,Sierra On-Line
Cold War Warfare,1988,Sonoma Multimedia,Sonoma Multimedia
Colony 28,1997,5th Interactive,Napoleon Games
Colorado,1990,Silmarils,Silmarils
Colored Lines,1992,Gamos Ltd.,Gamos Ltd.
Comanche: Maximum Overkill,1992,NovaLogic,Softgold Computerspiele
Comanche CD,1994,NovaLogic,NovaLogic
Command & Conquer,1995-09,Westwood Studios,Virgin Interactive
Commander Blood,1994,Cryo Interactive,"Microfolie's, Mindscape"
Commander Keen - Aliens Ate My Babysitter!,1991,id Software,FormGen
Complete Onside Soccer,1996,Telstar Electronic Studios,Telstar Electronic Studios
Computer Diplomacy,1984,Avalon Hill,Avalon Hill
"Computer Quiz, The",1988,Softdisk,Softdisk
Conflict,1990,Mastertronic,Mastertronic
Conflict: Middle East,1990,David J Eastman,Virgin Interactive
Connect 4,1988,Jeff Harper,
Conquered Kingdoms,1992,Quantum Quality Productions,Quantum Quality Productions
Conqueror A.D. 1086,1995,Software Sorcery,Sierra On-Line
Conquests of Camelot: The Search for the Grail,1989,Sierra On-Line,Sierra On-Line
Conquests of the Longbow: The Legend of Robin Hood,1991,Sierra On-Line,Sierra On-Line
Cosmic Crusader,1982,Michael Abrash,Funtastic
Contra,1988,Banana Development Corporation,Konami
Cool Spot,1994,Virgin Interactive,Virgin Interactive
Corporate Raider: The Pirate of Wall St.,1988,Softserv,Cosmi Corporation
Corruption,1988,Magnetic Scrolls,Rainbird Software
Countdown to Doom,1987,Topologika,Topologika
Covert Action,1990,MicroProse,MicroProse
Crazy Cars,1987,Titus Interactive,Titus Interactive
Crazy Nick's Picks: King Graham's Board Game Challenge,1993,Sierra On-Line,Sierra On-Line
Cribbage King/Gin King,1989,Software Toolworks,Software Toolworks
Cricket 97,1997,Beam Software,Electronic Arts
Crime Fighter,1993,Peter Steffen,
Crime Wave,1990,Access Software,Access Software
Crossbow: The Legend of William Tell,1989,Imagineering,Absolute Entertainment
Crown,1991,Omegavision,Starbyte Software
Crusade in Europe,1985,MicroProse,MicroProse
Crusader Collection,1997,Origin Systems,Origin Systems
Crusher Castle II,1993,Soleau Software,Soleau Software
Crystal Ball,1988,R.K. West Consulting,Digital Horizons
Crystal Pixels,1997,Home Sweet Pixel,Home Sweet Pixel
Cuber,1990,Soleau Software,Soleau Software
Curses,1993,Graham Nelson,
Cyberbox,1991,Doug Beeferman,
Cybercon III,1991,Assembly Line,U.S. Gold
Cybergenic Ranger: Secret of the Seventh Planet,1990,Symtus,Symtus
CyberJudas,1994,D.C. True,Empire Interactive
CyberRace,1993,Cyberdreams,Cyberdreams
Cyberwars,1992,Emerging Ventures and Arts,
Cycles - International Grand Prix Racing,1989,Accolade,Accolade
Cylindrix,1996,Goldtree Enterprises,Softdisk
Czorian Siege,1983,Computer Applications Unlimited,Howard W. Sams
"Dagger of Amon Ra, The",1992,Sierra On-Line,Sierra On-Line
Dam Busters,1986,Sydney Development Corp.,U.S. Gold
Dangerous Dave in Copyright Infringement,1990,John Romero,
Dark Castle,1987,Silicon Beach Software,Mirrorsoft
Dark Designs II: Closing the Gate,1991,Softdisk,Softdisk
"Dark Heart of Uukrul, The",1990,Digital Studios Limited,Brøderbund
Darklight Conflict,1997,Rage Software,Electronic Arts
Dark Seed 2,1995,Destiny Media Technologies,Cyberdreams
Dark Sun: Shattered Lands,1993,Strategic Simulations,Strategic Simulations
Dark Woods 2,2002-06-08,Jocke The Beast,Jocke The Beast
Darwin's Arena,1991,Matthew Kowalski,
Das Erbe,1991,COMAD GmbH,Bundesministerium
Dave Goes Nutz,1993,Gamer's Edge,Softdisk
David Wolf: Secret Agent,1989,Dynamix,Dynamix
Day of the Tentacle,1993,LucasArts,LucasArts
D-Day: America Invades,1995,Atomic Games,Avalon Hill
Deadline,1982,Infocom,Infocom
Death Bringer,1989,Pandora Software,Pandora Software
Death Knights of Krynn,1991,Strategic Simulations,Strategic Simulations
Decision in the Desert,1985,MicroProse,MicroProse
Deer Napped,1995,Nic-Ty Entertainment,Nic-Ty Entertainment
Defender,1983,Atari,Atarisoft
Deja Vu: A Nightmare Comes True,1987,ICOM Simulations,Mindscape
Deluxe Ski Jump,1999,Jussi Koskela,Mediamond Tmi
Demon Orb,1990,Andrew Sega,Nebula Systems
Demon's Winter,1988,Strategic Simulations,Strategic Simulations
Der Planer 2,1996,Greenwood Entertainment Software,Greenwood Entertainment Software
Descent II,1996,Parallax Software,Interplay Entertainment
Desert Strike: Return to the Gulf,1992,Electronic Arts,Electronic Arts
Designasaurus II,1990,Visual Concepts,Britannica Software
Destination: Mars,1991,Compu-Teach,Compu-Teach
Destruction Derby 2,1996,Reflections Interactive,Psygnosis
Deus,1996,Silmarils,ReadySoft
Diamaze,1990,Herringbone Software,Herringbone Software
Dick Tracy: The Crime-Solving Adventure,1991,Distinctive Software,Disney Interactive
Die Harder,1992,Tiertex,Grandslam Video
Dig-Dogs: Streetbusters,1994,BC GmbH Verlags,
Diggers,1993,Millennium Interactive,Nova Spring
"Dig, The",1995,LucasArts,LucasArts
Dino Hunt,1993,Sherwood Forest Software,Sherwood Forest Software
Dino-Sorcerer,1990,Softdisk,Softdisk
Disciples of Steel,1994,MegaSoft Entertainment,FormGen
Discovery: In the Steps of Columbus,1992,Impressions Games,
Disney's Aladdin,1992,"Virgin Interactive, Disney Interactive Studios",Virgin Interactive
Dive: The Conquest of Silver Eye,1996,Diamond Software,WizardWorks
D.O.G: Fight for Your Life,1997,Greenwood Entertainment Software,Funsoft
Donald's Alphabet Chase,1988,Westwood Associates,Disney Software
Donkey Island,2000,Pterodon Software,Epic Games
Don't Go Alone,1989,Sterling Silver Software,Accolade Inc.
Doom 2D,1996,Prikol Software,Prikol Software
Dork's Dreams,1991,Tomasz Pytel,
Double Dare,1988,GameTek,GameTek
Double Dribble,1990,Novotrade International,Konami
Down in the Dumps,1996,Haiku Studios,Philips Media
Dracula Unleashed,1993,ICOM Simulations,Viacom
Dragon History,1995,NoSense,Vochozka Trading
Dragon Lore: The Legend Begins,1994,Cryo Interactive,Mindscape
Dragon's Domain II - Restoration,1992,Ed T. Toton III,
Dragon's Lair: Escape from Singe's Castle,1991,Sullivan Bluth Interactive Media,ReadySoft Incorporated
Dragon Slayer: The Legend of Heroes,1990,Nihon Falcom,Nihon Falcom
Dragonsphere,1994,MicroProse,MicroProse
Dragonworld,1984,Byron Preiss Video Productions,Trillium Corp.
Dráscula: The Vampire Strikes Back,1996,Alcachofa Soft,Digital Dreams Multimedia
Dreams to Reality,1997,Cryo Interactive,Cryo Interactive
Dreamweb,1994,Creative Reality,Empire Interactive
Droids,1982,International PC Owners,International PC Owners
Druid: Daemons of the Mind,1993,Homebrew Software,Homebrew Software
Duel: Test Drive II,1989,Distinctive Software,Accolade
Duke Nukem 3D,1996,3D Realms,Apogee Software
Dune II: The Building of a Dynasty,1992,Westwood Studios,Virgin Interactive
Dungeon Keeper,1997,Bullfrog Productions,Electronic Arts
Dungeon Master II: The Legend of Skullkeep,1995,FTL Games,Interplay Entertainment
Dungeons of Kairn,1988,"Mike Lawrence, Dave King",
Dunjax,1990,"Jeff Mather, David Niec",
Dunjonquest: Temple of Apshai,1982,Epyx,Automated Simulations
Dunkle Schatten 2: Im Netzwerk Gefangen,1996,DigiTales,Art Department
Dylan Dog: Through the Looking Glass,1993,Simulmondo,Simulmondo
Eagle Eye Mysteries in London,1994,Stormfront Studios,EA*Kids
Earthly Delights,1983,Datamost,Datamost
Earthworm Jim 2,1996,Shiny Entertainment,Playmates Interactive
EcoMaster,1992,Steve Estvanik,Cascoly Software
EcoQuest2 - Lost Secret of the Rainforest,1993,Sierra Entertainment,Sierra Entertainment
Ed Chess,1994,Personal Companion Software,Personal Companion Software
EF2000,1995,Digital Image Design,Ocean Software
EGA-Roids,1986,Designer Software,Designer Software
Ein,1991,Michael Krone,
Elder Scrolls: Arena,1994,Bethesda Softworks,Bethesda Softworks
Elder Scrolls Adventures: Redguard,1998,Bethesda Softworks,Bethesda Softworks
Electron Havoc,1993,John Shramko,
Elf,1992,Ocean Software,Ocean Software
Elisabeth I,1995,Ascaron,Ascaron
El Principio del Fin,1994,BASS Software,BASS Software
Elvira II: The Jaws of Cerberus,1992,Horrorsoft,Accolade
Emilio Butragueno Futbol,1987,Dro Soft,Dro Soft
Empire Deluxe,1993,White Wolf Productions,New World Computing
EnCore,1993,Core Design,Core Design
Endgame,2004,Malinche Entertainment,Malinche Entertainment
Energie Manager,1993,Rauser Advertainment GmbH,Bundesministerium für Wirtschaft und Technologie
Ephesians,1993,Christian Distribution Network,
Eradicator,1996,Accolade,Accolade
Escape from Hell,1990,Electronic Arts,Electronic Arts
ESPN Extreme Games,1996,Sony Interactive Studios America,Sony Interactive Studios America
E.S.S. Mega,1991,Coktel Vision,Tomahawk
European Champions,1993,Audiogenic Software,Ocean Software
European Superleague,1991,Matrix Developments,CDS Software
Excelsior Phase one: Lysandia,1993,11th Dimension Entertainment,11th Dimension Entertainment
Exodus: Journey to the Promised Land,1991,Color Dreams,Wisdom Tree
Extreme Assault,1997,Blue Byte,Blue Byte
Eye of Horus,1989,Denton Designs,"Mindscape, Prism Leisure"
F-117A Nighthawk Stealth Fighter 2.0,1991,MicroProse,MicroProse
F-15 Strike Eagle II,1989,MicroProse,MicroProse
F-16 Combat Pilot,1989,Digital Integration,Digital Integration
F29 Retaliator,1989,Digital Image Design,Ocean Software
FaceMaker,1982,DesignWare,Spinnaker Software Corporation
Fade to Black,1995,Electronic Arts,Delphine Software
Falcon,1987,Sphere,Spectrum Holobyte
Falcon 3.0: MiG-29,1993,Spectrum Holobyte,Spectrum Holobyte
Falcon Gold,1994,Spectrum Holobyte,MicroProse
Family Feud,1987,"I.J.E., Softie",ShareData
Fantastic Fossils II,1993,Virtualogic,
Fantasy General,1996,Strategic Simulations,Mindscape
Farland Story,1992,Technical Group Laboratory,Technical Group Laboratory
Farland Story: Tenshi no Namida,1994,Technical Group Laboratory,Technical Group Laboratory
The Farmer's Daughter,2002,Nocturnal Software,Nocturnal Software
Fast Break,1988,Accolade,Accolade
Fatal Racing,1995,Gremlin Interactive,Gremlin Interactive
Fatty Bear's FunPack,1993,Humongous Entertainment,Humongous Entertainment
"FernGully Computerized Coloring Book, The",1992,Capstone Software,IntraCorp
Feud,1988,Binary Design,Mastertronic
Fidelity Chessmaster 2100,1988,Kathe and Dan Spracklen,Software Toolworks
FIFA International Soccer,1994,EA Canada,Electronic Arts
Fighter Duel,1995,Jaeger Software,Philips Interactive Media
"Final Conflict, The",1991,Plato,Impressions Games
Fire and Forget,1988,Titus Software,Titus Software
Fire Hawk: Thexder The Second Contact,1990,Game Arts,Sierra On-Line
Fire Power,1988,Silent Software,MicroIllusions
"First Samurai, The",1992,Vivid Image,Ubisoft
Five Squared no Peeky Poker Solitaire,1992,Danny Williams,
Flamingo Tours,1995,Sayonara Software,Sayonara Software
Flash Worm,1993,Galacticomm,E-Z Computing
Fleet Sweep,1983,Mirror Images Software,Mirror Images Software
Flightmare,1984,Peter Adams,
Flight Unlimited,1995,Looking Glass Technologies,Softgold Computerspiele
FlixMix,1993,Celeris,Celeris
Floppy Frenzy,1982,Windmill Software,Windmill Software
Flying Corps Gold,1997,Rowan Software,Empire Interactive
Fooblitzky,1985,Infocom,Infocom
Football Glory,1995,Croteam,Black Legend
Football Manager World Cup Edition,1990,Addictive Games,Addictive Games
Forbidden Castle,1985,Angelsoft,Mindscape
Ford Simulator II,1990,The SoftAd Group,Ford Motor Company
"Forgotten Realms Archives, The",1997,Strategic Simulations,Interplay Entertainment
Fort Apache,1992,Impressions,Impressions
Four Card Solitaire,1989,,Softdisk
Fox Ranger,1992,Soft Action,SKC Soft Land
Frac,1990,Simsalabim Software,Simsalabim Software
Frank Bruno's Boxing,1985,Elite Systems,Elite Systems
Freakin' Funky Fuzzballs,1990,Sir-Tech,Sir-Tech
Freddy Hardest in South Manhattan,1989,Iron Byte,Dinamic Software
Frederik Pohl's Gateway,1992,Legend Entertainment,Legend Entertainment
FriendlyWare PC Introductory Set,1983,FriendlySoft,FriendlySoft
Frogger,1983,Olaf Lubeck,Sierra On-Line
Frontier: First Encounters,1995,Frontier Developments,"GameTek, Konami"
Front Page Sports: Football,1992,Dynamix,Sierra On-Line
Fuck Quest,1998,Richard Eter,
Full Count Baseball,1984,Lance Haffner Games,Lance Haffner Games
"Full Wormage, The",1998,Team17,Hasbro Interactive
Funny Fruits puzzle,1994,,L.K. Avalon
Fun School 4,1992,Europress Software,Europress Software
Fury of the Furries,1993,Kalisto Entertainment,Kalisto Entertainment
FX Fighter,1995,Argonaut Software,"GTE Entertainment, Philips Interactive Media"
Galacta: The Battle for Saturn,1992,Sean Puckett,"Albino Frog Software, Inc."
Galactic Empire,1990,Tomahawk,Coktel Vision
Galactix,1992,Cygnus Software,Cygnus Software
Galleons of Glory: The Secret Voyage of Magellan,1990,Brøderbund,Brøderbund
Game Over,1988,Dinamic Software,Imagine Software
"Games People Play: Gin, Cribbage, Checkers and Backgammon",1990,"Software Toolworks, Inc.","Software Toolworks, Inc."
Games - Winter Challenge,1991,Ballistic,Accolade
Gamma Force in Pit of a Thousand Screams,1988,Tom Snyder Productions,Infocom
Gapper,1986,Unknown,Unknown
Gary Grigsby's War in Russia,1993,Strategic Simulations,Strategic Simulations
Gateworld,1993,Homebrew Software,Homebrew Software
Gauntlet II,1989,,Mindscape
Gear Works,1992,Idea Software,Hollyware Entertainment
Geisha,1990,Coktel Vision,Tomahawk
Gender Wars,1996,The 8th Day,SCi
Genghis Khan,"1989
Koei",Koei
Gettysburg: The Turning Point,1986,Strategic Simulations,Strategic Simulations
Ghosts 'N Goblins,1987,Pacific Dataworks International,Capcom
Global Dilemma: Guns or Butter,1990,,Mindscape
Gnome Ranger,1987,Level 9,Level 9
Goal II,1992,Wizard Games,New Generation Software
Goblins Quest 3,1993,Coktel Vision,Sierra On-Line
God of Thunder,1993,Adept Software,Software Creations
Golden Basket,1990,Opera Sports,Opera Soft
Gold Hunt,1990,William Soleau,Soleau Software
Gone Fishin',1994,SimGraph,Amtex
Gotcha,1993,Don Herring,
"Grandest Fleet, The",1993,Fogstone Enterprises,Quantum Quality Productions
Grand Monster Slam,1989,Golden Goblins,Rainbow Arts
Grand Prix Circuit,1988,"Random Access, Distinctive Software",Accolade
Grand Theft Auto,1997,DMA Design,ASC Games
Graviton,1992,Daniel A. Sill,
Gravity Wars II,1992,Hansen Software,
Great Naval Battles: Guadalcanal 1942-1943,1994,Strategic Simulations,Strategic Simulations
The Great White Card Game,1992,Rusty Johnson,JNS Software
Gremlins 2 - The New Batch,1991,Hi-Tech Expressions,Hi-Tech Expressions
Gripple,1991,Doug Beeferman,
Guerrilla War,1987,Quicksilver Software,Data East
Guimo,1997,Southlogic Studios,Cia do Software
Gunmetal,1998,Mad Genius Software,Mad Genius Software
Gunship 2000 Scenario Disk and Mission Builder,1992,MicroProse,MicroProse
Hacker,1985,Activision,Activision
Halls of the Dead: Faery Tale Adventure II,1997,The Dreamers Guild,"Encore, Inc."
Hammer Boy,1991,Dinamic Software,Dinamic Software
Handy Caps,1991,Softdisk,Softdisk
Haral Hårdtand: Kampen om de rene tænder,,,
HardBall III,1992,MindSpan,Accolade
Hardball 5,1995,MindSpan,Accolade
Hard Hat Mack,1984,"Michael Abbot, Matthew Alexander",Electronic Arts
Hare Raising Havoc,1991,BlueSky Software,Disney Software
Harpoon 2,1994,Three-Sixty Pacific,Three-Sixty Pacific
Harrier Combat Simulator,1987,Mindscape,Mindscape
Haunted Mission Adventure,1986,Steven Neighorn,Agency Automation
Headbanger 2: Leaping Puzzle Game,1994,Progressive Products,Progressive Products
Heart of China,1991,Sierra On-line,Dynamix
Heavy Water Jogger,1992,Viable Software Alternatives,Viable Software Alternatives
Heirs to the Throne,1994,German Design Group,Quantum Quality Productions
Helious II,1993,Albino Frog Software,Albino Frog Software
Hellfire Zone,1995,Panoramic Software,GameTek
Heretic,1994,Raven Software,id Software
Heroes of the 357th,1992,Midnight Software,Electronic Arts
Hexen: Beyond Heretic,1995,Raven Software,id Software
Hexxagon 2,1993,Argo Games,Software Creations
Hidden Agenda,1988,TRANS Fiction Systems,Springboard Software
High Seas Homicide,1993,Sherwood Forest Software,Sherwood Forest Software
Highway Hunter,1994,Omega Integral Systems,Safari Software
Hill Street Blues,1991,Krisalis Software,DigiTek Software
Hired Guns,1993,DMA Design,Psygnosis
"Hobbit, The",1983,Beam Software,Melbourne House
Hocus Pocus,1994,Moonlite Software,Apogee Software
Hollywood Hijinx,1986,Infocom,Infocom
Home Alone 2: Lost in New York,1992,Manley & Associates,Capstone Software
Hometown U.S.A.,1988,Manley & Associates,Publishing International
Hook,1992,Shadow Software,Ocean Software
Horror Zombies from the Crypt,1990,Astral Software,"Millennium Interactive, U.S. Gold"
Hover Craft,1990,Richard E. Carr,
How to Weigh an Elephant,1989,Softdisk,Softdisk
Hoyle's Official Book of Games: Volume 3,1991,Sierra On-Line,Sierra On-Line
"Hugo II, Whodunit?",1991,Gray Design Associates,Gray Design Associates
Humans 2: The Jurassic Levels,1992,Imagitec Design,GameTek
"Hunt for Red October, The",1988,Oxford Digital Enterprises,"Datasoft, Grandslam Entertainment, Software Toolworks"
Hyper 3-D Pinball,1995,NMS Software Ltd.,Virgin Interactive
Hyper Tank!,1991,PLBM Games,
"IBM BASIC Quiz, The",1989,,Softdisk
"I, Damiano: The Wizard of Partestrada",1985,Imagic,Bantam Software
Ignition,1997,Unique Development Studios,Virgin Interactive
Ikari Warriors (US version),1987,Quicksilver Software,Data East
Ikari Warriors III: The Rescue,1989,Quicksilver Software,SNK
Imperium,1990,The Intelligent Games Co.,Electronic Arts
Impossible Mission II,1988,Novotrade,Epyx
"Incredible Hulk, The: The Pantheon Saga",1997,"Attention to Detail, Silicon Dreams Studio",Eidos Interactive
Incunabula,1984,Avalon Hill,Avalon Hill
Indiana Jones and the Last Crusade: The Graphic Adventure,1989,LucasArts,LucasArts
Indianapolis 500: The Simulation,1989,Papyrus Design,Electronic Arts
In Extremis,1993,Blue Sphere,U.S. Gold
Infestation,1990,Psygnosis,Psygnosis
Infiltrator II,1988,Chris Gray Enterprises,Mindscape
Innocent Until Caught,1993,Divide By Zero,Psygnosis
In Search of Dr. Riptide,1994,MindStorm Software,Pack Media
Intelligent Strategy Games 10,1993,Oxford Softworks,Oxford Softworks
International Ninja Rabbits,1993,MicroValue,MicroValue
International Soccer,1994,Zeppelin Games,Zeppelin Games
International Tennis Open,1992,Infogrames,Philips Interactive Media
In the Dead of Night,1995,Trecision,Trecision
Intra-Galactic Battles,1990,William D. Hause,
Invest,1991,Starbyte Software,Starbyte Software
Iron Lord,1990,Ubisoft,Ubisoft
Ishar: Legend of the Fortress,1992,Silmarils,Silmarils
Ishido: The Way of Stones,1990,Publishing International,Accolade
Island Peril,1996,electric fantasies,Atlantean Interactive Games
İstanbul Efsaneleri: Lale Savaşçıları,1996,SiliconWorx,Raks New Media
Iznogoud,1987,Infogrames,Infogrames
Jabbertalky,1982,Automated Simulations Inc.,Automated Simulations Inc.
Jack in the Dark,1993,Infogrames,Interplay Entertainment
Jack Nicklaus' Unlimited Golf & Course Design,1990,Sculptured Software,Accolade
Jagged Alliance: Deadly Games,1995,Madlab Software,"Sir-Tech, Virgin Interactive"
James Bond 007: A View to a Kill,1985,Angelsoft,Mindscape
James Pond 2: Codename RoboCod,1993,"Vectordean Ltd, Millennium Interactive",Millennium Interactive
Jane's US Navy Fighters 97,1996,Electronic Arts,Electronic Arts
Jayden,1989,Mark Descallar,TopMAD Software
Jeep Eagle,1988,Desarrollador,
Jet,1985,Sublogic,Sublogic
Jetfighter 2: Advanced Mission Disk,1992,Velocity Development,Velocity Development
Jetfighter: Full Burn,1998,Mission Studios,Interplay Entertainment
Jetset,1982,,
The Jetsons: The Computer Game,1992,221B Software Development,Hi-Tec Software Ltd.
Jigsaw Puzzle,1994,Intime Corporation,Intime Corporation
Jimmy White's 'Whirlwind' Snooker,1991,Virgin Interactive,Virgin Interactive
J & J's Vegas Pack: Black-Jack,1992,J & J Gameware,
Joe Montana Football,1990,MindSpan,Sega
John Madden Football,1989,EA Tiburon,Electronic Arts
Jonah Lomu Rugby,1997,Codemasters,Rage Software
Jordan vs. Bird: One on One,1988,Electronic Arts,Electronic Arts
Joust,1983,Atari,Atarisoft
"J.R.R. Tolkien's The Lord of the Rings, Vol. I",1990,Interplay Entertainment,Interplay Entertainment
Judge Dredd,1997,Probe Entertainment,Acclaim Entertainment
Jumpjet,1990,Monte Variakojis,Montsoft
Jump 'n Bump,1998,Brainchild Design,Brainchild Design
Jungle Hunt,1983,,Atarisoft
Just Grandma and Me,1993,Living Books,Brøderbund
Kalakh,1991,Sergei Ryzhkov,
Karateka,1984,Jordan Mechner,Brøderbund
Keef the Thief,1989,Naughty Dog,Electronic Arts
Ken's Labyrinth,1993,Ken Silverman,Epic MegaGames
KGB,1992,Cryo Interactive,Virgin Entertainment
Kick Off 3,1992,Dino Dini,Anco
Kick Off 98,1998,Dino Dini,Anco
Killer Bees,1992,Unknown,Unknown
Kiloblaster,1992,Epic MegaGames,Epic MegaGames
Kingdom at War,1992,Interscan,Manaccom
Kingdom: The Far Reaches,1997,ReadySoft,Interplay
King's Bounty,1990,New World Computing,New World Computing
King's Quest II: Romancing the Throne,1985,Sierra On-Line,Sierra On-Line
King's Quest V: Absence Makes the Heart Go Yonder!,1990,Sierra Entertainment,Sierra Entertainment
King's Table: The Legend of Ragnarok,1993,Imagitec Design,Mirage Technologies
KKND,1997,Beam Software,Beam Software
Knight Games,1988,English Software,Mastertronic
Knights of Legend,1989,Todd Porter,Origin Systems
Knights of Xentar,1991,ELF Corporation,Megatech Software
Kosmonaut,1990,Bluemoon,Scandinavian PC Systems
Krusty's Fun House,1992,"Fox Williams, Audiogenic","Virgin Games, Acclaim Entertainment"
KULT: The Temple of Flying Saucers,1989,"Exxos, ERE informatique","Infogrames, Data East"
La Abadía del Crimen,1988,Opera Soft,Opera Soft
"Labyrinth of Time, The",1993,Terra Nova Development,Electronic Arts
L.A. Crackdown,1988,Nexa Corporation,Epyx
Ladder Man II,1992,Soleau Software,Soleau Software
L'affaire Morlove,1995,CPIO Multimédia,Titus Software
Lamers,1992,Scrull,Cocktail Software
"Land, Sea and Air 2!",1992,MicroProse,MicroProse
Landslide,1991,Tim P. von Pein,
Larax & Zaco,1996,Stefano Zanobi,
Larry Vales II: Dead Girls are Easy,2001,,
Laser Squad,1992,Mythos Games,Target Games
Last Armageddon,1990,BrainGrey,BrainGrey
"Last Express, The",1997,Smoking Car Productions,"Brøderbund, Interplay Entertainment"
Last Half of Darkness III,1993,SoftLab Laboratories,SoftLab Laboratories
"Last Mission, The",1987,Opera Soft,Opera Soft
Lazer Chess,1992,David Kujawski,
Leather Goddesses of Phobos,1986,Infocom,Infocom
Legacy of the Ancients,1987,Quest Software,Electronic Arts
Legend of Djel,1989,"Coktel Vision, Inférence",Tomahawk Software
"Legend of Kyrandia: The Hand of Fate, The",1993,Westwood Studios,Westwood Studios
Legend of the Red Dragon,1989,Robinson Technologies,Robinson Technologies
Legends of Valour,1992,Synthetic Dimensions,U.S. Gold
Leisure Suit Larry Goes Looking for Love (in Several Wrong Places),1988,Sierra On-line,Sierra On-line
Leisure Suit Larry 6: Shape Up or Slip Out!,1993,Sierra On-Line,Sierra On-Line
Lemmings 2: The Tribes,1993,DMA Design,Psygnosis
L'Empereur,1991,Koei,Koei
Lethal Tender,1993,Pie in the Sky Software,Froggman
Lexi-Cross,1991,Interplay Entertainment,Interplay Entertainment
LHX Attack Chopper,1990,Electronic Arts,Electronic Arts
Life & Death,1988,"Jake Smith, Don Laabs",Software Toolworks
LifesBattle,1997,Hummer Software,Hummer Software
Lightspeed,1990,MPS Labs,MicroProse
Links 386 Pro,1992,Access Software,Access Software
Links: Championship Course - The Belfry,"1992
Access Software",Access Software
Links LS 1997,1996,Access Software,Access Software
Linus Spacehead's Cosmic Crusade,1993,Codemasters,Codemasters
Litil Divil,1993,Gremlin Interactive,Gremlin Interactive
Little Monk,1995,Jack Bean Ltd.,Jack Bean Ltd.
Livingstone Supongo 2,1989,Opera Soft,Opera Soft
Loadstar: The Legend of Tully Bodine,1995,Rocket Science Games,BMG Interactive
Locus,1995,Zombie LLC,GT Interactive
Logical,1991,Rainbow Arts,Rainbow Arts
Lombard RAC Rally,1988,Mandarin Software,Red Rat Software
Loopz,1990,Audiogenic,Mindscape
Lords of Doom,1990,Attic Entertainment Software,Starbyte Software
Lords of the Rising Sun,1989,Cinemaware,Cinemaware
"Lost Admiral, The",1991,Quantum Quality Productions,Quantum Quality Productions
The Lost Crown of Queen Anne,1988,,Softdisk
Lost Eden,1995,Cryo Interactive,Virgin Interactive
Lost in Time,1993,Coktel Vision,Sierra On-Line
"Lost Vikings, The",1992,Silicon & Synapse,Interplay Entertainment
Low Blow,1990,Synergistic Software,Electronic Arts
Luigi & Spaghetti,1992,Topo Soft,Topo Soft
"Lupo Alberto, The VideoGame",1990,Idea Software,Idea Software
M1 Tank Platoon,1989,Microprose,Microprose
MacArthur's War: Battles for Korea,1989,Strategic Studies Group,Strategic Studies Group
Mad Cow Man and Deep Fried Fat Boy,1997,Mistigris,Mistigris
Mad Mix,1988,Topo Soft,Topo Soft
Mad Paradox,1992,Queen Soft,Queen Soft
Mad TV 2,1996,Greenwood Entertainment Software,Funsoft
Magic Boxes,1989,Softdisk,Softdisk
"Magic Candle II, The",1991,Mindcraft Software,Electronic Arts
Magic Carpet: Hidden Worlds,1995,Bullfrog Productions,Electronic Arts
Magicland Dizzy,1991,Magicland Dizzy,Magicland Dizzy
Magnetik Tank,1987,Loriciels,Loriciels
Mah Jongg Solitaire,1987,Arcanum Computing,Arcanum Computing
Maker's Matchup,1994,Godly Games,Godly Games
Mambo,1989,Positive Software,Positive Software
Manchester United Premier League Champions,1994,Krisalis Software,Krisalis Software
Manhole: New and Enhanced,1992,Cyan Worlds,Activision
Maniac Mansion,1987,Lucasfilm Games,Lucasfilm Games
Manic Miner,1997,Alchemist Research,Alchemist Research
Marble Man,1991,Soleau Software,Soleau Software
Mario is Missing!,1992,Software Toolworks,Software Toolworks
Mario's Early Years: Preschool Fun,1993,Software Toolworks,Software Toolworks
Marshmallow Duel,1997,Unknown,Unknown
Mass Destruction,1997,NMS Software,BMG Interactive
Master Miner,1983,Funtastic,Funtastic
Master of Orion,1993,Simtex,MicroProse
Math Blaster,1986,Davidson & Associates,Davidson & Associates
Math Maze,1983,DesignWare,DesignWare
Math Rescue,1992,Redwood Games,Apogee Software
Maupiti Island,1990,Lankhor,Lankhor
Maze - A Deadly Game of Maze,1988,John Stanley,Software Concepts
Maze Runner,1986,Apogee Software,Apogee Software
MDK,1997,Shiny Entertainment,Shiny Entertainment
Mech Brigade,1987,Strategic Simulations,Strategic Simulations
MechWarrior 2: Ghost Bear's Legacy,1995,Activision,Activision
Medieval Warriors,1991,Merit Software,Merit Software
Mega Man,1990,Hi-Tech Expressions,Hi-Tech Expressions
Mega Math,1992,Jeff Tunnell Productions,Sierra On-Line
Megaspectre,1993,Velocity Inc.,Fujitsu Interactive
Megatron VGA,1993,Stanley Design Team,Stanley Design Team
Menzoberranzan,1994,DreamForge Intertainment,Strategic Simulations
Mercy,1997,Unknown,Unknown
Metal & Lace: Battle of the Robo Babes,1993,Forest,Megatech Software
Metaltech: Earthsiege,1994,Dynamix,Sierra On-Line
Metropolis,1987,Arcadia Systems,Melbourne House
Michael Jordan in Flight,1993,Electronic Arts,Dro Soft
Mickey's Space Adventure,1986,Al Lowe,Sierra Entertainment
MicroLeague Baseball IV,1992,MicroLeague,MicroLeague
MicroLink Shut the Box,1989,Unknown,Unknown
Micro Machines 2: Turbo Tournament,1995,Codemasters,Supersonic Software
Microsoft Decathlon,1982,Microsoft,IBM
Microsoft Flight Simulator 3.0,1988,subLOGIC,Microsoft
Microsoft Flight Simulator 5.0,1993,Microsoft,Microsoft
Micro's Dilemma 2,1992,Adrian B. Danieli,Acumen Software
Midway: The Battle that Doomed Japan,1989,General Quarters Software,General Quarters Software
MiG-29 Fulcrum,1990,Simis,Domark
Might and Magic III: Isles of Terra,1991,New World Computing,New World Computing
Might and Magic: World of Xeen,1994,New World Computing,New World Computing
Mighty Bombjack,1990,Elite Systems,Elite Systems
Millennia: Altered Destinies,1995,Take 2 Interactive,Take 2 Interactive
Mindbender,1990,Magic Bytes,Gremlin Graphics Software
Mindfighter,1988,Abstract Concepts,Activision
Mindwheel,1984,Synapse Software Corporation,Brøderbund
Miner VGA,1989,Harrell W. Stiles,FrodoSoft
Missing Dots Matrix,1991,Softdisk,Softdisk
Mission Supernova,1994,Thomas and Steffen Dingel,
Mixed-Up Fairy Tales,1991,Sierra On-Line,Sierra On-Line
Modem Wars,1988,Ozark Softscape,Electronic Arts
MoleZ,1997,FRACTiLE Games,FRACTiLE Games
Monkey Business,1986,Learning Technologies,Merit Software
Monopoly Deluxe,1992,Virgin Games,Virgin Games
Montezuma's Revenge,1984,Utopia Software,Parker Brothers
Monuments of Mars,1991,Scenario Software,Apogee Software
Moon Patrol,1983,Atari,Atarisoft
Moptown Parade,1984,The Learning Company,The Learning Company
Moraff's Entrap,1991,Moraffware,Moraffware
Moraff's Stones,1992,Moraffware,Moraffware
Mortadelo y Filemón II,1989,Dro Soft,Animagic S.A.
Mortal Kombat II,1994,Probe Software,Acclaim Entertainment
Mortville Manor,1987,Lankhor,Lankhor
"Mother Goose Game, The",1993,Richard Sullivan,
Motor City,1994,Max Design,Max Design
Mr. Boom,1999,Remdy Software,Remdy Software
M.U.D.S.,1990,Golden Goblins,Rainbow Arts
Mumsaren,1995,Unknown,Unknown
Murder!,1991,Creative Materials,U.S. Gold
Murder on the Zinderneuf,1984,Free Fall Associates,Electronic Arts
Mutant Penguins,1996,Sunrise Games,GameTek
MX7,1993,Jean-Guy Lavallee,
Mystery Master: Murder by the Dozen,1983,"BrainBank, Inc.",CBS Software
Myth,1989,Magnetic Scrolls,Rainbird
NAM,1998,Team TNT,GT Interactive
NASCAR Grand National Series Expansion Pack,1997,Papyrus Design Group,Sierra On-Line
NASCAR Racing 2,1996,Papyrus Design Group,"Papyrus Design Group, Sierra On-Line"
Navcom 6: The Persian Gulf Defense,1988,,Cosmi Corporation
Navy Strike,1995,Rowan Software,Empire Interactive Europe
NBA Live 96,1995,Electronic Arts,Electronic Arts
NCAA Road to the Final Four 2,1994,"ADI Development, Bethesda Softworks",Softgold Computerspiele
Need for Speed - Special Edition,1996,"EA Seattle, Pioneer Productions",Electronic Arts
Nephi's Quest,1990,TechnoCrafts Unlimited,"Compuclassics Corporation, Eagle Marketing Corporation"
Netherworld,1988,Jukka Tapanimäki,Hewson Consultants
Net:ZONE,1996,Compro Games,GameTek
Neufneuf,1993,Jean-Pierre Chatenet,
Nevermind,1989,Psygnosis,Psyclapse
NFL Pro League Football,1989,Micro Sports,Micro Sports
NHL Hockey,1993,Electronic Arts,EA Sports
NHL 97,1996,EA Canada,EA Sports
Nigel Mansell's World Championship,1993,Gremlin Graphics,GameTek
NightHunter,1988,Ubisoft,Ubisoft
Night Shift,1990,Lucasfilm Games,Lucasfilm Games
"Nightmare on Elm Street, A",1989,Westwood Studios,Monarch Development
Ninja Gaiden,1990,Hi-Tech Expressions,Hi-Tech Expressions
Nippon Safes Inc.,1992,Dynabyte,Dynabyte
Nobunaga's Ambition 2,1989,KOEI,KOEI
Nocturnal Nightmares,1992,"Robin Ward, Martin Salomon",
Nomad,1993,"Intense! Interactive, Papyrus Design Group",GameTek
Norse by Norse West: The Return of the Lost Vikings,1992,Silicon & Synapse,Interplay Productions
Novalight Tetris,1995,NovaLight Software,Unknown
Nuclear War,1989,New World Computing,U.S. Gold
Nuke It v2.0,1997,CrystalVision Brand Software,Micro Star
Numbers & Logic,1991,David Burns,
NY Warriors,1991,Synergistic Software,Arcadia Systems
Obliterator,1996,Justin Smith,
Ogre,1986,Origin Systems,Origin Systems
Oilcap,1990,Soleau Software,Soleau Software
Oil's Well,1984,Sierra On-Line,Sierra On-Line
Olympic Games: Atlanta 1996,1996,Tiertex,U.S. Gold
Omnicron Conspiracy,1989,First Star Software,Epyx
Once Upon A Forest,1995,Sanctuary Woods,Sanctuary Woods
Onesimus: A Quest for Freedom,1992,Ark Multimedia Publishing,Ark Multimedia Publishing
On Target,1992,Villa Crespo Software,Villa Crespo Software
Oo-topos,1986,Polarware,Polarware
Operation Body Count,1994,Capstone Software,Capstone Software
Operation Crusader,1994,Atomic Games,Avalon Hill
Operation Neptune,1991,The Learning Company,The Learning Company
Orbiter,1986,Spectrum Holobyte,Spectrum Holobyte
Orion Burger,1996,Sanctuary Woods,Eidos Interactive
Otra,1989,Bob Lancaster,Microlink
Outland,1992,Rickers Software,
Overdrive,1984,Peter Johnson,Superior Software
Overide,1992,Chris Rogers,
P-80 Shooting Star Tour of Duty,1991,LucasArts,LucasArts
Pacific Strike,1994,Origin Systems,Electronic Arts
Pac-Maine,1988,University of Maine at Fort Kent,
Paganitzu,1991,Keith Schuler,Apogee Software
Paladin II,1992,Impressions Games,Omnitrend Software
Panda Dodgeball,1993,Panda Entertainment Technology,Panda Entertainment Technology
Pango,1983,Sheng-Chung Liu,Sheng-Chung Liu
Panzer Battles,1990,Strategic Studies Group,Strategic Studies Group
Paperboy,1988,Magpie Computer Developments Ltd,Elite Systems
Paragon,1991,Softdisk,Gamer's Edge
Paratrooper II,1999,AS-Freegames,AS-Freegames
"Patrician, The",1993,Triptychon,Ascon GmbH
Patton Versus Rommel,1987,Chris Crawford,Electronic Arts
PC Fútbol,1993,Dinamic Multimedia,Dinamic Multimedia
PC Fútbol 5.0,1996,Dinamic Multimedia,Dinamic Multimedia
PC Pool,1983,Hesware,IBM
PC Selección Española de Fútbol Eurocopa '96,1996,Dinamic Multimedia,Dinamic Multimedia
Pee & Gity,1994,Family Production,SKC Soft Land
PerOxyd,1993,Dongleware Verlags,Dongleware Verlags
Pete Rose Pennant Fever,1988,Dynamix,"Gamestar, Inc."
PGA Tour Golf,1990,Sterling Silver Software,Electronic Arts
PGA European Tour,1994,Polygames,Electronic Arts
Phantasie Bonus Edition,1991,Strategic Simulations,WizardWorks
Phantasmagoria: A Puzzle of Flesh,1996,Sierra On-Line,Sierra On-Line
Pharaoh's Tomb,1990,Micro FX Software,Apogee Software
Phrase Master,1990,Apogee Software,Apogee Software
Pictionary,1989,Oxford Mobius,Domark
Pinball 2000,1995,21st Century Entertainment,Expert Software
Pinball Dreams II,1994,Spidersoft,21st Century Entertainment
Pinball Gold Pack,1996,21st Century Entertainment,21st Century Entertainment
Pinball Magic,1990,Loriciel,Loriciel
Pipe Mania,1989,The Assembly Line,"Empire Interactive, LucasArts"
Pirates! Gold,1993,MicroProse,MicroProse
Pit-Fighter,1991,Oxford Mobius,Domark
Pizza Tycoon,1994,Cybernetic Corporation,Software 2000
Planetfall,1983,Infocom,Infocom
Planet X3,2019,8-Bit Productions,8-Bit Productions
Player Manager 2 Extra: The Chase For Glory,1995,Anco Software,Anco Software
Pleurghburg: Dark Ages,2001,GASPOP Software,GASPOP Software
Pocket Rockets,1989,Riggs International,Capcom
Pole Position,1996,ASCARON Entertainment,ASCARON Entertainment
Police Quest 2: The Vengeance,1988,Sierra On-Line,Sierra On-Line
Pong Kombat,1994,Gagne Software,Gagne Software
Pools of Darkness,1991,Strategic Simulations,Strategic Simulations
Populous: The Promised Lands,1989,Bullfrog Productions,Electronic Arts
Portal,1986,Nexa Corporation,Activision
"Power, Corruption & Lies",1995,Beau Jolly,Beau Jolly
Power Drive,1994,Rage Software,Back Alley Publishing
PowerHits Movies,1992,Activision,Activision
Powermonger,1990,Bullfrog Productions,Electronic Arts
Predator 2,1990,"Oxford Mobius, Arc Developments",Konami
Prehistorik,1991,Titus Interactive,Titus Interactive
Premier Manager 2,1993,Realms of Fantasy,Gremlin Interactive
Premier Multi-Edit System,1995,Realms of Fantasy,Gremlin Interactive
"President Is Missing, The",1988,Cosmi Corporation,MicroProse
Primal Rage,1994,Probe Entertainment,Time Warner Interactive
Prince of Persia,1989,Broderbund,Broderbund
Princess Maker 2,1996,Gainax,Adventions
Privateer 2: The Darkening,1996,Origin Systems,Electronic Arts
Prohibition,1987,Infogrames,Infogrames
Project-X,1992,Team17,Team17
Prophecy of the Shadow,1992,Strategic Simulations,Strategic Simulations
Pro Pinball: The Web,1995,Cunning Development,Empire Interactive
Prototype,1995,Neo Software,Max Design
Psi-5 Trading Company,1986,"Accolade, Inc.","Accolade, Inc."
Psycho,1989,Starsoft,"Box Office, Inc."
"Psychotron, The",1994,The Multimedia Store,Merit Software
P.T.O. II: Pacific Theater of Operations,1993,Koei,Koei
"Pure Wargame, The",1995,Quantum Quality Productions,Quantum Quality Productions
Pushover,1992,Red Rat Software,Ocean Software
Putt-Putt Joins the Parade,1992,Humongous Entertainment,Humongous Entertainment
Pyramid Power,1986,COMPUTE!,COMPUTE!
Pyramids of Egypt,1989,Ideas from the Deep,Softdisk
QAD: Quintessential Art of Destruction,1996,Cranberry Source,Philips Interactive Media
QShips,1990,Microsoft Corporation,Microsoft Corporation
Quake,1996,id Software,id Software
Quarky & Quaysoo's Turbo Science,1992,Jeff Tunnell Productions,Sierra On-Line
Queen: The eYe,1998,Destination Design,Electronic Arts
Quest for Glory II: Trial by Fire,1990,Sierra On-Line,Sierra On-Line
"Quest for the Time-bird, The",1989,Infogrames,Infogrames
Questprobe featuring Spider-Man,1985,Adventure International,Load'N'Go Software
Questron II,1988,Westwood Studios,Strategic Simulations
Quiver,1997,ADvertainment Software,ESD Games
Race the Nags,1993,Personal Companion Software,Personal Companion Software
Radar Wars 2 (Gold),1994,InterAction Software,InterAction Studios
Rad Warrior,1986,Palace Software,Palace Software
Railroad Empire,1989,Artdink Corporation,Seika Corporation
RAM!,1985,Avalon Hill,Avalon Hill
Rambo III,1989,Banana Development Corporation,Taito
Ranadin,1989,J. Mather,
Rapid Assault,1994,Synthetic Dimensions,IBM
Rasterscan,1987,Binary Design,Mastertronic
The Raven Project,1995,Cryo Interactive,Mindscape
Reader Rabbit and the Fabulous Word Factory,1987,The Learning Company,The Learning Company
Reader Rabbit 3,1993,The Learning Company,The Learning Company
Realms of Arkania: Blade of Destiny,1993-06,Attic Entertainment Software,Sir-Tech/U.S. Gold
Realms of Chaos,1995,Apogee Software,Apogee Software
Rebel Charge at Chickamauga,1987,Strategic Simulations,Strategic Simulations
Red Baron,1990,Dynamix,Sierra Entertainment
Red Lightning,1989,Strategic Simulations,Strategic Simulations
Red Storm Rising,1989,MicroProse,MicroProse
Remote Control,1989,"Softie, Inc.",Hi-Tech Expressions
Renegade: The Battle for Jacob's Star,1995,Midnight Software,Strategic Simulations
Rescue Rover,1991,id Software,Softdisk
Return of the Mutant Space Bats of Doom,1995,Pop Software,Pop Software
Return to Ringworld,1994,Tsunami Media,Tsunami Media
Revelation,1992,Teque London,MicroLeague
Revolution Classic Adventures,2000,,Ubisoft
Rex Nebular and the Cosmic Gender Bender,1992,Microprose,Microprose
Rick Dangerous II,1990,Core Design,Micro Style
Rings of Medusa,1990,Starbyte Software,Starbyte Software
Ripley's Believe It or Not!: The Riddle of Master Lu,1995,Sanctuary Woods,Sanctuary Woods
Rise of the Dragon,1990,Dynamix,Sierra On-line
Rise of the Triad,1995,Apogee Software,Apogee Software
River Riders,1994,Argonaut Games,Fox Interactive
Road Kill,1993,James Zeidel,
Robinson's Requiem,1994,Silmarils,Silmarils
Roboman,1989,XOR Corporation,XOR Corporation
RoboMaze II: The Tower,1991,Wetware,MVP Software
Robomaze III: The Final Journey,1991,Wetware,MVP Software
Robot Odyssey,1984,"Mike Wallace, Dr. Leslie Grimm",The Learning Company
Robotron: 2084,1983,Vid Kidz,Atarisoft
"Rocketeer, The",1991,NovaLogic,Walt Disney Computer Software
Rockford,1988,Arcadia Systems,Mastertronic
Rock-Slide,1989,Viking Technologies,Viking Technologies
Rogue: The Adventure Game,1984,Artificial Intelligence Design,Epyx
Rollin,1995,Ticsoft,Ticsoft
Romance of the Three Kingdoms,1989,Koei,Koei
Romance of the Three Kingdoms IV: Wall of Fire,1994,Koei/Inis,Koei
Rome: Pathway to Power,1993,Firstlight,Maxis
Rotaktix,1993,Data Wave Software,
Round 42,1987,Mike Pooler,Elven Software Company
Rules of Engagement 2,1993,Omnitrend Software,Impressions Games
Russian Front II: The Kursk Campaign,1990,Henrik Hoexbroe,
Sabre Team,1994,Krisalis Software,"Krisalis Software, MicroLeague"
Safe Opening Simulator,1993,Moore Software Development,Locksoft
Sam & Max Hit the Road,1993,LucasArts,LucasArts
Sango Fighter,1993,Panda Entertainment,Panda Entertainment
Santa Paravia en Fiumaccio,1988,Starsoft Development Laboratories,Keypunch Software
Sargon III,1984,,Hayden Software
Satan,1990,Dinamic Software,Dinamic Software
Savage Warriors,1995,Atreid Concept SA,Mindscape
Scavengers of the Mutant World,1989,,Interstel
"Scoop, The",1988,Telarium,Telarium
Scorcher,1996,Zyrinx,Scavenger
Scrabble,1991,HVB,HVB
Screamer,1995,Graffiti,Virgin Interactive
ScubaVenture,1983,Gebelli Software,IBM
S.D.I.,1987,Master Designer Software,Mindscape
Sea Legends,1996,Ocean Software,GTE Entertainment
Search for the Titanic,1989,"Codesmiths, IntraCorp",Capstone Software
Season of the Sakura,1996,JAST,"JAST, JAST USA"
Second Front: Germany Turns East,1990,Strategic Simulations,Strategic Simulations
Secret Mission,1996,Mircoids,Philips Média France
Secret Weapons of the Luftwaffe,1991,LucasFilm Games,LucasFilm Games
Sensible Soccer,1992,Sensible Software,Sensible Software
Sensible World of Soccer 95-96,1995,Sensible Software,Sensible Software
Sensible Soccer '98,1998,Sensible Software,GT Interactive
Sentinel Worlds I: Future Magic,1989,"Binary Systems, Electronic Arts",Electronic Arts
Serve & Volley,1998,Artech Digital Entertainments,"Accolade, Inc."
Settlers II (Gold Edition),1997,Blue Byte,Blue Byte
"Seven Spirits of Ra, The",1987,,Sir-Tech
Shade,2000,Andrew Plotkin,
Shadowgate,1988,ICOM Simulations,Mindscape
Shadow of the Comet,1993,Chaosium,Infogrames
Shadow President,1993,DC True,DC True
Shadow Sorcerer,1991,U.S. Gold,"Strategic Simulations, U.S. Gold"
Shamus,1984,William Mataga,Synapse Software
Shannara,1995,Legend Entertainment,Legend Entertainment
Sharkey's 3D Pool,1990,Aardvark Software,Microplay Software
Sherlock Holmes: Another Bow,1985,Imagic,Bantam Software
Sherlock Holmes: Consulting Detective Vol. III,1993,ICOM Simulations,ICOM Simulations
Shinobi,1989,Micromosaics Productions,Sega
Shooting Gallery,1990,Arcanum Computing,Personal Companion Software
Shuttle,1992,Vektor Grafix,Virgin Interactive
Sid Meier's Colonization,1994,MicroProse,MicroProse
Sid Meier's Railroad Tycoon,1990,MicroProse,MicroProse
Siege,1992,Mindcraft,
Silent Hunter,1996,Aeon Electronic Entertainment,Strategic Simulations
Silent Hunter Commander's Edition,1997,"Aeon Electronic Entertainment, Strategic Simulations",Strategic Simulations
Silicon Dreams,1986,Level 9 Computing,Rainbird Software
Silverload,1996,Millennium Interactive,Psygnosis
SimCity Enhanced CD-ROM,1993,Maxis,"Maxis, Interplay Entertainment"
SimCity: Terrain Editor,1989,Maxis,Infogrames
SimEarth: The Living Planet,1990,Maxis,Maxis
SimIsle: Missions in the Rainforest,1995,Intelligent Games,Maxis
"Simon the Sorcerer II: The Lion, the Wizard and the Wardrobe",1995,Adventure Soft,Adventure Soft
Simpsons: Bart vs. the Space Mutants,1991,Imagineering,"Acclaim Entertainment, Ocean Software"
Sinbad and the Throne of the Falcon,1987,Cinemaware,Cinemaware
Sito Pons 500cc Grand Prix,1990,Zigurat,Zigurat
Ski or Die,1990,Electronic Arts,Electronic Arts
Skullduggery - Adventures in Horror,1989,David Jewett,
Skunny Kart,1994,Copysoft,Copysoft
Skunny: Special Edition,1995,"Magic Touch, Atomic Entertainment",WizardWorks
Skynet,1996,Bethesda Softworks,Bethesda Softworks
Sky Runner,1986,Cascade,
Slam 'N Jam '96 featuring Magic and Kareem,1997,Left Field Productions,Crystal Dynamics
Sleepwalker,1993,CTA Developments,Ocean Software
Slipstream 5000,1995,The Software Refinery,Gremlin Interactive
"Slugger, The",1988,Ocean Software,Mastertronic
Snakefighter,1993,Vivid Games,Vivid Games
Snarf,1990,Everett Kaser Software,Everett Kaser Software
Snoopy and Peanuts,1990,Edge,Edge
Snowstrike,1990,Incredible Technologies,Epyx
Soccer Superstars,1996,Flair Software,Digital Dreams Multimedia
Software Manager,1994,Kaiko,Software 2000
Sol Negro,1988,Opera Soft,Opera Soft
Solitaire's Journey,1992,Quantum Quality Productions,Quantum Quality Productions
Sołtys,1995,L.K. Avalon,L.K. Avalon
Sopwith,1984,David L. Clark,BMB Compuscience
Sorcerer,1984,Infocom,Infocom
Sorcerian,1990,Nihon Falcom Corporation,"Nihon Falcom Corporation, Takeru Soft, Sierra Entertainment"
Space: 1889,1990,Paragon Software,Paragon Software
"Space Adventure, The",1992,Knowledge Adventure,Knowledge Adventure
Space Commanders II,1985,Columbia Data Products,Columbia Data Products
Spaced,1996,Daniel Haffner,
Space Hulk: Vengeance of the Blood Angels,1996,Electronic Arts,Electronic Arts
Space Marines: Der stählerne Kaiser,1995,Software 2000,Software 2000
Space Quest II: Vohaul's Revenge,1987,Sierra On-Line,Sierra On-Line
Space Quest V: The Next Mutation,1993,Dynamix,Sierra On-Line
Space Rogue,1989,Origin Systems,Origin Systems
Spacewrecked: 14 Billion Light Years From Earth,1991,Celestial Software,"Gremlin Graphics, Konami"
Special Forces,1992,Sleepless Knights,MicroProse
Speed,1993,Knowledge Adventure,Knowledge Adventure
Speed Demons,1999,EMG,Microïds
Speed Racer in The Challenge of Racer X,1992,Accolade,Accolade
Spellcasting 101: Sorcerers Get All The Girls,1990,Legend Entertainment,Legend Entertainment
Spell Castle,1991,Legend Entertainment,Legend Entertainment
Spell It Plus!,1989,Davidson & Associates,Davidson & Associates
Spider Web,1989,Christopher Gunne,
Spirit of Adventure,1991,Attic Entertainment Software,Starbyte Software
Spirou,1996,Infogrames,Infogrames
Splat!,1999,PLBM Games,PLBM Games
Spot,1990,Virgin Mastertronic,Virgin Mastertronic
Spycraft: The Great Game,1996,Activision,Activision
Spy Snatcher,1991,Topologika,Topologika
Squares,,,
Stack Up,1993,Zeppelin Games,Zeppelin Games
StarBlade,1990,Silmarils,Silmarils
Star Chamber,1987,Russco,
Star Control,1990,Toys for Bob,Accolade
Starcross,1982,Infocom,Infocom
Starfire,1992,Silver Lightning Software,
Starflight,1986,"Binary Systems, Electronic Arts",Electronic Arts
Star General,1996,Catware,Strategic Simulations
Stargoose,1988,Logotron,Logotron
Starlord,1993,Microprose,Microprose
Starquake,1988,ShareData,Bubble Bus Software
Star Saga,"1988, 1989",Masterplay Publishing,Masterplay Publishing
Star Trek: Deep Space Nine - Harbinger,1996,Stormfront Studios,Viacom New Media
Star Trek: The Kobayashi Alternative,1985,Micromosaics,Simon & Schuster Interactive
Star Trek: The Next Generation Trivia,1990,Micro F/X Software,Micro F/X Software
Star Trek V: The Final Frontier,1989,Level Systems,Mindscape
Star Wars: Dark Forces,1995,LucasArts,LucasArts
Star Wars: Return of the Jedi,1988,Domark,Domark
Star Wars: X-Wing,1993,LucasArts,LucasArts
Stars,1991,Dave Smith,
Steel Panthers,1995,Strategic Simulations,Mindscape
Steel Panthers 2: Modern Battles: Campaign Disk,1996,Strategic Simulations,Mindscape
Steg the Slug,1993,The Big Red Software Company Ltd.,Codemasters
Stellar Conquest 3: Hostile Takeover,1994,,
Super Mario Bros. & Friends: When I Grow Up,1992,"Brian A. Rice, Inc.",Merit Software
StixWorld,1998-04,PsychoHazard Software,PsychoHazard Software
StoneBreaker,1996,Lomax Software,Lomax Software
Storm,1987,Mastertronic,Mastertronic
Storm Master,1992,Silmarils,Silmarils
Strategy Games,1983,IBM,IBM
Street Fighter,1988,Tiertex,U.S. Gold
Street Rod,1989,"P.Z.Karen Co. Development Group, Logical Design Works",California Dreams
Street Sports Basketball,1988,Epyx,U.S. Gold
Strider,1989,U.S. Gold,U.S. Gold
Strike Commander,1993,Origin Systems,Electronic Arts
Striker,1992,Rage Software,Rage Software
Strike Squad,1993,Mindcraft Software,Mindcraft Software
Strip Poker III,1991,Artworx Software,Artworx Software
Stronghold,1993,Stormfront Studios,Strategic Simulations
Stunt Driver,1990,"Sphere, Inc.",Spectrum Holobyte
Stunts,1990,Distinctive Software,"Broderbund, Mindscape"
SU-25 Stormovik,1990,Electronic Arts,Electronic Arts
Subbuteo,,,
Sub Mission,1987,Tom Snyder Productions,Mindscape
Subwar 2050,1993,Particle Systems,MicroProse Software
Summer Games II,1986,Epyx,Epyx
Superbike Challenge,1995,Lankhor,"Domark, Time Warner Interactive"
Super C,1990,Distinctive Software,Konami
Super Fighter,1993,C&E,C&E
Super Football Sunday,1985,Quest Inc.,Avalon Hill
Super Huey II,1988,Cosmi Corporation,Cosmi Corporation
Super League Pro Rugby,1996,Charybdis Limited,Alternative Software Ltd.
Supernova,1987,Apogee Software,Apogee Software
Super Panic Monsters,,,
Super Solvers: OutNumbered!,1990,The Learning Company,The Learning Company
Super Street Fighter II: The New Challengers,1996,Rozner Labs,Capcom
Super Tetris,1991,"Sphere, Inc.","Spectrum Holobyte, Inc."
Superyot,1989,George Leritte,Softdisk
Supremacy: Your Will Be Done,1991,Probe Software,Melbourne House
Suspended,1983,Infocom,Infocom
Sword of Aragon,1989,Strategic Simulations,Strategic Simulations
Sword Quest 1,1992,NGS Software,NGS Software
Syndicate,1993,Bullfrog Productions,Electronic Arts
Syndicate Wars,1996,Bullfrog Productions,Electronic Arts
T2: The Arcade Game,1993,Probe Software,Acclaim Entertainment
Tag Team Wrestling,1985,Quicksilver Software,"Data East, U.S. Gold"
Taking Care of Business,1994,Moonlite Software,Moonlite Software
Tamper,1993,Vorco Technologies,Vorco Technologies
Tank: The M1A1 Abrams Battle Tank Simulation,1989,Sphere Inc.,Spectrum HoloByte
Tapper,1983,Marvin Glass and Associates,Bally Midway
Tass Times in Tonetown,1986,"Brainwave Creations, Interplay Productions",Activision
Teamtris,1991,Tony Jedlovsky and Brian Orr,
Techno Cop,1988,"Gray Matter, Imagexcel",U.S. Gold
Teenage Mutant Ninja Turtles II: The Arcade Game,1992,Image Works,Konami
Tegel's Mercenaries,1992,Mindcraft,Mindcraft
Temple of Apshai,1982,Epyx,Automated Simulations
Ten Nights of Killing and Mayhem at F.J.B. II,1996,Little Devils Inc.,Little Devils Inc.
Terminal Terror,1994,Pie in the Sky Software,Expert Software
Terminator 2029: Operation Scour,1993,Bethesda Softworks,Bethesda Softworks
"Terminator, The",1991,Bethesda Softworks,Bethesda Softworks
Terra Nova: Strike Force Centauri,1996,Looking Glass Technologies,Looking Glass Technologies
Terror TRAX: Track of the Vampire,1995,Grolier Electronic Publishing,Grolier Electronic Publishing
Test Drive,1987,Distinctive Software,Accolade
Test Drive: Off-Road,1997,Motivetime Ltd.,Accolade
Tetris,1986,AcademySoft,AcademySoft
Tetris Gold,1993,"Sphere, Inc.",Spectrum Holobyte
Theatre of Death,1994,The Software Shed,Psygnosis
Their Finest Hour: The Battle of Britain,1989,LucasFilm Games,LucasFilm Games
Theme Park,1994,Bullfrog Productions,Electronic Arts
Thinking Games 2,1993,Compedia Software & Hardware,Compedia Software & Hardware
Third Reich,1996,Avalon Hill,Avalon Hill
Thor's Hammer,1995,Escape Programming,MVP Software
Three Sisters' Story,1996,Sakura Soft,JAST USA
Thunderchopper,1989,subLOGIC,subLOGIC
Thunderstrike,1990,Millennium Interactive,Millennium Interactive
Tiles of the Dragon,1991,Softdisk,Softdisk
Time Commando,1996,Adeline Software,"Electronic Arts, Activision"
Timequest,1991,Legend Entertainment,Legend Entertainment
Timeslaughter,1996,Bloodlust Software,Bloodlust Software
Tintin on the Moon,1989,Probe Entertainment,Infogrames
Titanic,1991,Topo Soft,Topo Soft
T-Mek,1996,Bits Studios,GT Interactive Software
Tomb Raider,1996,Core Design,Eidos Interactive
Tom & Jerry,1993,Albino Frog Software,Hi-Tech Expressions
Tommy's High IQ,1987,Tommy's Toys,Microsoft Corporation
Tommy's Tic-Tac-Toe,1987,Tommy's Toys,Microsoft Corporation
Tommy's Tyrants,1987,Tommy's Toys,Microsoft Corporation
Tony La Russa Baseball 2,1993,Stormfront Studios,Strategic Simulations
Tony La Russa's Ultimate Baseball: Ultimate Expansion Disk,1991,Stormfront Studios,Strategic Simulations
Top Gun,1987,Ocean Software,Thunder Mountain (company)
Toppler,1990,Locis,Locis
Tornado: Operation Desert Storm,1994,Digital Integration,Trimark Interactive
Touchdown Football,1984,Imagic,IBM
"Tournament of Zulala, The",1993,Christian Boutin,Oracle Software
Toyota Celica GT Rally,1992,Gremlin Graphics Software,Gremlin Graphics Software
Track Attack,1996,Arc Developments,MicroProse
Tracon II,1992,Wesson International,Wesson International
Traffic Department 2192,1994,P-Squared Productions,"Safari Software, Epic MegaGames"
Transarctica,1993,Silmarils,Silmarils
Transylvania,1985,Penguin Software,Penguin Software
Treasure Cove!,1992,The Learning Company,The Learning Company
Treasure Mountain!,1994,The Learning Company,The Learning Company
"Treehouse, The",1991,Brøderbund,Brøderbund
Trick or Treat,1994,ACA Soft,Proein S.L.
Triplane Turmoil,1996,Dodekaedron Software,Dodekaedron Software
Trivia 101,1984,Digital Learning Systems,IBM
Trog!,1990,Software Creations,Acclaim Entertainment
Trolls,1992,Flair Software,Capstone Software
Tubes,1993,Absolute Magic,Gold Medallion Software
Tunneler,1991,Geoffrey Silverton,
Tunnels & Trolls: Crusaders of Khazan,1990,New World Computing,"New World Computing, Flying Buffalo, Fiery Dragon Publications"
Turoid,1995,Jason Truong,
TV Sports: Basketball,1990,Cinemaware,Mirrorsoft
Twilight: 2000,1991,Paragon Software Corporation,MicroProse
Twinsen's Odyssey,1997,Adeline Software,Ubisoft
Tyrian,1995,Eclipse Software,Epic MegaGames
UEFA Euro 96 England,,,
Ultima I: The First Age of Darkness,1987,"Richard Garriott, Origin Systems","Origin Systems, Electronic Arts"
Ultima IV: Quest of the Avatar,1985,Richard Garriott,Origin Systems
Ultima: Worlds of Adventure 2: Martian Dreams,1991,Origin Systems,Origin Systems
Ultimate Blackjack,1991,Accidental Software,
Ultimate Doom,1995,id Software,id Software
Ultimate NFL Coaches Club Football,,,
Ultimate Soccer Manager 2,,,
Ultimuh,1993,Oregin,Nuclear Meltdown Productions
Ulysses and the Golden Fleece,1982,Sierra On-Line,Sierra On-Line
Uncharted Waters,1990,KOEI,KOEI
Under a Killing Moon,1994,Access Software,Access Software
Uninvited,1993,ICOM Simulations,Mindscape
Unlimited Adventures,1993,MicroMagic,Strategic Simulations
Unnecessary Roughness '96,1995,Accolade,Accolade
"Untouchables, The",1989,Ocean Software,Ocean Software
Uridium,1988,Hewson Consultants,Hewson Consultants
U.S. Navy Fighters,1994,Electronic Arts,Electronic Arts
"Usurper: The Mines Of Qyntarr, The",1988,Sir-Tech,Sir-Tech
V for Victory: Gold-Juno-Sword,1993,Atomic Games,Three-Sixty Pacific
Vacation Gone Awry,2002,Milbus,Milbus
Vampyr: Talisman of Invocation,1990,Brian Weston and Victor Shao,Brian Weston and Victor Shao
Vegas Bandit,1994,,B&N Companies Inc.
Vengeance of Excalibur,1991,Synergistic Software,Virgin Interactive
VGA Roulette,1989,"J. Stephen Shattuck, Jr.",JSSJ Software
Viaje Al Centro De La Tierra,1989,Topo Soft,Topo Soft
Video Trek 88,1982,Windmill Software,Windmill Software
Virtual Karts,1995,MicroProse,MicroProse
"Virtual Reality, Volume 2",1991,"Astral Software, Millennium Interactive",Elite Systems
Virus,1988,Frontier Developments,Firebird Software
Vlak,1993,Miroslav Nemecek,Miroslav Nemecek
Voyage to the Planet Earth,1993,WWW Software,
Wacky Funsters,1992,Tsunami Media,Tsunami Media
Wanderer,1988,S. Shipway,
Warcraft II: Tides of Darkness,1995,Blizzard Entertainment,Blizzard Entertainment/Ubisoft
Wargame Construction Set II: TANKS!,1994,Strategic Simulations,Strategic Simulations
War in the Gulf,1993,Oxford Digital Enterprises Ltd.,Empire Software
Warlords II,1993,Steven Fawkner,Strategic Studies Group
"Warp Factor, The",1982,Strategic Simulations,Strategic Simulations
Warship,1988,Strategic Simulations,Strategic Simulations
Waterworld,1995,Ocean Software,Ocean Software
Wayne's World,1993,Capstone,Capstone
Welltris,1989,Spectrum Holobyte,Spectrum Holobyte
Western Front: The Liberation of Europe 1944-1945,1991,,
Wheel of Fortune,1988,Softie,ShareData
Where in Europe is Carmen Sandiego?,1988,Broderbund,Broderbund
Where in the U.S.A. is Carmen Sandiego? (Enhanced),1992,Broderbund,Broderbund
Where in the World is Carmen Sandiego? (Enhanced),1996,Broderbund,Broderbund
Willi's Maze,1992,Comad,
Who Framed Roger Rabbit,1988,Buena Vista Software,Buena Vista Software
Wild Ride (video game),1997,Artech Digital Entertainment,Corel
Wild West World,1991,Software 2000,Software 2000
Will Harvey's Music Construction Set,1984,Electronic Arts,Electronic Arts
William Shatner's TekWar,1995,Capstone Software,Capstone Software
Windsurf Willy,1989,Silmarils,Silmarils
Wing Commander: The Secret Missions,1990,Origin Systems,Origin Systems
Wing Commander: Academy,1993,Origin Systems,Origin Systems
Wing Commander: Privateer,1993,Origin Systems,Origin Systems
Wing Commander IV: The Price of Freedom,1995,Origin Systems,Electronic Arts
Wingstar,1996,Interactivision A/S,Interactivision A/S
Winter Challenge,1991,MindSpan,Accolade
Winter Olympics: Lillehammer 94,1993,ID Software,U.S. Gold
Wishbringer,1985,Infocom,Infocom
"Witness, The",1983,Infocom,Infocom
Wizard's Doom,1989,Uptown Productions,Uptown Productions
Wizardry III: Legacy of Llylgamyn,1986,Sir-Tech,Sir-Tech
Wizardry VI: Bane of the Cosmic Forge,1990,Sir-Tech,Sir-Tech
Wizard's Crown,1985,Strategic Simulations,Strategic Simulations
Wizkid: The Story Of Wizball II,1992,Sensible Software,Ocean Software
WolfPack,1990,NovaLogic,Broderbund
Word Ladders,1991,Softdisk,Softdisk
Word Spinner,1984,The Learning Company,The Learning Company
World at War: Volume II - Stalingrad,1992,Atomic Games,Avalon Hill
World Circuit,1992,Microprose,Microprose
World Cup USA '94,1994,U.S. Gold,U.S. Gold
World Games,1986,K-Byte,Epyx
World of Aden: Thunderscape,1995,Strategic Simulations,Strategic Simulations
World Rally Fever: Born on the Road,1996,"Split, Team17",Ocean Software
Worlds of Ultima: The Savage Empire,1990,Origin Systems,Origin Systems
World War II Battle Simulations,1991,"Richard P. Allen, John E. Trybus",Iron Rainbow Wargame Simulations
Worms,1995,Team17,Ocean Software
Wrath of the Demon,1991,ReadySoft,ReadySoft
Wrecking Ball,,,
WWF European Rampage Tour,1992,Arc Developers,Ocean Software
WWF Wrestlemania: The Arcade Game,1995,Sculptured Software,Acclaim Entertainment
Xargon,1993,Epic MegaGames,Epic MegaGames
X-Ball,1991,Richard L. Wright,
X-COM: UFO Defense,1994,"MicroProse Software, Mythos Games",MicroProse Software
Xenomorph,1990,Pandora Software,Pandora Software
Xenophage: Alien Bloodsport,1995,Argo Games,Apogee Software
XF5700 Mantis,1992,Microplay Software,Microplay Software
Xixit,1995,Optik Software,Optik Software
X-Men II: The Fall of the Mutants,1991,Paragon Software,Medalist International
Xonix,1984,"Ilan Raab, Dani Katz",
XQuest 2,1996,Mark Mackey,Atomjack
XWing Fighter,1982,International PC Owners,International PC Owners
YAB! Baseball,1992,Tom Fresen,
Yendorian Tales Book I: Chapter 2,1996,SW Games,Spectrum Pacific Publishing
Yogi Bear's Math Adventures,1990,"Genus Microprogramming, Omega Software","Genus Microprogramming, Omega Software"
Ys I: Ancient Ys Vanished,1989,Nihon Falcom,Nihon Falcom
Zak McKracken and the Alien Mindbenders,1988,LucasArts,LucasArts
Zappa Roidz,1989,Ideas from the Deep,Softdisk
Zee Artillery,1999,PLBM Games,PLBM Games
Zeliard,1990,Game Arts,Sierra On-Line
Zig Zag Flag Shag,1991,Softdisk,Softdisk
Zool,1993,Gremlin Interactive,Electronic Arts
Zork I,1982,Infocom,Infocom
Zork Nemesis,1996,Zombie Inc.,Activision
Zork Zero,1988,Infocom,Infocom
Zyconix,1992,Miracle Games,Accolade
