007: Licence to Kill,1989,Quixel,Domark
1000 Miglia,1992,Simulmondo,Simulmondo
1830: Railroads & Robber Barons,1995,Simtex,Avalon Hill
1993tris,1993,Young Chung,Young Chung
2400 A.D.,1988,Origin Systems,Origin Systems
3 Skulls of the Toltecs,1996,Revistronic,Midway Games West
3-Demon,1983,PC Research Inc.,PC Research Inc.
3D Ball Blaster,1992,Homebrew Software,Dungeon Entertainment
3D Cyber Puck,1995,Ticsoft Software,Dungeon Entertainment
3D Pitball,1992,Microvalue,Villa Crespo Software
3D World Boxing,1992,Simulmondo,Simulmondo
4D Sports Tennis,1990,Distinctive Software,Mindscape
4x4 Off-Road Racing,1988,"Epyx, Ogdon Micro Design",Epyx
5th Fleet,1994-12-31,Stanley Associates,Avalon Hill
7 Colors,1991,Gamos Ltd.,Infogrames
8088 Othello[2],1985,M. W. Bayley,M. W. Bayley
A-10 Tank Killer,1989,Dynamix,Dynamix
Abandoned Places: A Time for Heroes,1992,ArtGame,International Computer Entertainment
ABC Wide World of Sports Boxing,1991,Acme Interactive Productions,Data East
A Brief Tryst,1992,Fruitsoft,H.E.P. Group
Abuse,1996,Crack Dot Com,Origin Systems
Ack-Ack Attack,1995,PLBM Games,PLBM Games
Air Puck,1992,Bob Mandel,
Aces of the Pacific,1992,Dynamix,Sierra Entertainment
Acid Tetris,1998,Dungeon Dwellers Design,Sonic Foundry
Action Fighter,1989,Sega,Firebird Software
Action SuperCross,1997,Balázs Rózsa,
Actua Soccer - Club Edition,1997,Gremlin Interactive,Gremlin Interactive
Advanced Robot War,1989,Kevin L. Shelton,
Adventure in Melgrata,1993,Sherwood Forest Software,Sherwood Forest Software
Adventures in Math,1983,IBM,IBM
"Adventures of Lance, The",1990,"Michael P. Miller, Margaret J. Ganzberger",
Adventures of Robbo,1994,xLand Games,Epic MegaGames
"Adventures of Willy Beamish, The",1991,Dynamix,Sierra On-Line
African Adventure,1984,Tony Baechler,Tony Baechler
Afterlife,1997,LucasArts,LucasArts
Agent USA,1984,Tom Snyder Productions,Scholastic
AH-64D Longbow - Flash Point: Korea,1996,Origin Systems,Electronic Arts
Airborne Ranger,1988,Microprose,Microprose
Air Power,1996,Rowan Software,Mindscape
Albion,1996,Blue Byte,Blue Byte
Aldo's Adventure,1987,Yahoo Software,Yahoo Software
Alfred Pelrock,1996,Digital Dreams Multimedia,Digital Dreams Multimedia
ALF's World of Words,1988,Vision Software,Vision Software
Alien,1982,Unknown,Unknown
Alien Breed: Tower Assault,1994,Team17,Team17
Alien Fires: 2199 AD,1987,Jagware,Paragon Software
Alien Logic: A Skyrealms of Jorune Adventur,1994,Ceridus Software,Strategic Simulations
Alien Phobia,1997,Wah-Software,Wah-Software
Aliens: A Comic Book Adventure,1995,Cryo Interactive,Mindscape
Alien Virus,1994,Funsoft,Vic Tokai
Allan Border's Cricket,1994,Audiogenic,Audiogenic
All New World of Lemmings,1994,DMA Design,Psygnosis
Alone in the Dark 3,1995,Infogrames,Interplay Entertainment
Alpha Storm,1997,TAG,TAG
Al-Qadim: The Genie's Curse,1994,Stormfront Studios,Strategic Simulations
Altered Destiny,1990,Accolade,Accolade
Amarillo Slim Dealer's Choice,1991,Villa Crespo Software,Villa Crespo Software
Amazon,1984,Trillium Corp.,Trillium Corp.
Amberstar,1992,Thalion Software,Thalion Software
American Challenge: A Sailing Simulation,1986,Tom Snyder Productions,Mindscape
A Mind Forever Voyaging,1985-08-14,Infocom,Infocom
Amulets & Armor,1997,United Game Artists,United Game Artists
Anacreon: Reconstruction 4021,1987,Thinking Machine Associates,Thinking Machine Associates
"Ancient Art of War, The",1984,Evryware,Broderbund
Ancient Domains of Mystery,1994,Thomas Biskup,Thomas Biskup
Ancients 1: Death Watch,1993,Farr-Ware,Epic MegaGames
Andromedas Erbe,1994,Thomas and Steffen Dingel,
Angel Nieto Pole 5000,1990,Opera Soft,Opera Soft
Animal Math,1986,Donald Pavia,Donald Pavia
Animated Math,1991,Tom Guthery IV,Flix Productions
Animated Words,1992,Tom Guthery IV,Flix Productions
Another World,1991,Delphine Software,Interplay Entertainment
Ant Run,1996,Soleau Software,Soleau Software
Apache Longbow,1995,Interactive Magic,Digital Integration
Apple Panic,1982,Broderbund,Broderbund
Arachnophobia,1991,BlueSky Software,Disney Interactive Studios
Arcade Volleyball,1989,Rhett Anderson,
Archon: The Light and the Dark,1983,Free Fall Associates,Electronic Arts
Arcticfox,1986,Dynamix,Electronic Arts
Are We There Yet?,1991,Manley & Associates,Electronic Arts
Ario Bros.,1983,David Tretter,
Arkanoid II-Revenge of Doh,1989,NovaLogic,Taito
ARL 96,1995,Creative Assembly,Electronic Arts
Armor Alley,1991,360 Pacific,360 Pacific
Armour-Geddon,1992,Psygnosis,Psygnosis
Arnie II,1993,Zeppelin Games,Zeppelin Games
Artura,1989,Arcadia Systems,Virgin Mastertronic
Ashes of Empire,1993,GameTek,GameTek
Asterix & Obelix,1996,Infogrames,Infogrames
Asteroid Smash,2000,Jugibugi Entertainment,AukioGames
The Astronomy Quiz,1988,Scott Miller,Softdisk
"A-Team, The",1988,Zafiro,Zafiro
Atomic,1991,E.M. Pedersen,
A-Train,1992,Artdink,Maxis
At the Carnival,1990,Miles Computing,Miles Computing
Autoduel,1988,Origin Systems,Origin Systems
Avalon Hill's Advanced Civilization,1995,Avalon Hill,Avalon Hill
Avoid the Noid,1989,California Merchandising Concepts,ShareData
Azrael's Tear,1996,Intelligent Games,Mindscape
B-24 Combat Simulator,1987,Strategic Simulations,Strategic Simulations
Back to Baghdad,1996,Military Simulations Inc.,Military Simulations Inc.
"Backyard, The",1993,Brøderbund,Brøderbund
BAD MACHINE,1998,Dan Shiovitz,
Balance,1993,Kingsoft,Kingsoft
Baldies,1996,Creative Edge Software,Panasonic Interactive Media
Ball Breakers Corp.,1993,Kronos,Kronos
Ballistix,1989,Psygnosis,Psygnosis
Balloonz,1993,Adrian B. Danieli,Acumen Software
Bandit,1986,Mike O'Shea,
Barbarian,1989,Mastertronic,Psygnosis
Barbie Super Model,1993,Tahoe Software Productions,Hi Tech Expressions
Bargon Attack,1992,Coktel Vision,Coktel Vision
Baryon,1995,ACRO Studio,CDV Software
B.A.T.,1990,Computer's Dream,Ubisoft
Batman: The Caped Crusader,1988,Special FX Software,Ocean Software
Batman Forever: The Arcade Game,1996,Iguana Entertainment,Acclaim Entertainment
Battle Arena Toshinden,1995,Tamsoft,Sony Computer Entertainment
Battle Chess (MPC Version),1991,Interplay Entertainment,Interplay Entertainment
Battle for Normandy,1983,Tactical Design Group,Strategic Simulations
Battle Isle 2200,1994,Blue Byte,Blue Byte
Battle Isle (Platinum),2000,Blue Byte,Blue Byte
Battle of the Bulge: Tigers in the Snow,1999,Atomic Games,Mindscape
Battlehawks 1942,1988,LucasFilm Games,LucasFilm Games
Battles in Time,1995,Quantum Quality Productions,Quantum Quality Productions
BattleSport,1997,Cyclone Studios,3DO Company
BattleTech: The Crescent Hawk's Inception,1988,Westwood Studios,Infocom
Bazooka Sue,1995,Starbyte Software,Starbyte Software
Beasley's Deathtrap,1993,Micheal Sewell,Comix Productions
Beat the House,1992,,"Bridge Publications, Spirit of Discovery"
Below the Root,1984,Dale Disharoon,Windham Classics
"Berenstain Bears, The: Learning at Home, Volume One",1993,Compton's New Media,Compton's New Media
Bert and the Snake,1983,Bill Piazza,Vagaband Software
Bert's Prehistoric Animals,1993,Wierenga Software,JCSM Software
Betrayal at Krondor,1993,Dynamix,Sierra On-Line
Beyond Castle Wolfenstein,1984,Muse Software,Muse Software
Beyond the Meltdown,1997,Actura Software,Actura Software
Beyond the Wall of Stars,1992,,Creative Multimedia Corporation
Bible Builder,1992,Everbright,Everbright
Big Bug Bang: Le Retour de Commander Blood,1996,Cryo Interactive,Microfolie's
Big Red Racing,1996,Big Red Software,Domark
"Biing!: Sex, Intrigue and Scalpels",1995,reLINE Software,Magic Bytes
Billy Bear and the Noah's Ark Adventure,1995,Loraine Wauer-Ferus,Elson Embry
Billy the Kid Returns,1994,Alive Software,American Software Laboratories
Bio Menace,1993,Apogee Software,Apogee Software
Birds of Prey,1991,Electronic Arts,Argonaut Games
Black Box,1987,Russco,Russco
Blackjack!,1988,Donald L. Granger,Glencoe Computing
"Blackstar, Agent of Justice",1995,Worwyk Software,Worwyk Software
Blade Warrior,1991,Image Works,Image Works
Blam! Machinehead,1996,Core Design,Eidos Interactive
Blind Justice,1995,Illymani Designs,R.A.W. Entertainment
Blockage,2003,Ben Hanke,
Blockout,1989,P.Z.Karen Co. Development Group,California Dreams
Blood Bowl,1995,Destiny Software Productions,MicroLeague
BloodNet,1993,MicroProse,MicroProse
Bloodwych,1989,Image Works,"Konami, Image Works"
Blue Angels: Formation Flight Simulation,1989,Artech Digital Entertainment,Accolade
Blue Ice,1995,Art of Mind Productions,Psygnosis
"Blues Brothers, The: Jukebox Adventure",1993,Titus Software,Titus Software
Bob's Dragon Hunt,1992,Neurosport,Neurosport
Bolo Adventures I,1992,Soleau Software,Soleau Software
Bolo Ball,1987/1994,Application Systems Heidelberg,Dongleware Verlags
Bomber,1993,Patrick Pich,
Bomb'X,1993,Mediagogo,Mediagogo
Boot Camp,1989,Banana Development Corporation,Konami
Border Zone,1987,Infocom,Infocom
Boulder Dash,1984,First Star Software,First Star Software
Bounce Zone,1990,COMPUTE! Publications,COMPUTE! Publications
Boxer Rebellion,1982,K.L. Carpenter,
"Brainies, The",1996,Titus Software,Titus Software
Brandish 2: The Planet Buster,1995,Nihon Falcom,Nihon Falcom
Breach 3,1995,Omnitrend Software,Impressions Games
BreakThru!,1994,ZOO Corporation,Spectrum Holobyte
Bridge Deluxe 2 with Omar Sharif,1996,CP Software,Interplay Entertainment
Brimstone,1985,Synapse Software,Brøderbund
Broken Sword: The Shadow of the Templars,1996,Revolution Software,Virgin Interactive
Brudal Baddle,1994,Sandbird Software,Sandbird Software
Bubble Bobble,1989,Novalogic,Taito
Buck Rogers: Countdown to Doomsday,1990,Strategic Simulations,Strategic Simulations
Bud Tucker in Double Trouble,1996,Merit Studios,TopWare
"Bugs Bunny Hare-Brained Adventure, The",,Riedel Software Productions,Hi-Tech Expressions
Bumble Games,1983,The Learning Company,IBM
Bundesliga Manager Professional,1991,Kron Simulation Software,Software 2000
Bureau 13,1995,Take-Two Interactive,GameTek
BurgerTime,1982,Mattel Electronics,Mattel Electronics
Burntime,1993,Max Design,Max Design
Buzz Aldrin's Race into Space,1993,Strategic Visions,Interplay Entertainment
Cadaver,1990,Bitmap Brothers,Image Works
Caesar,1992,Impressions Games,Sierra Entertainment
California Games 2,1993,Epyx,Epyx
Campaign II,1993,Empire Interactive,Empire Interactive
Capitalism,1995,Enlight,Interactive Magic
Captain Blood,1988,Exxos,Infogrames
Capture the Flag,1993,Carr Software,
"Cardinal of the Kremlin, The",1990,Capstone Software,IntraCorp
Cargo Bay Deluxe,1995,Cytherean Adventures,MVP Software
Carlos Sainz,1990,Zigurat Software S.L.,Zigurat Software S.L.
Carmageddon Splat Pack,1997,Stainless Software Ltd.,SCi
Carriers at War,1992,Strategic Studies Group,Strategic Studies Group
Cartels and Cutthroats,1985,Strategic Simulations,Strategic Simulations
"Case of the Cautious Condor, The",1992,Tiger Media,Airwave Adventure
Casino Slots / Lucky Slots,1993,JJ Gameware,ZSoft Corporation
Castle Master,1990,Teque Software Development,"Incentive Software, Domark"
Castles,1991,Quicksilver Software,Interplay Productions
Castlevania,1990,Distinctive Software,Konami
Catacomb 3-D,1991,id Software,"Gamer's Edge, Softdisk"
Catch 'Em,1989,Edson Software,Edson Software
Cavequest,1985,Lightwave Consultants,Lightwave Consultants
Caverns of Xaskazien,1995,Jeff Sinasac,Little Devils
Cavewars,1996-11-30,Broken Arrow Entertainment,Avalon Hill
Celtic Legends,1991,Ubisoft,Ubisoft
Centipede,1983,Atari,Atari
C.E.O.,1995,Artdink Corporation,Infogrames
Challenge of the Five Realms,1992,MicroProse,MicroProse
CHAMP Galagon,1997-11-06,CHAMProgramming,
CHAMP Kong,1996-02-13,CHAMProgramming,
Championship Baseball,1986,Gamestar,Activision
Championship Manager 93/94,1993,Sports Interactive,Domark
Championship Manager: Season 97/98,1997,Sports Interactive,Eidos Interactive
Chaos Angels,1989,H. Komatsu,ASCII Corporation
Chaos Strikes Back,1989,FTL Games,FTL Games
"Chase on Tom Sawyer's Island, The",1988,Walt Disney,Hi-Tech Expressions
Chessbase 1.0,1987,"Matthias Wullenweber, Mathias Feist",Chessbase
Chessmaster 3000,1991,David Kittinger,Software Toolworks
Chewy: Esc from F5,1995,New Generation Software,Play Byte
Chicago 90,1989,Microïds,Microïds
Chinese Checkers,1991,ImagiSoft,Software Creations
Chip's Challenge,1991,Epyx,Epyx
Christmas Creepers,1992,Destiny Software Productions,Psygnosis
Chronicles of the Sword,1996,Synthetic Dimensions,Psygnosis
Chuckie Egg,1985,A&F Software,A&F Software
Chuck Yeager's Air Combat,1991,Brent Iverson,Electronic Arts
Circuit's Edge,1996,Westwood Studios,Infocom
The City of Lost Children,1997,Psygnosis,Psygnosis
Cliff Diver: Investigator for Hire,1991,Patrick Farley,
Cloud Kingdoms,1990,Electralyte,Millenium Interactive
Clyde's Adventure,1992,Moonlite Software,Moonlite Software
Cobra Mission: Panic in Cobra City,1991,Inos,Megatech Software
Cohort: Fighting for Rome,1991,Impressions Games,Merit Software
Cold Dreams,1995,Immortality Production,Immortality Production
"Colony, The",1988,David Alan Smith,Mindscape
Color Balls,1992,Karpukhin,
The Color Wizard,1994,Imagisoft,Imagisoft
Comanche: Global Challenge,1993,NovaLogic,Softgold Computerspiele
Combat Air Patrol,1995,"Psygnosis, Maverick Simulation",Psygnosis
Command & Conquer: Red Alert,1996-11-22,Westwood Studios,Virgin Interactive
Commander Keen - Invasion of the Vorticons,1990-12-14,id Software,Apogee Software
Commando,1987,Quicksilver Software,Data East
Computer Underground,1993,Haxoft,Haxoft
Conflict: Europe,1989,Personal Software Services,Mirrorsoft
Conflict in Vietnam,1986,MicroProse,MicroProse
Connectris,1996,William D. Rineheart,
Conquered Kingdoms: Scenario Disk#1,1992,Quantum Quality Productions,Quantum Quality Productions
Conquer the World,1997,MicroProse,MicroProse
Conquest Earth,1997,Data Design Interactive,Eidos Interactive
Conquest of the New World,1996,Quicksilver Software,Interplay Entertainment
Construction Bob in the Bouncing Factory,1993,OSP Enr.,OSP Enr.
Contraption Zack,1992,Presage Software,Mindscape
Cool World,1992,Twilight Software,Ocean Software
Corporation,1991,"Core Design, Dementia Productions",Virgin Games
Cosmo's Cosmic Adventure: Forbidden Planet,1992,Todd Replogle,Apogee Software
Counter Action,1997,NashiIgry Llc.,Mindscape
"Crack of Doom, The",1989,Beam Software,Addison-Wesley Publishing Company
Crazy Cows,1988,Runt time,Runt time
Creature Shock,1994,Argonaut Games,Virgin Interactive
Cribbage Partner,1993,Jim Crowther,
Crime and Punishment,1984,Mindscape,Mindscape
Crime Patrol,1994,American Laser Games,American Laser Games
"Crimson Crown, The",1986,Polarware,Polarware
Crossfire,1983,Jay Sullivan,Sierra On-Line
Cruel World,1993,Makh-Shevet,Makh-Shevet
Crusader: No Remorse,1995,Origin Systems,Origin Systems
"Crush, Crumble and Chomp!",1983,Epyx,Epyx
Cryptic Passage for Blood,1997,WizardWorks,Sunstorm Interactive
Crystal Caves,1991,Apogee Software,Apogee Software
Crystals of Arborea,1991,Silmarils,Silmarils
Curse of Enchantia,1992,Core Design,Core Design
Cutthroats,1984,Infocom,Infocom
Cyberbox II,1992,Doug Beeferman,
Cyberdogs,1994,Ronny Wester,Ronny Wester
Cyberia,1994,Xatrix Entertainment,Interplay Entertainment
CyberMage: Darklight Awakening,1995,Origin Systems,Electronic Arts
CyberStrike,1994,Simutronics Corporation,MicroProse
Cyborg,1982,Sentient Software,Softsmith Software
Cycle Warz,1993,VectorScope Software,VectorScope Software
Cyril Cyberpunk,1996,Reality Studios,Reality Studios
D,1995,WARP,Acclaim Entertainment
Dalek Attack,1992,Alternative Software,Alternative Software
"Dame Was Loaded, The",1995,Beam Software,Philips Interactive Media
Dangerous Dave's Risky Rescue,1993,Gamer's Edge,Softdisk
Dark Century,1990,Titus Software,Titus Software
Darker,1995,Psygnosis,Psygnosis
Darklands,1992,MicroProse,MicroProse
Dark Queen of Krynn,1992,Strategic Simulations,Strategic Simulations
Dark Side of the Sun,1995,Nine Red Shoes,Nine Red Shoes
Darts,1989,Christopher Hoskovec,Softdisk
Daryl F. Gates' Police Quest: SWAT,1995,Sierra On-Line,Sierra On-Line
Das Stundenglas,1990,Weltenschmiede,Software 2000
Davidic Matchup,1995,Godly Games,Godly Games
Dawn Patrol,1994,Rowan Software,Empire Interactive
Day of the Viper,1989,Accolade,Accolade
D-Day: The Beginning of the End,1994,Impressions Games,Impressions Games
Deadly Racer,1994,InSide Team,Flair Software
Death by Dark Shadows,1995,William R. Fisher III Studios,William R. Fisher III Studios
Death Rally,1996,Remedy Entertainment,Apogee Software
Dedale,1986,Softstar,
Defcon 1,1992,Jon Cortelyou,Romulus Software
Defender of Boston: The Rock Island Mystery,1992,Tim Wisseman,Tim Wisseman
Deja Vu II: Lost in Las Vegas,1990,ICOM Simulations,Mindscape
Demon Attack,1982,Imagic,Imagic
Demon Stalkers,1988,Micro Forté Pty,Electronic Arts
Depth Dwellers,1994,TriSoft,TriSoft
Der Schatz im Silbersee,1993,CyberVision,Software 2000
Descent to Undermountain,1998,Interplay Entertainment,Interplay Entertainment
Design Your Own Railroad,1992,Dill Software,Abracadata
Despair 2,1995,U-Neek Software,U-Neek Software
Destroyer,1986,Epyx,Epyx
Detective Storm,1996,Cartoon Animation Studios,Cartoon Animation Studios
Devil Cows from Mars!,1991,zTx Computer Productions,zTx Computer Productions
Diamond Dash,1992,David Fleming,Softek
Die Fugger II,1996,Sunflowers Interactive Entertainment,Sunflowers Interactive Entertainment
Die Höhlenwelt Saga: Der Leuchtende Kristall,1994,Proline Software,Software 2000
Dig Dug,1982,Atari,Atarisoft
Diggers 2: Extractors,1995,Millennium Interactive,
Dime City,1995,Cyberdyne Systems,Starbyte Software
DinoPark Tycoon,1993,"MECC, Manley & Associates",MECC
Dinotopia,1995,Dreamers Guild,Turner Interactive
Discoveries of the Deep,1993,Capstone Software,Capstone Software
Discworld,1995,"Teeny Weeny Games, Perfect 10 Productions","Psygnosis, Dro Soft"
Disney's Duck Tales: The Quest for Gold,1990,Incredible Technologies,Walt Disney Computer Software
Dizzy: Prince of the Yolkfolk,1993,Codemasters,Codemasters
Dogfight,1993,Microprose,Microprose
Donald Duck's Playground,1988,Sierra On-Line,Sierra On-Line
Donkey Kong,1982,Softweaver,Atarisoft
Doofus,1994,X-ample Architectures,Prestige Software
Doom II: Hell on Earth,1994,id Software,GT Interactive
DOS Mines,1991,James B. Yin,
Double Dragon,1988,Arcadia Systems,Arcadia Systems
Double Talk: Sports Edition,1994,Boyle and Elggren Games,Boyle and Elggren Games
Drachen Von Laas,1991,attic Entertainment Software,attic Entertainment Software
"Dragcity, USA",1990,Richard Nikula,
Dragon Knight,1989,"Elf Co., Ltd.","Elf Co., Ltd."
Dragon Lore II: The Heart of the Dragon Man,1996,Cryo Interactive,Interplay
Dragon's Domain III - Death Rising,1992,Ed T. Toton III,
Dragon's Lair II: TimeWarp,1990,Sullivan Bluth Interactive Media,ReadySoft Incorporated
Dragon Slayer: The Legend of Heroes II,1992,Nihon Falcom,Nihon Falcom
DragonStrike,1990,Westwood Studios,Strategic Simulations
Drak,1995,Enypsox,Enypsox
Dr. Doom's Revenge,1989,Paragon Software,Empire Interactive
Dream Prisoner,1995,Procurion 9,Procurion 9
Dreamzone,1988,JAM software,Baudville
Drug lord,1991,FantasyWare,FantasyWare
Drum Blaster,1991,Larry Tipton,Epic MegaGames
Duke Nukem,1991,Apogee Software,Apogee Software
Duke Nukem 3D Atomic Edition,1996,3D Realms,GT Interactive Software
Dungeon Explorer,1990,John K. Murphy,
Dungeon Keeper: The Deeper Dungeons,1997,Bullfrog Productions,Electronic Arts
Dungeon Thief,1991,Blue Magic Software,Sente Systems
Dungeons of Kroz,1989,Scott Miller,Apogee Software
Dunjonquest: Curse of Ra,1982,Epyx,Automated Simulations
Dunjonquest: Upper Reaches of Apshai,1982,Epyx,Automated Simulations
Dusk of the Gods,1991,Event Horizon Software,Interstel
E-Motion,1990,The Assembly Line,U.S. Gold
Earl Weaver Baseball,1987,"Don Daglow, Eddie Dombrower",Electronic Arts
Earthrise,1990,Interstel Corporation,Interstel Corporation
East vs. West: Berlin 1948,1989,Time Warp Productions,Rainbow Arts
Eco Phantoms,1990,Splinter Vision,Electronic Zoo
Ecstatica,1994,Andrew Spencer Studios,Psygnosis
Eden Blues,1987,ERE Informatique,ERE Informatique
EF2000 TACTCOM,1996,Digital Image Design,Ocean Software
EGATrek[1],1992,Arcanum Computing,"Sofsource, Inc."
Eishockey Manager,1993,Kron Simulation Software,Software 2000
Elder Scrolls: Daggerfall,1996,Bethesda Softworks,Bethesda Softworks
Electranoid,1994,Pixel Painters,Pixel Painters
Elevator,1986,Wordworks,Wordworks
El-Fish,1993,AnimaTek,"Mindscape, Maxis"
Elite,1987,Realtime Games,Firebird Software
Elvira: Mistress of the Dark,1990,Horrorsoft,Accolade
Emergency Mission,1986,,
Emmanuelle: A Game of Eroticism,1989,"Coktel Vision, Inférence, MDO",Tomahawk
Empire Soccer 94,1994,Graftgold,Empire Interactive
Encounter,1984,,
"Endless Night, The",1993,Andy Wood,MythicArt Software
England Championship Special,1991,Tiertex Ltd.,Grandslam Video Ltd.
Epic Baseball,1995,MicroLeague,Epic MegaGames
Eric the Unready,1993,Legend Entertainment,Legend Entertainment
Escape from Markana,1994,Gerald Rosen Inc.,Gerald Rosen Inc.
Essex,1985,Synapse Software Corporation,Brøderbund Software
Eternal Destiny,1998,Talos Interactive,Talos Interactive
European Championship 1992,1992,Elite Systems,Elite Systems
Evasive Action,1993,Software Toolworks,Software Toolworks
Executioners,1992,Bloodlust Software,Bloodlust Software
Exploration,1994,Software 2000,Software 2000
Extreme Pinball,1995,Epic Games,Electronic Arts
Eye of the Beholder,1991,Westwood Studios,Strategic Simulations
F-14 Tomcat,1990,Activision,Activision
F-15 Strike Eagle II: Operation Desert Storm Scenario Disk,1992,MicroProse,MicroProse
F-19 Stealth Fighter,1994,MicroProse,Kixx
Fable,1996,Simbiosis Interactive,Telstar Electronic Studios
Faces,1990,Sphere,Spectrum Holobyte
Faery Tale Adventure: Book I,1987,MicroIllusions,MicroIllusions
Falcon 3.0,1991,Sphere,Spectrum Holobyte
Falcon 3.0: Operation Fighting Tiger,1992,Spectrum Holobyte,Spectrum Holobyte
Fallen Angel,1989,Emerald Software,Screen 7
"Fantastic Adventures of Dizzy, The",1991,Oliver Twins,Codemasters
Fantasy 5,1995,,Slash Corporation
Fast Food,1989,Codemasters,Codemasters
Fates of Twinion,1993,Sierra On-Line,Sierra On-Line
FBI Fred,1992,Richard Spezzano,
Fernando Martín Basket Master,1990,Dinamic Software,Dinamic Software
F.Godmom,1991,Soggybread Software,Soggybread Software
Fields of Glory,1993,Microprose,Microprose
FIFA Soccer 96,1995,Extended Play Productions,Electronic Arts
Fighter Wing,1995,Gemsoft Corp.,Merit Studios
"Final Crusade of Kroz, The",1990,Scott Miller,Apogee Software
Fire and Forget 2: The Death Convoy,1990,Titus Software,Titus Software
Fire & Ice,1992,Graftgold,Renegade Software
First Expedition,1987,Interstel Corporation,Interstel Corporation
Fish!,1988,Magnetic Scrolls,Rainbird Software
Flagger,1992,James A. Sausville,
Flashback: The Quest for Identity,1993,Delphine Software,U.S. Gold
Fleet Defender,1994,Microprose,Microprose
Flies Attack on Earth,1993,Ego Software,Softgold Computerspiele GmbH
Flight of the Amazon Queen,1995,Interactive Binary Illusions,Renegade Software
The Flintstones: Dino: Lost in Bedrock,1991,Softie,Hi Tech Expressions
Floatris,1993,,Data Wave Software Technology
Flowing Waters,1990,Rick Ryan,
Flying Tigers,1993,Ticsoft,Ticsoft
"Fool's Errand, The",1987,Cliff Johnson,Miles Computing
Football Manager,1987,Addictive Games,Addictive Games
Football Manager 3,1992,Addictive Games,Addictive Games
Forbidden Quest,1983,Pryority Software,Pryority Software
Ford Simulator III,1992,The SoftAd Group,Ford Motor Company
Forgotten Worlds,1991,Arc Developments,U.S. Gold
"Fortress of Dr. Radiaki, The",1994,"Future Vision, Maelstrom Software",Merit Studios
FourSide,1990,,Softdisk
Fox Ranger 3: Last Revelation,1997,Soft Action,CD Utopia
Fragile Allegiance,1996,"Gremlin Interactive, Cajji Software",Gremlin Interactive
Franko: The Crazy Revenge,1996,World Software,Mirage Software
Freddy Fish,1983,Mirror Images Software,Mirror Images Software
Freddy Pharkas: Frontier Pharmacist,1993,"Al Lowe, Josh Mandel",Sierra On-Line
Free D.C!,1991,Cineplay Interactive,Cineplay Interactive
Fritz 1.0,1991,"Frans Morsch, Mathias Feist",Chessbase
Frogger II: Three Deep,1984,Sega,Sega
Front Lines,1994,Impressions Games,Impressions Games
Front Page Sports: Football Pro,1993,Dynamix,Dynamix
Fuck Quest 2: Romancing the Bone,2004,"Richard Eter, Heywood Jablowmey",
Full Metal Planete,1990,Hitech Productions,Infogrames
Funball,1995,,Impulse Games
Fun School 2,1989,Database Educational Software,Database Educational Software
Fun School: Spelling,1995,Europress Software,Europress Software
Future Wars,1989,Delphine Software,Delphine Software
Gabriel Knight: Sins of the Fathers,1993,Sierra On-Line,Sierra On-Line
Galactic Battle,1990,,Softdisk
Galactic Gladiators,1983,Strategic Simulations,Strategic Simulations
Galaxian,1983,Atari,Atarisoft
"Game of Life, The",1992,Linel,Linel
Game Over II,1987,Dinamic Software,Dinamic Software
Games - Summer Challenge,1992,Mindspan,Accolade
Games - Winter Edition,1988,Epyx,Epyx
Gamma Wing,1991,,Gold Medallion Software
Gary Grigsby's Pacific War,1992,Strategic Simulations,Strategic Simulations
Gateway II: Homeworld,1993,Legend Entertainment,Legend Entertainment
GATO,1983,Spectrum Holobyte,Spectrum Holobyte
Gazza II,1991,Empire Software,Empire Software
Geekwad: Games of the Galaxy,1992,Tsunami Games,Tsunami Games
Gemfire,1992,Koei,Koei
"Gene Machine, The",1996,Bullfrog Productions,Electronic Arts
Genghis Khan II: Clan of the Gray Wolf,1993,Koei,Koei
Ghostbusters,1986,Activision,Activision
Gladiator,1995,Forgotten Sages,Forgotten Sages
Global Domination,1993,Impressions Games,Impressions Games
Goal,1993,Dini & Dini Productions,Virgin Games
Gobliiins,1992,Coktel Vision,Coktel Vision
Gobman,1992,,
Gods,1991,Bitmap Brothers,Renegade software
Gold Rush!,1988,"Doug MacNeill, Ken MacNeill",Sierra On-Line
Goody,1987,Opera Soft,Opera Soft
Graeme Souness Soccer Manager,1993,Zeppelin Games Limited,Zeppelin Games Limited
Grand Fleet,1988,Simulations Canada,Simulations Canada
Grand Prix 2,1995,MicroProse,MicroProse
Grand Prix Master,1989,Dinamic Software,Dinamic Software
Grand Theft Auto: London 1969,1999,Rockstar Canada,Rockstar Games
Gravity Force,1989,Kingsoft GmbH,Kingsoft GmbH
Great Courts 2,1991,Blue Byte,Blue Byte
Great Naval Battles: North Atlantic 1939-1943,1992,Strategic Simulations,Strategic Simulations
Green,1991,Cascoly Software,
Gremlins 2 - The New Batch,1990,Topo Soft,"Elite Systems, Erbe Software"
GT Racing 97,1997,Blue Sphere,Ocean Software
"Guild of Thieves, The",1987,Magnetic Scrolls,Rainbird Software
Gulf Strike,1985,Microcomputer Games,Avalon Hill
Gunship,1991,MicroProse,MicroProse
Guy Spy and the Crystals of Armageddon,1992,ReadySoft,ReadySoft
Hacker II: The Doomsday Papers,1986,Activision,Activision
Halls of Fornea,,,
Hammer of the Gods,1994,Holistic Design,New World Computing
Hannibal,1993,Starbyte Software,MicroLeague
HardBall!,1987,Accolade,Accolade
Hardball III MLBPA Players Disk,1992,MindSpan,Accolade
Hard Drivin',1990,Domark,Domark
Hardline,1997,Cryo Interactive,Virgin Interactive
Harley Davidson: The Road to Sturgis,1989,Incredible Technologies,Mindscape
Harpoon II: Admiral's Edition,1996,Three-Sixty Pacific,Eidos Interactive
Harrier Jump Jet,1992,MicroProse,MicroProse
Hat Trick,1987,Bally Senate,Capcom
Headline Harry and the Great Paper Race,1991,Davidson & Associates,Davidson & Associates
Heaven & Earth,1992,Buena Vista Games,Buena Vista Games
Heimdall,1992,The 8th Day,Core Design
Helicopter Mission,1994,Rauser Advertainment,Bundeswehr
Hell: A Cyberpunk Thriller,1994,Take-Two Interactive,GameTek
Hell to Pay,1996,Wraith Corporation,WizardWorks
Heroes of Might and Magic: A Strategic Quest,1995,New World Computing,New World Computing
Heros: The Sanguine Seven,1993,Jeffrey Fullerton,Safari Software
Hexuma - Das Auge des Kal,,,
Hexx: Heresy of the Wizard,1994,Psygnosis,Psygnosis
"Hidden Below, The",1994,Soft Enterprises,Soft Enterprises
High Seas Trader,1994,Impressions Games,Impressions Games
Highway Patrol 2,1990,MC2-Microïds,Titus France SA
Hind,1996,Digital Integration,"Digital Integration, Interactive Magic"
History Line: 1914-1918,1992,Blue Byte,"Blue Byte, Strategic Simulations"
Hockey League Simulator,1989,Bethesda Softworks,Bethesda Softworks
Hole in one,1995,Really Interesting Software,GameTek
Hollywood Pictures,1995,Starbyte Software,Starbyte Software
"Home Alone Computerized Coloring Book, The",1992,Capstone Software,IntraCorp
Homey D. Clown,1993,Synergistic Software,Capstone Software
Hoosier City,1991,MVP Software,MVP Software
Hostage: Rescue Mission,1988,Infogrames,"Infogrames, Superior Software"
Hoverforce,1991,Astral Software,Accolade
Hoyle's Official Book of Games: Volume 1,1989,Sierra On-Line,Sierra On-Line
Hubie,1996,Serendipity Software,Serendipity Software
"Hugo III, Jungle of Doom!",1992,Gray Design Associates,Gray Design Associates
Humans 3: Evolution Lost in Time,1995,Imagitec Design,GameTek
"Hunt for Red October, The",1990,Images Software,Grandslam Entertainment
Hyper Dyne Side Arms,1987,Capcom,Capcom
H!Zone,1996,WizardWorks,WizardWorks
ICON: The Quest for the Ring,1984,,Macrocom Inc.
iF-16 Fighting Falcon,1996,Digital Integration Ltd.,Digital Integration Ltd.
Igor: Objective Uikokahonia,1994,"Péndulo Studios, S.L.",Dro Soft
Ikari Warriors (UK version),1987,Elite Systems,Elite Systems
"Immortal, The",1990,Sandcastle,Electronic Arts
Imperium Galactica,1997,Digital Reality,GT Interactive
Inca,1992,Coktel Vision,Sierra On-Line
"Incredible Machine, The",1990,Dynamix,Sierra On-Line
Indiana Jones and the Fate of Atlantis,1992,LucasArts,LucasArts
Indiana Jones and the Temple of Doom,1989,Mindscape,Mindscape
IndyCar Racing,1993,Papyrus Design,Virgin Interactive
"Infernal Tome, The",1994,Magic Lemon Software,SunStar Publishing
Infidel,1983,Infocom,Infocom
Ingrid's Back,1988,Level 9,Level 9
In Pursuit of Greed,1995,Mind Shear Software,Softdisk
In Search of the Most Amazing Thing,1983,Tom Snyder Productions,Spinnaker Software
International Hockey,1987,Artworx Software,Superior Quality Software
International Open Gold Championship,1993,RISC,Ocean Software
International Sports Challenge,1992,Harlequin,Empire Software
Interphase,1989,The Assembly Line,Image Works
Into the Eagle's Nest,1987,Mindscape,Pandora
Invaders 1978,1996,,
Iron & Blood: Warriors of Ravenloft,1997,Take-Two Interactive,Acclaim Entertainment
Ishar 2: Messengers of Doom,1993,Silmarils,Silmarils
Island Hopper,1998,PLBM Games,
Islands of Danger,1990,Carr Software,Carr Software
It Came from the Desert,1991,Level 9,Cinemaware
J-Bird,1983,Orion Software,Orion Software
Jacaranda Jim,1993,Graham Cluley,
Jack Nicklaus Golf & Course Design: Signature Edition,1992,Sculptured Software,Accolade
Jack the Ripper,1995,Intergalactic Development,GameTek
Jahangir Khan's World Championship Squash,1991,Krisalis Software,Krisalis Software
James Bond 007: Goldfinger,1986,Angelsoft,Mindscape
Jammit,1994,GTE Vantage,GTE Entertainment
Janitor Joe,1984,Kevin Bales,
Jazz Jackrabbit,1994,"Epic MegaGames, Arjan Brussee",Epic MegaGames
Jeopardy!,1995,Sharedata,GameTek
Jetfighter,1988,Velocity Development,Velocity Development
Jetfighter 3,1996,Mission Studios,Mission Studios
Jetman,1991,,
Jet Set Willy,1984,Software Projects,Software Projects
Jetstrike,1994,Shadow Software,Rasputin Software
Jill of the Jungle,1992,Epic MegaGames,Epic MegaGames
Jim Power: The Lost Dimension in 3-D,1993,Loriciel,Loriciel
Joan of Arc: Siege and the Sword,1989,Chip Software,Brøderbund
Joe Snow,1993,Philip Hassey,Nuclear Meltdown Productions
John Madden Football II,1991,Electronic Arts,Electronic Arts
Jonathan,1993,Phoenics,
Joshua & the Battle of Jericho,1994,Wisdom Tree Inc.,Wisdom Tree Inc.
Jr. Pac-Man,1988,Thunder Mountain,Thunder Mountain
Judge Dredd Pinball,1998,Pin-Ball Games Ltd.,Pin-Ball Games Ltd.
Jumpman,1984,Epyx,IBM
"Jungle Book, The",1994,Virgin Interactive,Virgin Interactive
Jungle Strike,1993,Ocean Software,Electronic Arts
Jutland,1993,Software Sorcery,Software Sorcery
Kamikazi Alien,1982,VeriSoft Works,VeriSoft Works
Karnov,1989,Quicksilver Software,Data East
Keen Dreams,1991,id Software,Softdisk
Kentris,1991,Ken Silverman,Ken Silverman
Khalaan,1990,Mirrorsoft,Rainbow Arts
Kick Off 96,1996,Dino Dini,Anco
Kid's Kards,1990,Softdisk,Softdisk
Killer Maze,1983,Unknown,Unknown
Kindercomp,1983,Spinnaker Software Corporation,Spinnaker Software Corporation
Kingdom of Kroz,1987,Scott Miller,Apogee Software
Kingmaker,1993,U.S. Gold,TM Games
Kings of the Beach,1990,Electronic Arts,Electronic Arts
King's Quest III: To Heir Is Human,1986,Sierra On-Line,Sierra On-Line
"King's Quest VI: Heir Today, Gone Tomorrow",1992,Sierra Entertainment,Sierra Entertainment
Kingsley's Mansion,1990,James S. Nixon,
Klax,1989,Tengen,Tengen
Knightmare,1987,MD Software,Activision
Knights of the Desert,1983,Strategic Simulations,Strategic Simulations
Kobyashi Naru,1987,Mastertronic,Mastertronic
"Kristal, The",1989,Fissionchip Software,"Addictive Games, Cinemaware"
Krypto,1993,Intelligent Education Software,
Kwik Snax,1990,Oliver twins,Codemasters
La Aventura Espacial,1990,Aventuras AD,Aventuras AD
La Colmena,1992,Opera Soft,Opera Soft
La Cosa Nostra,1994,Slade 3D Software,Slade 3D Software
Ladder Man III,1995,Soleau Software,Soleau Software
Lakers versus Celtics and the NBA Playoffs,1989,Electronic Arts,Electronic Arts
Lancelot,1988,Level 9,Mandarin Software
Lands of Lore: Guardians of Destiny,1997,Westwood Studios,Virgin Interactive
Lane Mastodon vs. the Blubbermen,1988,Tom Snyder Productions,Infocom
Larn,1986,Noah Morgan,Noah Morgan
Laser Chess,1990,Peter Venable,
Laser Surgeon: The Microscopic Mission,1987,Synergistic Software,Activision
"Last Bounty Hunter, The",1994,American Laser Games,American Laser Games
Last Half of Darkness,1989,SoftLab Laboratories,SoftLab Laboratories
"Last Ninja, The",1987,System 3,System 3
Last Rites,1997,Ocean Software,Ocean Software
Leaper,1992,Lee Chapel,
Legacy: Realm of Terror,1993,Magnetic Scrolls,Microprose
Legend of Faerghail,1990,Electronic Design Hannover,reLINE Software
"Legend of Kyrandia: Malcolm's Revenge, The",1994,Westwood Studios,Westwood Studios
Legend of the Sword,1987,Silicon Software,Rainbird Software
Leisure Genius presents Monopoly,1989,,Virgin Interactive
Leisure Suit Larry: Love for Sail!,1996,Sierra On-Line,Sierra On-Line
Lemmings 3D,1995,Clockwork Games,"Psygnosis, Sony Computer Entertainment"
Les Manley in: Lost in L.A.,1991,Accolade,Accolade
Lethal Weapon,1992,"Eurocom, Ocean Software",Ocean Software
Leyendas de Lhodrye: Arakhas el Oscuro,1997,Island Dream - Games & Soft,Stratos Software
Liberty or Death,1994,Koei,Koei
Life & Death 2: The Brain,1990,Software Toolworks,Software Toolworks
"Light Corridor, The",1990,Infogrames,Infogrames
LineWars,1990,Patrick Aalto,
Links: Championship Course - Banff Springs,1992,Access Software,Access Software
Links: Championship Course - Troon North,1992,Access Software,Access Software
Links: The Challenge of Golf,1990,Access Software,Access Software
Lion,1995,Manley & Associates,Sanctuary Woods
Little Big Adventure,1994,Adeline Software International,"Electronic Arts, Activision"
Little Monster at School,1994,Brøderbund,Brøderbund
Llamatron,1991,Jeff Minter,Llamasoft
Lock on,1987,Tatsumi Electronics,Data East
Lode Runner,1983,Douglas E. Smith,"Brøderbund, Ariolasoft"
Lollypop,1994,Brain Bug,Softgold
Lone Eagle: Colombian Encounter,1994,Lone Eagle Productions,Lone Eagle Productions
Lords of Chaos,1991,Mythos Games,Blade Software
Lords of Midnight,1991,Chris Wild,
Lorna,1990,Topo Soft,Topo Soft
Lost Adventures of Kroz,1990,Scott Miller,Apogee Software
Lost Dutchman Mine,1989,Magnetic Images,Magnetic Images
Lost Patrol,1990,Shadow Development,Ocean Software
Lotus III: The Ultimate Challenge,1992,Magnetic Fields,Gremlin Graphics
Loyd,1990,Bob Lancaster,
Lunar Command,1993,Wesson International,Mallard Software
Lure of the Temptress,1992,Revolution Software,Virgin Interactive
Maabus,1995,Microforum International,Monolith Productions
Mach 3,1987,Loriciels,Loriciels
Mad Dog McCree,1993,"American Laser Games, IBM",IBM
Mad Mix 2,1990,Topo Soft,Topo Soft
Mad Painter,1991,Steven Elder,Wunderware
Maelstrom,1994,Ambrosia Software,Ambrosia Software
Magic Boy,1993,Blue Turtle,Empire Interactive
Magic Candle III,1992,Mindcraft Software,Electronic Arts
Magic Carpet 2: The Netherworlds,1995,Bullfrog Productions,Electronic Arts
Magic Pockets,1991,Bitmap Brothers,Renegade Software
Magnets,1992,Adrian B. Danieli,Acumen Software
Major League Manager,1986,Spinnaker Software Corporation,Spinnaker Software Corporation
Malice,1997,Ratloop,Quantum Axcess
Manchester United,1990,Krisalis Software,Krisalis Software
Manchester United: The Double,1995,Krisalis Software,Krisalis Software
Manhunter: New York,1988,Evryware,Sierra Entertainment
The Maniac,1991,Ray Zimmerman,Computer Specialties
Marble Cooking,1994,Negative Software,Negative Software
Marco Polo,1995,Infogrames,I.Motion Inc.
Mario's Early Years: Fun With Letters,1993,Software Toolworks,Software Toolworks
Mario's Game Gallery,1995,Presage Software,Interplay Entertainment
Mars Saga,1988,Westwood Studios,Electronic Arts
Masterblazer,1991,Rainbow Arts,LucasArts
Master Ninja: Shadow Warrior of Death,1986,Paragon Software,Paragon Software
Master of Orion II: Battle at Antares,1996,Simtex,MicroProse
Math Blaster Plus!,1987,Davidson & Associates,Davidson & Associates
Math Rabbit,1986,The Learning Company,The Learning Company
Math Wiz,1993,Howard C. Pierce,Pierce Consulting
Maxit,1982,IBM,IBM
Maze Machine,1986,Apogee Software,Apogee Software
Maze Wars,1992,Unknown,Unknown
Mean 18,1986,Microsmiths,Accolade
MechWarrior,1989,Dynamix,Activision
MechWarrior 2: Mercenaries,1996,Activision,Activision
Megafortress,1991,Artech Digital Entertainment,Three-Sixth Pacific
Mega Man 3: The Robots are Revolting,1992,Hi-Tech Expressions,Hi-Tech Expressions
MegaRace,1994,Software Toolworks,Cryo Interactive
MegaTraveller 1: The Zhodani Conspiracy,1990,Paragon Software,Paragon Software
Menace,1988,DMA Design,Psygnosis
Merchant Colony,1991,Impressions Games,Merit Software
Merlin Challenge,1993,Digital Integration Ltd.,General Admission Software
Metal Mutant,1991,Silmarils,Silmarils
Meteor Rescue,1995,PLBM Games,PLBM Games
Miami Vice,1989,Capstone Software,Capstone Software
Michel Futbol Master + Super Skills,1989,Dinamic Software,Dinamic Software
Microcosm,1994,"Creative Assembly,",Psygnosis
MicroLeague Football 2,1993,MicroLeague,MicroLeague
MicroLink Yaht,1987,Unknown,Unknown
Microprose Pro Soccer,1989,Sensible Software,MicroProse
Microsoft Flight Simulator 1.0,1982,subLOGIC,Microsoft
Microsoft Flight Simulator 4.0,1989,Bruce Artwick Organization,Microsoft
Microsoft Space Simulator,1994,Bruce Artwick Organization,Microsoft
Midnight Rescue!,1989,The Learning Company,The Learning Company
Midwinter,1990,Maelstrom Games,Rainbird Software
Might and Magic: The Secret of the Inner Sanctum,1987,New World Computing,New World Computing
Might and Magic IV: Clouds of Xeen,1992,New World Computing,New World Computing
Might and Magic Trilogy,1993,New World Computing,Softgold Computerspiele
Mike Ditka Ultimate Football,1991,Accolade,Accolade
Millennium: Return to Earth,1989,Electric Dreams,Ian Bird
Mind Castle,1993,Lawrence Productions,Lawrence Productions
Mind-Roll,1988,Epyx,Epyx
Mine Shaft,1983,Sierra On-Line,IBM
Miracle Piano Teaching System,1990,Software Toolworks,Software Toolworks
Mission Critical,1995,Legend Entertainment,Legend Entertainment
"Mist, The",1985,Angelsoft,Mindscape
Mixed-Up Mother Goose,1987,Sierra On-Line,Sierra On-Line
Modern Problems,1993,"Malcolm Michael, Joe Cassavaugh",
Mondo Math,1993,Dan Illowsky,
Monkey Island 2: LeChuck's Revenge,1991,Lucasfilm Games,Lucasfilm Games
Monster Bash,1993,Apogee Software,Apogee Software
Montezuma's Return,1997,Utopia Technologies,"Software 2000, WizardWorks"
Moon Bugs,1983,Windmill Software,Windmill Software
Moonstone: A Hard Days Knight,1991,Mindscape,Mindscape
Morabis,1991,Michael Steven Hoenie,
Moraff's Pinball,1989,Moraffware,Moraffware
Moraff's World,1991,Moraffware,Moraffware
Mortal Coil: Adrenalin Intelligence,1995,Crush Software,Virgin Interactive
Mortal Kombat 3,1995,Williams Entertainment,GT Interactive Software
Moses Matchup,1994,Godly Games,Godly Games
MOT,1989,Opera Soft,Opera Soft
Mouser,1983,Gebelli Software,IBM
Ms. Pac-Man,1983,Quality Software,Atarisoft
Muggins,1991,Scott Young,
Mundial de Fútbol,1990,Opera Soft,Opera Soft
Murders in Space,1990,Hitech Productions,Infogrames
Museum Madness,1994,Novotrade,MECC
Mutan Zone,1988,Opera Soft,Opera Soft
MYCHESS,1984,Software Toolworks,Software Toolworks
Napoleon in Russia: Borodino 1812,1988,Krentek Software,Datasoft
NASCAR Racing,1994,Papyrus Design Group,"Virgin Interactive, Sierra On-Line"
National Lampoon's Chess Maniac 5 Billion and 1,1993,MicroProse,Spectrum Holobyte
Navy Moves,1990,Dinamic Software,Dinamic Software
NBA Jam Tournament Edition,1994,Iguana Entertainment,Acclaim Entertainment
NBA Live 97,1996,Electronic Arts,Electronic Arts
NCAA Championship Basketball,1996,GTE Entertainment,GTE Entertainment
Nemesis: The Wizardry Adventure,1996,Sir-Tech,Sir-Tech
Nerves of Steel,1995,Rainmaker Software,Merit Studios
NetMaze,1998,Immaculate,Unknown
Network Q RAC Rally,1993,Pixelcraft,"Accolade, Eurocraft"
Neuromancer,1988,Interplay Productions,Interplay Productions
Neverwinter Nights,1991,Stormfront Studios,Strategic Simulations
NFL Pro League Football (1991 edition),1991,Micro Sports,Interplay Productions
NHL 95,1994,"EA Canada, Pioneer Productions",EA Sports
Nibbles,1991,Rick Raddatz,Microsoft
Night Bomber,1988,Apogee Software,Apogee Software
Night Mission Pinball,1982,Sublogic,Sublogic
Night Stalker,1983,Unknown,Mattel Electronics
Nine Princes in Amber,1987,Trillium Corp.,Trillium Corp.
Ninja Gaiden II: The Dark Sword of Chaos,1991,Manley & Associates,GameTek
Nitemare 3D,1994,Gray Design Associates,Gray Design Associates
Noctis,2001,Home Sweet Pixel,Home Sweet Pixel
No Exit,1990,"Coktel Vision, MDO",Tomahawk Software
Nord and Bert Couldn't Make Head or Tail of It,1987,Infocom,Infocom
North & South,1989,Infogrames,Infogrames
Novastorm,1994,Psygnosis,Sony Electronic Publishing
Nuke It,1998,Micro Star,Micro Star
Number Munchers,1990,MECC,MECC
Nyet,1988,Unknown,Unknown
Obitus,1991,Psygnosis,Psygnosis
Ocean Ranger,1988,Activision,Activision
Oh No! More Lemmings,1991,DMA Design,Psygnosis
Oligopoly,1986,PC Design Associates,XOR Corporation
Omega,1988,Origin Systems,Origin Systems
Omni-Play Basketball,1989,"DesignStar Consultants, Inc.",SportTime
One Must Fall: 2097,1994,Diversions Entertainment,Epic MegaGames
One Step Beyond,1993,Red Rat Software,Ocean Software
On the Ball,1993,Ascon,Ascon
Ooze: Creepy Nites,1989,Dragonware Games,Dragonware Games
Operation Carnage,1996,Midnight Synergy,Beaucomm Interactive
Operation Europe: Path to Victory,1994,KOEI,KOEI
Operation Stealth,1990,Delphine Software,"Interplay Entertainment, U.S. Gold"
Orcs of the Bloodlust Tribe,1989,Brett L. Markham,
"Orion Conspiracy, The",1995,Divide By Zero,Domark
Oubliette,1983,Bear Systems,Human Engineered Software
Out of the Park,1999,Out of the Park Developments,Out of the Park Developments
Overkill,1992,Tech-Noir,Epic MegaGames
"Oxyd, Oxyd Extra, Oxyd Magnum",1990,Dongleware Verlags,Dongleware Verlags
Pac-Gal,1982,Al J. Jiménez,
Pac-in-Time,1994,Kalisto,Mindscape
Pac-Man,1983,Designer Software,Atarisoft
Paladin Quest Disk: The Scrolls of Talmouth,1988,Omnitrend Software,Omnitrend Software
"Pandora Directive, The",1996,Access Software,Access Software
Panoplia: The Full Armor of God,1991,Choice Software,Choice Software
Panzer General,1994,Strategic Simulations,Strategic Simulations
Paperboy 2,1991,Manley & Associates,Mindscape
Paranoia,1993,Phoenix Arts,Phoenix Arts
Paris-Dakar,1988,Made in Spain,Zigurat Software
Patriot,1993,Artech,Three-Sixty Pacific
"Pawn, The",1986,Magnetic Scrolls,Rainbird Software
PC Fútbol 3.0,1994,Dinamic Multimedia,Dinamic Multimedia
PC Galaxy Wars,1991,Stephen Haigh,
PC Pool Challenges,1984,Hesware,IBM
PC-Sherlock: A Game of Logic & Deduction,1991,Sanjay Kanade,Yestersoft
Pepper's Adventures in Time,1993,Sierra On-Line,Sierra On-Line
Perry Mason: The Case of the Mandarin Murder,1985,Telarium Corp.,Telarium Corp.
Peter Pan: A Story Painting Adventure,1993,Novotrade International,EA*Kids
PGA Tour Golf: Tournament Course Disk,1991,Sterling Silver Software,Electronic Arts
PGA Tour 96,1995,Hitmen Productions,Electronic Arts
Phantasie III : The Wrath of Nikademus,1988,Strategic Simulations,Strategic Simulations
Phantasmagoria Stagefright,1999,Sierra On-Line,Sierra On-Line
PHM Pegasus,1988,Lucasfilm Games,Electronic Arts
Pickle Wars,1993,Karen Crowther,MVP Software
Picture Perfect Golf,1995,Lyriq International,Lyriq International
Pinball Construction Set,1985,Electronic Arts,Electronic Arts
Pinball Fantasies,1994,Digital Illusions,21st Century Entertainment
Pinball Illusions,1995,Digital Illusions,21st Century Entertaient
Pinball Mania,1995,Spidersoft,21st Century Entertaient
Pipes,1983,"Creative Software
Creative Software|"
Pitstop II,1984,Synergistic Software,Epyx
Pizza Worm,1994,Zorlim Software,Zorlim Software
Planet's Edge,1991,New World Computing,New World Computing
Platoon,1987,Quicksilver Software,Data East
PlayMaker Football 2.0,1996,Broderbund,Broderbund
Plix,1993,Soleau Software,Soleau Software
Poko Memorial: 18th Hole Miniature Golf,1987,Gold Hill Software,Gold Hill Software
Pole Position II,1988,Mindscape,Mindscape
Police Quest 3: The Kindred,1991,Sierra On-Line,Sierra On-Line
Poogaboo: La Pulga 2,1991,Opera Soft,Opera Soft
Popcorn,1988,Lacral,Lacral
Populous II: Trials of the Olympian Gods,1993,Bullfrog Productions,Electronic Arts
Ports of Call,1987,"Martin Ulrich, Rolf Dieter Klein",Aegis Interactive Entertainment
Power Dolls,1994,Kogado Software Products,Kogado Software Products
Power F1,1997,Teque London,Eidos Interactive
PowerHits Sci/Fi,1994,Activision,Activision
PowerSlave,1996,Lobotomy Software,Playmates Interactive
Predator vs. Aliens!,1991,Mike Peng,
Prehistorik 2,1993,Titus Interactive,Titus Interactive
Premier Manager 3,1994,Realms of Fantasy,Gremlin Interactive
"Premiership, The",1994,Codemasters,Codemasters
Press Your Luck,1989,The Williams Carruthers Company,GameTek
Prime Time,1988,First Row Software,First Row Software
Prince of Persia 2: The Shadow and the Flame,1994,Broderbund,Broderbund
Prisoner 2,1983,Edu-Ware,Edu-Ware
Prizm,1995,Awesome Softworx,Awesome Softworx
Project Neptune,1989,Infogrames,Epyx
Pro League Baseball,1992,Micro Sports,Interplay Entertainment
"Prophecy, The",1993,"Coktel Vision, MDO",Sierra On-Line
Pro Pinball: Timeshock,1997,Cunning Development,Empire Interactive
Proto Type,1989,Softdisk,Softdisk
Psionics,1993,Adam Stanchos,
Psycho Killer,1993,Delta 4 Interactive,"On-Line PLC, Prism Leisure Corporation"
PT-109,1987,Digital Illusions,Spectrum Holobyte
Pulse,1996,Albino Frog Software,Albino Frog Software
Purple Saturn Day,1989,ERE Informatique,Epyx
Putt-Putt and Fatty Bear's Activity Pack,1993,Humongous Entertainment,Humongous Entertainment
Putt-Putt's Fun Pack,1993,Humongous Entertainment,Humongous Entertainment
Pyramid Solitaire,1987,Raymond M. Buti,
Pyro 2,1990,Mike O'Brien,Mike O'Brien
Quarantine,1994,Imagexcel,GameTek
Quarterback Attack with Mike Ditka,1995,Digital Pictures,Digital Pictures
Quest II,1992,A. Dax,
Quest for Glory III: Wages of War,1992,Sierra On-Line,Sierra On-Line
Questmaster I: The Prism of Heheutotol,1989,Miles Computing,Gigabit Systems
Questprobe featuring The Hulk,1984,Adventure International,Load'N'Go Software
¿Quien es Cualo?,1994,BASS Software,BASS Software
"Quivering, The",1998,Charybdis,Alternative Software
Rack 'Em,1986,Artech Digital Entertainment,Accolade
Radar Wars Arcade,1997,InterAction Software,InterAction Studios
Rags to Riches: The Financial Market Simulation,1993,Interplay,Interplay
Rally Championships,1994,InSide Team,Flair Software
Rama,1996,Sierra Entertainment,Sierra Entertainment
Rampage,1986,Monarch Development,Activision
Rance III: Riizasu Kanraku,1991,Alice Soft,Alice Soft
Raptor: Call of the Shadows,1994,Cygnus Studios,Apogee Software
Ravenloft: Stone Prophet,1995,DreamForge Intertainment,Strategic Simulations
Rayman,1996,Ubisoft,SoftKey
Reader Rabbit 1,1991,The Learning Company,The Learning Company
Reader Rabbit's Ready for Letters,1992,The Learning Company,The Learning Company
Realms of Arkania: Star Trail,1994-10,Attic Entertainment Software,Sir-Tech/U.S. Gold
Realms of the Haunting,1997,Gremlin Interactive,Gremlin Interactive
Rebel Moon,1995,Fenris Wolf,Creative Labs
Red Baron: Mission Builder,1991,Dynamix,Sierra Entertainment
Redneck Rampage,1997,Xatrix Entertainment,Interplay Entertainment
Relentless: Twinsen's Adventure,1994,Adeline Software,Activision
Renegade,1986,Banana Development Corporation,Taito
Rescate En El Golfo,1990,True Soft,Opera Soft S.A.
Rescue Rover 2,1991,id Software,Softdisk
Return of the Phantom,1993,MicroProse,MicroProse
Return to Zork,1993,Activision,Infocom
Revenge of Defender,1989,Hidden Treasures,Epyx
Revolution X,1996,Midway Games,Acclaim Entertainment
Richard Scarry's Busytown,1993,Novotrade,Simon & Schuster
Rick Davis' World Trophy Soccer,1989,Novotrade,Virgin Games
Rings of the Magi: Grand Master Edition,1995,Cytherean Adventures,MVP Software
Ripper,1996,Take-Two Interactive,Take-Two Interactive
Rise of the Robots,1994,Mirage Software,Time Warner Interactive
Risk,1986,Panther Programs,
Road & Car: Test Drive III - The Passion,1991,Accolade,Accolade
Roadwar 2000,1986,"Strategic Simulations, Westwood Studios",Strategic Simulations
RoboCop,1988,Ocean Software,"Ocean Software, Data East"
RoboMaze: The Basement,1991,Wetware,MVP Software
Robomaze II: The Penthouse,1991,Wetware,MVP Software
RoboSport,1991,Maxis,Maxis
Robot Rascals,1986,Ozark Softscape,Electronic Arts
"Rock-A-Doodle Computerized Coloring Book, The",1992,Capstone Software,IntraCorp
Rocket Lander,1982,,IBM
Rock Man,1994,Soleau Software,Soleau Software
Rockstar,1989,,Wizard Games
Rol Crusaders,1995,NoriaWorks Entertainment,Digital Dreams Multimedia
Rolling Ronny,1994,Starbyte Software,General Admission Software
Romance of the Three Kingdoms II,1989,Koei,Koei
Romance of the Three Kingdoms V,1995,Koei,Koei
R.O.M. Gold - Rings of Medusa,1994,Starbyte Software,General Admission Software
Rotor,1990,Systematics,Microdaft
Rubik's Cube,1982,,International PC Owners
Runoff,1992,Soleau Software,Soleau Software
Saban's Iznogoud,1997,MC2-Microids,MC2-Microids
Saddam Hussein Target Game,1991,S Software,
Sailing... an adventure in the Bermuda Triangle,1983,,Dynetron Company
Sand Storm,1992,Pod Bay Enterprises,"Personal Companion Software, MVP Software"
Sango Fighter 2,1995,,Panda Entertainment
Sapiens,1987-10,Myriad,Loriciel
Sargon 4,1989,,Spinnaker Software Corporation
Satori,1990,Rinzai Satori,
Scapeghost,1989,Level 9,Level 9
Scenariomania,1996,,Esser & Hauffe GbR
Scooter's Magic Castle,1993,Electronic Arts,EA*Kids
Scottish Open: Carnoustie Virtual Golf,1995,Core Design,Core Design
Scrabble 1.3,1988,C. Hall,
Screamer 2,1996,Milestone srl,Virgin Interactive
ScubaVenture: The Search for Pirate's Treasure,1993,Apogee,Softdisk
Sea Battle,1991,Bruce R. Hugo,
Seal Team,1993,,Electronic Arts
Sea Rogue,1992,Software Sorcery,Microplay Software
Seastalker,1984,Infocom,Infocom
Secret Agent,1992-02-01,Apogee Software,Apogee Software
"Secret of Monkey Island, The",1990,Lucasfilm Games,Lucasfilm Games
Seek and Destroy,1996,Vision Software,Safari Software
Sentient,1997,Psygnosis,Psygnosis
Serf City: Life is Feudal,1994,Blue Byte,Blue Byte
"Settlers, The",1994,Blue Byte,Blue Byte
"Seven Cities of Gold, The",1987,Ozark Softscape,Electronic Arts
Sex Olympics,1990,Free Spirit Software,Free Spirit Software
Shadoan,,,
Shadow Knights,1990,id Software,Softdisk
Shadow of Yserbius,1992,Sierra On-Line,Sierra On-Line
Shadows of Cairn,1994,Ant Software,Masque Publishing
Shadow Warrior,1997,3D Realms,GT Interactive
Shanghai,1986,Activision,Activision
Shard of Spring,1986,Strategic Simulations,Strategic Simulations
Shattered Steel,1996,BioWare,BioWare
Sherlock Holmes: Consulting Detective,1991,ICOM Simulations,ICOM Simulations
Sherlock Holmes: The Vatican Cameos,1986,Ellicott Creek Software,Ellicott Creek Software
Shogatsu,1990,Alan Meiss,
Shrak,1997,Quantum Axcess,Quantum Axcess
Sid & Al's Incredible Toons,1993,Sierra On-Line,Sierra On-Line
Sid Meier's Pirates!,1994,MicroProse,Kixx
Sid Meier's Railroad Tycoon Deluxe,1993,MicroProse,MicroProse
Sierra Championship Boxing,1985,Evryware,Sierra On-Line
Silent Service,1986,MicroProse,MicroProse
Silpheed,1988,Game Arts Co.,Sierra On-Line
SimAnt: The Electronic Ant Colony,1991-12-06,Maxis,Maxis
SimCity Graphics Set 1: Ancient Cities,1991,Maxis,Maxis
SimCity 2000,1993,Maxis,Maxis
SimFarm,1993,Maxis,Mindscape
SimLife,1992,Maxis,Maxis
"Simpsons Arcade Game, The",1991,Novotrade International,Konami
Simulador Profesional de Fútbol,1992,Dinamic Software,Grupo Editorial Jackson
Sink or Swim,1993,Zeppelin Games,Zeppelin Games
SkiFree,1991,Chris Pirih,Microsoft
Skunny: Back to the Forest,1993,Copysoft,Copysoft
Skunny: Save Our Pizzas!,1993,Copysoft,Copysoft
SkyChase,1990,Maxis,Broderbund
SkyRoads,1993,Bluemoon,Creative Dimensions
Sky Shark,1989,Banana Development Corporation,Taito
Slater & Charlie Go Camping,1993-05-19,Sierra On-Line,
Sleuth,1983,Norland Software,Norland Software
Slordax: The Unknown Enemy,1991,Softdisk,Softdisk
Smashing Pumpkins into Small Piles of Putrid Debris,1993-12,,Jamul Software
Snake Game,1992,"PhysTechSoft, Ltd.",
Snipes,1982,SuperSet Software,SuperSet Software
Snoopy's Game Club,1992,Accolade,Accolade
"Soaring Simulator, The",1998,,
SODA Off-Road Racing,1997,Software Allies,Sierra Entertainment
Soko-Ban,1984,"ASCII Corporation, Thinking Rabbit",Spectrum Holobyte
Solar Winds,1993,Stone Interactive Media,Epic MegaGames
Solo Flight,1983,MicroProse,MicroProse
Solver: The Bank Quest,2001,Matija Šikić,
Sopwith 2,1985,David L. Clark,BMB Compuscience
Sorcerer Lord,1987,Personal Software Services,Personal Software Services
Soul Crystal,1992,Avantgardistic Arts,Starbyte Software
Space Ace,1994,"Don Bluth Studios, RDI Video Systems",ReadySoft
Space Chase III: Showdown In Orbit,1993,Safari Software,B&N Companies
Space Conquest: A Galactic Odyssey,1990,Starsoft,ComputerEasy
Space Dude,1994,Evryware,FormGen
Space Job,1993,,Karstadt AG
Space Pirates,1994,American Laser Games,American Laser Games
Space Quest III: The Pirates of Pestulon,1989,Sierra On-Line,Sierra On-Line
Space Quest 6: The Spinal Frontier,1995,Sierra On-Line,Sierra On-Line
Space Station Oblivion,1988,Incentive Software,Epyx
Spear of Destiny,1992,id Software,FormGen
Spectre,1992,Peninsula Gameworks,Velocity Development
Speedball,1988,Bitmap Brothers,Image Works
Speed Haste,1995,NoriaWorks Entertainment,Friendware
Spell-a-Saurus,1990,First Byte,First Byte
Spellcasting 201: The Sorcerer's Appliance,1991,Legend Entertainment,Legend Entertainment
SpellCraft: Aspects of Valor,1992,Asciiware,Broderbund
Spelljammer: Pirates of Realmspace,1992,Cybertech,Strategic Simulations
Spider-Man,1985,Adventure International,Load'N'Go Software
Spirit of Excalibur,1990,Virgin Games,Synergistic Software
Spit Wad Willy,1993,Raoul Said,
Sporting Triangles,1989,CDS Software,CDS Software
Spud!,1996,Charybdis Limited,GameTek
Spyder,1983,Mirror Images Software,Mirror Images Software
Spy vs. Spy III: Arctic Antics,1988,First Star Software,First Star Software
Squarez Deluxe!,1992,Adam Pedersen,"Software Creations, Impulse Games"
Stalker,,,
Starbusters,1990,Steve Boerner,
Star Clash,1990,"Ken Leung, Lewis Malone",
Star Control II,1992,Toys for Bob,Accolade
Star Crusader,1994,Take-Two Interactive,Take-Two Interactive
Star Fleet I: The War Begins,1985,Cygnus Multimedia,Cygnus Multimedia
Starflight 2: Trade Routes of the Cloud Nebula,1989,Binary Systems,Electronic Arts
Starglider,1986,Argonaut Software,Rainbird Software
Stargunner,1996,Apogee Software,Apogee Software
Star Lords,2001,SimTex,Quicksilver Software
Star Rangers,1995,Interactive Magic,Interactive Magic
Star Traders,,,
Star Trek: First Contact,1988,Simon & Schuster Interactive,Simon & Schuster Interactive
Star Trek: The Next Generation - A Final Unity,1995,Spectrum HoloByte,MicroProse
Star Trek: The Promethean Prophecy,1986,TRANS Fiction Systems,Simon & Schuster Interactive
Star Wars,1988,Vector Grafix,Broderbund
Star Wars: Rebel Assault,1993,LucasArts,LucasArts
Star Wars: TIE Fighter,1994,LucasArts,Softgold
Star Wars: X-Wing - B-Wing,1993,LucasArts,LucasArts
States and Capitals,1988-06,,Softdisk
Steel Panthers,1996-11,"Strategic Simulations, Novastar Game Co.",Strategic Simulations
Steel Panthers III: Brigade Command (1939-1999),1997,Strategic Simulations,Strategic Simulations
Steigenberger Hotelmanager,1991,Fist Step,Bomico Entertainment Sofat GmbH
Stellar Defense,1993,Giant Toad Software,Giant Toad Software
Super Tetris,1991,"Sphere, Inc.",Spectrum Holobyte
Stock Market: The Game,1990,Starsoft,ComputerEasy
Stonekeep,1995,Interplay Productions,Interplay Productions
Storm Across Europe,1989,Raffaele Cecco,Hewson Consultants
Stratego,1998,Minds-Eye Productions,"Hasbro Interactive, Inc."
Street Ball,1993,Softdisk,Froggman
Street Fighter II: The World Warrior,1992,U.S. Gold,U.S. Gold
Street Sports Soccer,1988,Epyx,Epyx
Strife,1996-05-16,Rogue Entertainment,Velocity Inc.
Strike Commander: Tactical Operations,1993,Origin Systems,Electronic Arts
Striker '95,1995,Rage Software,Rage Software
Strip Poker: A Sizzling Game of Chance,1985,Artworx Software,Artworx Software
Strip Poker Professional,1994,Artworx Software,Artworx Software
Stryx,1990,Pygnosis,Psyclapse
Stunt Island,1992,The Assembly Line,Disney Interactive
Stunt Track Racer,1989,MicroStyle,"Microprose, MicroPlay"
Su-27 Flanker,1996,Eagle Dynamics,Strategic Simulations
Submarine,1989-04,,Softdisk
Subtrade,1994,Century Interactive,Boeder Software
Subwar 2050: The Plot Deepens,1993,Particle Systems,MicroProse Software
"Summoning, The",1992,Event Horizon,Strategic Simulations
Super Angelo,1997,Mike Wiering,Wiering Software
Supercars International,1996-07-31,Magnetic Fields,The Hit Squad
Superfly,1994,Arcanum Computing,Arcanum Computing
Super Hang-On,1987,Quicksilver Software,Data East
Super Huey UH-IX,1988,Cosmi Corporation,Cosmi Corporation
Super Munchers: The Challenge Continues...,1991,MECC,MECC
Super Off Road,1990,Leland Corporation,Virgin Mastertronic
Super Solvers: Gizmos & Gadgets,1993,The Learning Company,The Learning Company
Super Stardust,1996,Housemarque,GameTek
Super Street Fighter II Turbo,1995,Eurocom,Gametek
Super Worms,2001-07-20,Wiering Software,Wiering Software
Super Zaxxon,1984,Sega,Sega
Surface Tension,1996,Compro Games Ltd.,GameTek
Swing,1997,Software 2000,Software 2000
Sword of Honour,1992,Dynafield,Prestige
Swords of Glass,1986,"Keypunch Software, Inc.",Keypunch Software
Syndicate: American Revolt,1993,Bullfrog Productions,Electronic Arts
Synnergist,1996,"Vicarious Visions, Inc.",21st Century Entertainment
Taco Bell: Tasty Temple Challenge,2000,BrandGames,Taco Bell
Tai-Pan,1987,Ocean Software,Ocean Software
Tangled Tales,1989,Origin Systems,Origin Systems
Tank Wars,1990,Kenneth Morse,Kenneth Morse
Targhan,1989,Silmarils,Silmarils
Tau Ceti,1987,CRL Group PLC,CRL Group PLC
Team Yankee,1990,Oxford Digital Enterprises,Empire Interactive
Teen Agent,1995,Metropolis Software House,Metropolis Software House
Teenage Mutant Ninja Turtles: Manhattan Missions,1991,Distinctive Software,Konami
Telengard,1985,Avalon Hill,Avalon Hill
Temple of Apshai Trilogy,1985,Epyx,"Epyx, Keypunch Software"
Tennis Cup II,1992,Loriciels,Loriciels
Terminal Velocity,1995,Terminal Reality,3D Realms
Terminator 2: Judgment Day,1991,Dementia,Ocean Software
Terminator: Rampage,1993,Bethesda Softworks,Bethesda Softworks
TerraFire,1997,ORT Software,ORT Software
Terror in Christmas Town,1995,Michael Zerbo,Michael Zerbo
Test Drive II,1989,Distinctive Software,Accolade
Tetriller,1990,"Elorginform, Variant",Variant
Tetris,1988,Nexa,Spectrum Holobyte
TextTris,1992,Adrian B. Danieli,Acumen Software
Theatre of Pain,1997,Mirage Technologies,Mirage Technologies
Their Finest Missions - Volume One,1989,Lucasfilm Games,LucasArts
Theme Park Mystery,1990,Joined Up Writing Software,Image Works
Think Quick!,1987,The Learning Company,The Learning Company
Thomas the Tank Engine & Friends Pinball,1995,Spidersoft,Alternative Software
"Thor Trilogy, The",1989,Scenario Software,Apogee Software
The Three Stooges,1987,Incredible Technologies,Cinemaware
Thunderhawk AH-73M,1992,Core Design,Core Design
Thunderstrike 2,1995,Core Design,Core Design
Time and Magik,1988,Level 9,Mandarin Software
Time Gate: Knight's Chase,1996,Infogrames,"Infogrames, Interplay Entertainment"
Time Riders in American History,1992,The Learning Company,The Learning Company
Timothy Leary's Mind Mirror,1986,Futique,Electronic Arts
Tip Off,1992,Anco Software,Anco Software
Titus the Fox,1992,Titus Interactive,Titus Interactive
Toad,1995,Garry F. Taylor,
Tomb Raider Gold,1998,Core Design,Eidos Interactive
Tom & Jerry Cat-astrophe,1990,Hi-Tech Expressions,Hi-Tech Expressions
Tommy's Space Goblins,1987,Tommy's Toys,Microsoft Corporation
Tommy's Toy Pak,1993,Tommy's Toys,Microsoft Corporation
Tommy's Wheel of Misfortune,1987,Tommy's Toys,Microsoft Corporation
Tony La Russa Baseball 3,1995,Stormfront Studios,Maxis
Toobin',1989,Tengen,Domark
Top Gun: Danger Zone,1991,Distinctive Software,Konami
Torin's Passage,1995,Sierra On-Line,Sierra On-Line
Total Control Football,1996,BlueSky Software,Philips Interactive Media
Touché: The Adventures of the Fifth Musketeer,1995,Clipper Software,"CentreGold, U.S. Gold"
Tower Toppler,1988,Hewson Consultants,U.S. Gold
"Toy Shop, The",1986,Brøderbund,Brøderbund
Tracker,1987,Mindware Limited,Rainbird
Traders: The Intergalactic Trading Game,1992,Linel,Merit Software
Trail-Burners,1991,Dom Early,
Transport Tycoon,1994,MicroProse,MicroProse
Treasure Hunt,1982,Ensign Software,Ensign Software
Treasure of the Ruins,,,
Trek Trivia,1988,Apogee Software,Apogee Software
Trilogy,1987,Mastertronic,Mastertronic
Triple Play 97,1996,Electronic Arts Canada,Electronic Arts
Trivia Whiz,1988,Micro F/X Software,Apogee Software
Troika,1991,Paragon Software,MicroProse
Troll's Tale,1984,Sierra On-Line,Sierra On-Line
Tubular Worlds,1994,Dongleware Verlags GmbH,Creative Game Design
"TunnelMan, The",1994,Chun-Cheung Yim,Chun-Cheung Yim
Turbocar,,,
Turrican II: The Final Fight,1995,Sun-Project,Rainbow Arts
TV Sports: Boxing,1991,"Acme Interactive, Cinemaware",Data East
Twilight Treasures,1989,Ideas From the Deep,Softdisk Publishing
Twisted Mini Golf,1995,DGS Software,General Admission Software
Tyrian 2000,1999,Eclipse Software,Epic MegaGames
UFO,,,
Ultima II: Revenge of the Enchantress,1982,Richard Garriott,Sierra On-Line
Ultima Underworld: The Stygian Abyss,1992,Blue Sky Productions,Origin Systems
Ultimate Add-On's - Tournament Edition,,,
Ultimate Body Blows,1994,Team17,Team17
Ultimate Flight Pack,,,
"Ultimate RPG Archives, The",,,
"Ultimate Tapan Kaikki, The",,,
Ultrabots,1993,Novalogic,Electronic Arts
UMS II: Nations at War,1990,Intergalactic Development,Rainbird Software
Uncharted Waters 2: New Horizons,1995,KOEI,KOEI
Under Fire!,1987,Avalon Hill,Avalon Hill
United States Quiz,1993,,
Unnatural Selection,1993,Maxis,Maxis
Uno,1991,Reasonable Solutions,Reasonable Solutions
Up Periscope!,1986,Actionsoft,Actionsoft
U.S.A. East,1993,subLOGIC,subLOGIC
U.S.S. Stinger,1989,Novotrade,Keypunch Software
Utopia: The Creation of a Nation,1991,Celestial Software,Gremlin Interactive
V for Victory: Market-Garden,1993,Atomic Games,Three-Sixty Pacific
Valhalla,1989,Norsehelm Production,Optyk
Vanguard Ace: Vertical Madness,1997,Imaginative Illusions,Imaginative Illusions
Veil of Darkness,1993,Event Horizon Software,Strategic Simulations
Vette!,1989,Sphere,Spectrum HoloByte
VGA Sharks,1990,Alive Software,Alive Software
Vida,1993,Interactive Girls Club,Interactive Girls Club
Virtual Pool,1995,Celeris Inc,Interplay Entertainment
Virtual Snooker,1996,Celeris,Interplay Entertainment
Visions of Aftermath: The Boomtown,1988,Chivalry Software,Mindscape
Volfied,1989,Empire Software,Empire Software
Voyeur,1994,Philips POV Entertainment,Interplay Entertainment
Wacky Wheels,1994,Beavis Soft,Apogee Software
War Eagles,1989,COSMI,COSMI
Wari: The Ancient Game of Africa,1994,"ImagiSoft, Inc.","ImagiSoft, Inc."
Warlords II Scenario Builder,1994,Strategic Studies Group,Strategic Studies Group
WarpSpace!,1992,Mike Erkskine,
Wasteland,1988,Interplay,Electronic Arts
Waxworks,1992,Horrorsoft,Accolade
Weird Dreams,1989,Rainbird Software,Rainbird Software
Werewolf vs. Comanche 2.0,1995,"NovaLogic, Inc",Softgold Computerspiele GmbH
Wetlands,1995,Hypnotix,New World Computing
When Two Worlds War,1993,Impressions Games,Impressions Games
Where in Space is Carmen Sandiego?,1993,Broderbund,Broderbund
Where in the World Is Carmen Sandiego?,1985,Broderbund,Broderbund
Where in Time Is Carmen Sandiego?,1989,Broderbund,Broderbund
Whiplash,1995,Gremlin Interactive,Interplay Entertainment
Who Shot Johnny Rock?,1991,American Laser Games,American Laser Games
Wildcatter,1985,,
Wild Wheels,1991,Red Rat Software,Ocean Software
Will Harvey's Zany Golf,1988,Sandcastle Productions,Electronic Arts
Willow,1988,"MidNite Entertainment Group, Brian A. Rice",Mindscape
Windwalker,1989,Origin Systems,Origin Systems
Wing Commander: The Secret Missions 2: Crusade,1991,Origin Systems,Origin Systems
Wing Commander: Armada,1994,Origin Systems,Electronic Arts
Wing Commander: Privateer Speech Pack,1993,Origin Systems,Origin Systems
Wings of Fury,1987,Distinctive Software,Broderbund
"Win, Lose or Draw",1988,Buena Vista,Buena Vista
Winter Challenge: World Class Competition,1988,Tynesoft,Thunder Mountain
Winzer,1991,Starbyte Software,Starbyte Software
Witchaven,1995,Capstone Software,Intracorp Entertainment
Wizard and the Princess,1982,On-Line Systems,On-Line Systems
Wizardry: Proving Grounds of the Mad Overlord,1984,Sir-Tech,Sir-Tech
Wizardry IV: The Return of Werdna,1987,Sir-Tech,Sir-Tech
Wizardry VII: Crusaders of the Dark Savant,1992,Sir-Tech,Sir-Tech
Wizard Warz,1987,Canvas Software,GO!
Wolf,1994,Manley and Associates,Sanctuary Woods
Wolfsbane,1995,Midnight Games,Merit Studios
Word Rescue,1992,Redwood Games,Apogee Software
Wordtris,1991,Realtime Associates,Spectrum HoloByte
World Championship Boxing Manager,1990,Goliath Games,Krisalis Software
World Class Leader Board,1986,Access Software,Access Software
World Cup Year 94,1994,,Empire Software
World History Quiz (Cavemen to Democracy),1987,,AEC Software
World of Fantasy,1996,,Softgold Computerspiele GmbH
"World's Greatest Baseball Game, The",1985,Quest Inc.,Epyx
World Tour Golf,1986,Electronic Arts,Electronic Arts
World War II GI,1999,TNT Team,GT Interactive
Worms: Reinforcements,1995,Team17,Ocean Software
Wreckers,1991,Denton Designs,Audiogenic
Writer Rabbit,1986,The Learning Company,The Learning Company
WWF In Your House,1996,Sculptured Software,Acclaim Entertainment
W!Zone,1996,Sunstorm Interactive,WizardWorks
Xatax,1994,Pixel Painters,Pixel Painters
X-COM: Apocalypse,1997,Mythos Games,MicroProse
X-COM: Unknown Terror,1996,Mythos Games,MicroProse
Xenon,1988,Bitmap Brothers,Bitmap Brothers
Xenopods,1991,Gamer's Edge,Softdisk
Xiake Yingxiongzhuan,1995,GameBridge,GameBridge
Xmas Carnage,1994,Soft Enterprises,
X-Men: Children of the Atom,1997,Probe Entertainment,Acclaim Entertainment
Xplosiv Top Ten,2002,Xplosiv,Xplosiv
X Rock,1990,Soft-World,Soft-World
XXIV,1993,Mark Armbachtsheer,
Yaht,1987,Microlink,Microlink
Yendorian Tales: The Tyrants of Thaine,1997,SW Games,Spectrum Pacific Publishing
Yo! Joe! Beat the Ghosts,1993,Scipio Software,Play Byte
Ys II: Ancient Ys Vanished – The Final Chapter,1989,Nihon Falcom,Nihon Falcom
Zany Golf,1988,Sandcastle Productions,Electronic Arts
Zaxxon,1984,Sega,Sega
Zeek's Blackjack,1991,Rich Geldreich,Rich Geldreich
Zephyr,1994,New World Computing,New World Computing
Zone 66,1993,Renaissance Studio,Epic MegaGames
Zool 2,1994,Gremlin Graphics,Gremlin Interactive
Zork II,1983,Infocom,Infocom
ZorkQuest: Assault on Egreth Castle,1988,Tom Snyder Productions,Infocom
Zorro,1995,Capstone Software,Capstone Software
Zyll,1984,IBM,IBM
