1 Ton,1996,Independent Project,Martin Magnusson
10th Frame,1986,Access Software,U.S. Gold
1869,1992,Max Design,Max Design
"20,000 Leagues Under the Sea",1988,Coktel Vision,Coktel Vision
3-Ball Juggler,1991,First Magnitude,
3D Dinosaur Adventure,1993,Knowledge Adventure,Knowledge Adventure
3-D TableSports,1996,Mass Media Inc.,Time Warner Interactive
3D Body Adventure,1994,Knowledge Adventure,Knowledge Adventure
3D Lemmings,1995,Clockwork Games Limited,Psygnosis
3D Pitfall,1994,Independent Project,J. Shramko
4D Prince of Persia[1],1994,Kirill A. Terebilov,Kirill A. Terebilov
4th & Inches,1988,Accolade (company),Accolade (company)
50 Mission Crush,1984,Simulmondo,Strategic Simulations
5X,2000,SpeedStrip Interactive,SpeedStrip Interactive
7 Dni a 7 noci,1994,Pterodon Software,Vochozka Trading
A Line in the Sand,1992,Strategic Simulations,Strategic Simulations
A320 Airbus,1993,Thalion Software,Thalion Software
"Abbey of Montglane, The",1993,Art LaFrana,Art LaFrana
Aber Hallo!,1997,Krisalis Software,media Verlagsgesellschaft
Absolute Pinball,1995,21st Century Entertainment,21st Century Entertainment
ACE: Air Combat Emulator,1987,Ian Martin,Cascade Games
Accordion,1990,Softdisk,Softdisk
Ace of Aces,1987,Artech Digital Entertainment,Accolade
Aces Over Europe,1993,Dynamix,Sierra On-Line
Ack Ack Attack,1995,PLBM Games,PLBM Games
Action in the North Atlantic,1989,General Quarters Software,General Quarters Software
Action Stations,1991,RAW Entertainment,RAW Entertainment
Advanced Dungeons & Dragons: Heroes of the Lance,1989,U.S. Gold,Strategic Simulations
Advantage Tennis,1991,Infogrames,Infogrames
Adventure Math,1992,Epic MegaGames,Epic MegaGames
"Adventures of Captain Comic, The",1988,Michael Denio,Michael Denio
"Adventures of Maddog Williams in the Dungeons of Duridian, The",1992,Game Crafters,Game Crafters
"Adventures of Robin Hood, The",1992,Millennium Interactive,Millennium Interactive
AEGIS: Guardian of the Fleet,1994,Microplay Software,Time Warner Interactive
After Burner,1989,Unlimited Software,Sega
After the War,1989,Dinamic Software,Dinamic Software
Aggression,1990,Thomas B. Hardy,Expert Source Code Inc.
Air,1993,Softstar Entertainment,Softstar Entertainment
Air Bucks,1992,Impressions Games,Sierra On-Line
Airlift Rescue,1995,David Fleming,David Fleming
Alcatraz,1992,221B Software Development,Infogrames
Aleshar: World of Ice,1997,Hypothermia,Hypothermia
ALF's Thinking Skills,1993,Vision Software,Vision Software
ALF: The First Adventure,1987,"Box Office, Inc.","Box Office, Inc."
Alien Attack,1993,Eldon Martin,Martin Software Productions
Alien Cabal,1996,QA Soft,QA Soft
Alien Incident,1996,Housemarque,GameTek
Alien Odyssey,1995,Argonaut Games,Philips Interactive Media
Alien Poker,1993,Jeff Bogan,
Alien Syndrome,1989,HSP,Sega
Alien Worlds,1989,S. Larratt,
Alley Cat,1984,Bill Williams,IBM
Alone in the Dark,1992,Interplay Entertainment,Infogrames
AlphaMan,1992,Soleau Software,Soleau Software
Alpha Waves,1990,Infogrames,Infogrames
Alshark,1991,Popcorn Soft,Popcorn Soft
Alter Ego,1986,Activision,Activision
Amazing Maze,1983,Donovan W. Foster,Headlands Press
Amazon: Guardians of Eden,1992,Access Software,Access Software
AmbivalenZ: Niritsu Haihan,1994,Alice Soft,Alice Soft
American Gladiators,1992,GameTek,GameTek
Amnesia,1986,Cognetics Corporation,Electronic Arts
Amy's Fantasies,1995,C's Ware,C's Ware
An American Tail: The Computer Adventures of Fievel and His Friends,1993,Manley & Associates,Capstone Software
"Ancient Art of War at Sea, The",1987,Evryware,Broderbund
Ancient Evil,1998,Silver Lightning Software,Silver Lightning Software
Ancients 2: Approaching Evil,1993,Farr-Ware,Epic MegaGames
Angband,1992,Unknown,Unknown
Angry,1992,,
Animal Quest,1996,Alive Software,Alive Software
The Animated Memory Game,1991,Tom Guthery IV,Flix Productions
Annals of Rome,1988,Rome Software,PSS
Antagony,1995,Triniti Software,Triniti Software
Anvil of Dawn,1995,DreamForge Intertainment,New World Computing
Apollo 18: Mission to the Moon,1988,Artech Studios,Accolade
Aqua Man,1993,Soleau Software,Soleau Software
Arcade Fruit Machine,1992,Zeppelin Games,Zeppelin Games
Archimedean Dynasty,1997-04-04,Massive Development,Blue Byte
Archon Ultra,1994,Free Fall Associates,Strategic Simulations
Arctic Moves,1995,Dinamic Multimedia,Dinamic Multimedia
Are You Afraid of the Dark: The Tale of Orpheo's Curse,1994,Viacom New Media,Viacom New Media
Ariva,1992,Tom Wilson,Wizard System Software
Ark of Time,1997,Trecision,KOEI
Armada 2525,1991,Interstel,Interstel
Armored Fist,1994,NovaLogic,Electronic Arts
Army Moves,1989,Dinamic Software,Dinamic Software
Aro,1996,D'India Software,D'India Software
Arya Vaiv,1994,Megadream Software,Dongleware Verlags
Assault Rigs,1996,Psygnosis,Psygnosis
Asterix and the Magic Carpet,1987,Coktel Vision,Coktel Vision
Astro-Dodge,1982,Dave Gangola,Digital Marketing Corporation
Astrotit,1987,Rudeware,Rudeware
Atlantis: The Lost Tales,1997,Cryo Interactive,Interplay Entertainment
Atomino,1990,Psygnosis,Blue Byte
Attack,1982,IBM,IBM
Aufschwung Ost,1993,Sunflowers Interactive Entertainment Software,Bomico Enteractive
AUTS: The Ultimate Stress Relief Game,1995,Jaakko Lyytinen,
Avish!,1993,BUG Multisystem,BUG Multisystem
Awesome Earl in SkateRock,1988,Zig Zag Creations,ShareData
B-17 Flying Fortress,1992,Vektor Grafix,MicroProse
Baal,1988,Psygnosis,Psyclapse
Back to the Future Part II,1990,Image Works,Mirrorsoft
Bad Blood,1990,Origin Systems,Origin Systems
Bad Street Brawler,1987,Beam Software,Mindscape
Balance of Power,1985,Chris Crawford,Mindscape
Ballade for Maria,1994,FairyTale,FairyTale
Ballgame 2,1992,The Toxic Dream,Unknown
Ballistix 2,1990,John R. Saunders,Mile 300 Computer Services
Ballyhoo,1985,Infocom,Infocom
Bandit Kings of Ancient China,1989,Koei,Koei
Barbarian: The Ultimate Warrior,1987,Palace Software,"Palace Software, Epyx"
"Bard's Tale, The",1985,Interplay Productions,Electronic Arts
Baron Baldric: A Grave Adventure,1992,Animation F/X,Manaccom
Bash your Buddy,1991,Jonathan Conrad,
B.A.T. II – The Koshan Conspiracy,1992,Computer's Dream,Ubisoft
Batman: The Movie,1989,Astros Productions,"Ocean Software, Data East"
Batman Returns,1993,Spirit of Discovery (Game developers),Konami
Battle Bugs,1994,Epyx,Sierra On-Line
Battle Command,1990,Realtime Games,Ocean Software
Battle Isle,1991,Blue Byte,Blue Byte
Battle Isle 2 Scenery CD: Titan's Legacy,1994,Blue Byte,Blue Byte
Battle Master,1991,Personal Software Services,Mirrorsoft
Battle Team 1,1993,Blue Byte,Blue Byte
Battlerace,1995,Soft Enterprises,Ikarion Software
Battles of Destiny,1992,Holistic Design,Quantum Quality Productions
Battle Stations,1990,Maitai Entertainment,Innerprise Software
BattleTech: The Crescent Hawk's Revenge,1990,Westwood Studios,Infocom
BC Racers,1995,Core Design,Core Design
Beast,1984,Dan Baker,
Bedlam,1988,Beam International,Go!
Beneath a Steel Sky,1994,Revolution Software,Virgin Interactive
Berlin Connection,1994,Promotion Software,Berliner Morgenpost
Bert's Christmas,1993,Wierenga Software,JCSM Software
Best of the Best: Championship Karate,1992,Loriciel,Loriciel
"Beverly Hillbillies, The",1993,Synergistic Software,Capstone Software
Beyond Columns,1989,"Brad P. Taylor, LLC","Brad P. Taylor, LLC"
Beyond the Tesseract,1988,David Lo,
Beyond Zork: The Coconut of Quendor,1987,Infocom,Infocom
Bifi 2: Action in Hollywood,1992,,The Art Department
Big Business,1990,Off the Wall Productions,Digitek
Big Sea: The Better One Will Win,1994,Cyberdyne Systems,Starbyte Software
Bill Elliot's NASCAR Challenge,1990,Distinctive Software,Konami
Billy Bear Come Learn with Me...123 & ABC,1995,Loraine Wauer-Ferus,Elson Embry
Bioforge,1995,Origin Systems,Origin Systems
Bionic Commando,1987,Pacific Dataworks International,Capcom
Birthright: The Gorgon's Alliance,1996,Synergistic Software,Sierra On-Line
"Black Cauldron, The",1986,Sierra On-Line,Sierra On-Line
Black Monday,1987,Starsoft Development Laboratories,Keypunch Software
Blackthorne,1994,Blizzard Entertainment,Interplay Entertainment
Blake Stone: Aliens of Gold,1993,JAM Productions,Apogee Software
Blast Chamber,1997,Attention to Detail,Activision
Blind Wars,1992,Soleau Software,Soleau Software
Block Five,1986,Keypunch Software,Keypunch Software
Blocks from Hell,1993,Toren K. Smith,
Blood & Magic,1996,Tachyon Studios,Interplay Entertainment
Bloodstone: An Epic Dwarven Tale,1993,Mindcraft Software,Mindcraft Software
Bloxit,1992,Soleau Software,Soleau Software
Blue Balls,1990,Pat Copeland,
Blue Max: Aces of the Great War,1990,Three-Sixty Pacific,Three-Sixty Pacific
Bobby Fischer Teaches Chess,1994,"Bookup, Inc.",Mission Studios
Body Blows,1993,Team17,Team17
Bolo Adventures II,1994,Soleau Software,Soleau Software
Bolo Ball,1992,Soleau Software,Soleau Software
Bomberman,1992,Hudson Soft,Ubisoft
Bones,1989,Bruce N. Baker,
Bop'N Wrestle,1986,Beam Software,Mindscape
Borrowed Time,1985,Activision,Interplay Entertainment
Boulderdash II: Rockford's Revenge,1985,First Star Software,First Star Software
Bouncing Babies,1984,Dave Baskin,Dave Baskin
Boxzum,1989,Softdisk,Softdisk
Bram Stoker's Dracula,1993,"Psygnosis, Traveller's Tales",Sony Imagesoft
Breach,1987,Omnitrend Software,Omnitrend Software
Breakers,1986,Synapse Software,Brøderbund
Brett Hull Hockey 95,1995,Accolade,Accolade
Bridge Master,1992,Greenleaf,Capstone Software
British Square,1990,Scott Pakin,
Bruce Lee,1984,Datasoft,Datasoft
Brutal: Paws of Fury,1994,"GameTek, Eurocom",GameTek
Bubble Dizzy,1990,The Oliver Twins,Codemasters
Buck Rogers: Matrix Cubed,1992,Strategic Simulations,Strategic Simulations
Budokan: The Martial Spirit,1989,Electronic Arts,Electronic Arts
Bully's Sporting Darts,1993,Alternative Software,Alternative Software
Bumble Plot,1983,The Learning Company,IBM
Bunny Blast,1992,Asad Hanif,
Bureaucracy,1987,Infocom,Infocom
Burn: Cycle,1995,Trip Media,Philips Interactive Media
"BushBuck Charms, Viking Ships & Dodo Eggs",1991,Reckon,PC Globe
By Fire and Sword,1984,Avalon Hill,Avalon Hill
Cadaver: The Payoff,1990,Bitmap Brothers,Image Works
Caesar II,1995,Impressions Games,Sierra Entertainment
"California Raisins, The",1988,Starsoft Development Laboratories,Box Office
Cannon Fodder,1993,Sensible Software,Virgin Interactive
Capitalism Plus,1996,Enlight,Interactive Magic
Captain Comic II: Fractured Reality,1990,Michael Denio,ComputerEasy
Captain Zins,1994,Freelance Development,Dresdner Bank
Captured by Pirates!,1992,Steven Green,PCT
Car & Driver,1992,Looking Glass Studios,Electronic Arts
Caribbean Disaster,1995,Ikarion Software,Ikarion Software
Carmageddon,1997,Stainless Software Ltd.,SCi
Carnage,1993,Warped Minds,Zeppelin Games Limited
Carriers at War II,1993,Strategic Studies Group,Strategic Studies Group
Cartooners,1989,ITDA,Electronic Arts
Cash Invaders,2002,Bas de Reuver,
Castaway - The Ordeal Begins,1995,John Gallon,John Gallon
Castle Master 2: The Crypt,1991,Teque Software Development,"Incentive Software, Domark"
Castles: The Northern Campaign,1992,Quicksilver Software,Interplay Productions
Castle Wolfenstein,1984,Muse Software,Muse Software
Catacomb Abyss,1992,Gamer's Edge,Softdisk
Catfight,1996,Phantom Card,Atlantean Interactive
Caverns of Chaos,1992,"Paul Martinez, Alison Castro",
Caverns of Zoarre,1984-09-22,Erik I. Bolsos,
CD-Man,1992,Scandinavian PC Systems,Creative Dimensions
Celtic Tales - Balor of the Evil Eye,1995,Koei,Koei
Central Intelligence,1994,Ocean Software,Ocean Software
Chagunitzu,1990,Keith Schuler,Softdisk
CHAMP Asterocks,1997-02-07,CHAMProgramming,
CHAMP Galaxia,1996-07-03,CHAMProgramming,
CHAMP Ms. Pac-em,1996-04-14,CHAMProgramming,
Championship Lode Runner,1984,Brøderbund,Brøderbund
Championship Manager: End of Season Edition,1994,"Abersoft Limited, Intelek",Domark
Champions of Krynn,1990,Strategic Simulations,Strategic Simulations
Chaos Control,1995,Philips Interactive Media,Philips Interactive Media
Charlie II,2001,Wiering Software,Wiering Software
Cheesy Invaders,1994,Cheesy Software,Cheesy Software
Chess88,1984,Don Berg,Unknown
Chess System Tal,1987,Chris Whittington,Oxford Softworks
Chex Quest,1996,Digital Café,Digital Café
Chickens,1996,Brainchild Design,Brainchild Design
Chinese Chess,1992,Edward Lam,
Chopper Commando,1990,Mark Currie,
Christmas Matchup,1994,Godly Games,Godly Games
Chronomaster,1995,DreamForge Intertainment,"IntraCorp, Capstone Software"
Chuck Yeager's Advanced Flight Trainer,1987,Ned Lerner,Electronic Arts
Chub Gam 3D: Director's Cut,1998,ChubGamSoft,ChubGamSoft
Circus Attractions,1989,Golden Goblins,Rainbow Arts Software
Civil War,1983,International PC Owners,International PC Owners
Classic Concentration,1988,"Softie, Inc.",ShareData
Climber 5,1987,COMPUTE! Publications,COMPUTE! Publications
Clockwiser: Time is Running Out,1994,Team Hoi Games,Rasputin Software
Clue: Master Detective,1989,Dalali Software,Mastertronic
Clyde's Revenge,1995,Moonlite Software,Moonlite Software
Code: Europe,1993,Synergistic Software,Compu-Teach
Cohort II,1993,Impressions Games,Impressions Games
"Colonel's Bequest, The",1989,Sierra On-Line,Sierra On-Line
Colony Wars 2492,1996,Digital X-citement,Black Legend Software
Color Buster,1992,Pyramid Software Studio,Pyramid Software Studio
Colors,1992,"J. Gillis, Aaron and Isaac Gruber",
Comanche: Over the Edge,1993,NovaLogic,NovaLogic
Combots,1983,International PC Owners,International PC Owners
Command HQ,1990,Ozark Softscape,Microplay Software
"Commander Keen - Goodbye, Galaxy!",1991-12-15,id Software,Apogee Software
Companions of Xanth,1993,Michael J. Lindner,Legend Entertainment
Computer Circus Maximus,1984,Avalon Hill,Avalon Hill
"Computer Edition of Scrabble Brand Crossword Game, The",1988,Leisure Games,Virgin Interactive
Conan: The Cimmerian,1991,Synergistic Software,Virgin Games
Conflict: Korea the First Year 1950-1951,1992,Strategic Simulations,Strategic Simulations
Congo Bongo,1984,Sega,Sega
Connex,1992,Night Sky,
Conqueror,1990,Rainbow Arts,Rainbow Arts
Conquest,1983,Windmill Software,Windmill Software
Conquest of Japan,1992,Impressions Games,Impressions Games
Conquest of the New World: Deluxe Edition,1997,Quicksilver Software,Interplay Entertainment
Constructor,1997,System 3 Software,Acclaim Entertainment
Cool Croc Twins,1992,Arcade Masters,Empire Interactive
Corncob Deluxe,1992,Pie in the Sky Software,Pie in the Sky Software
Corridor 7: Alien Invasion,1994,Capstone Software,"Intracorp, GameTek"
Countdown,1990,Access Software,Access Software
Cover Girl Strip Poker,1991,Emotional Pictures,Emotional Pictures
Crates,1991,Summit Software,
Crazy Eights,1988,Softdisk,Softdisk
Creepers,1992,Destiny Software Productions,Psygnosis
Cricket 96,1996,Beam Software,Electronic Arts
Crime City,1992,Interactive Fantastic Fiction,Impressions Games
Crime Time,1990,Starbyte Software,Starbyte Software
Crisis in the Kremlin,1991,Spectrum Holobyte,Spectrum Holobyte
Crossword Power,1992,Terry L. Jepson,Wisco Computing
Cruise for a Corpse,1991,Delphine Software International,"Erbe Software, Interplay Entertainment, U.S. Gold"
Crusader: No Regret,1996,Origin Systems,Origin Systems
Crusher,1991,Soleau Software,Soleau Software
Crypto Cube,1983,DesignWare,DesignWare
The Crystal Maze,1994,Digital Jellyfish Design,Sherston Software
Cube,1991,Doug Cox,
Curse of the Azure Bonds,1989,Strategic Simulations,Strategic Simulations
Cyberball,1990,Atari,Domark
Cyberchess,1992,Gamer's Edge,Softdisk
Cyber Empires,1992,Silicon Knights,Strategic Simulations
Cyberia 2: Resurrection,1995,Xatrix Entertainment,Virgin Interactive
Cybersphere,1996,Clay Hellman,Psycon Software
Cyberwar,1994,SCi,Interplay Entertainment
Cyclemania,1994,Compro Games,Accolade
CyClones,1994,Raven Software,Strategic Simulations
Cyrus,1985,Intelligent Chess Software,Intelligent Chess Software
Daemon's Gate,1993,Imagitec,Imagitec
Dalk,1992,Alice Soft,Alice Soft
Dangerous Dave,1990,John Romero,Softdisk
Dark Ages,1991,Scenario Software,Apogee Software
Dark Designs I: Grelminar's Staff,1991,Softdisk,Softdisk
"Dark Half, The",1992,Symtus,Capstone Software
Dark Legions,1994,Silicon Knights,Strategic Simulations
Dark Seed,1992,Cyberdreams,Cyberdreams
Darkspyre,1990,Event Horizon Software,Event Horizon Software
Dark Universe,1995,"Martin, Neo Software",Max Design
Darts,1991,Scott Semon,
Das Boot,1990,Artech Studios,Three-Sixty Pacific
Daughter of Serpents,1992,Eldritch Games,Millennium Interactive
David Leadbetter's Greens,1992,Thought Train,MicroProse
Dawn Patrol: Head to Head,1995,Rowan Software,Empire Interactive
Days of Thunder,1990,Argonaut Software,Mindscape
DDM Soccer '96,1996,Digital Dreams Multimedia,Digital Dreams Multimedia
Deathbringer,1992,Empire Interactive,Empire Interactive
Death Gate,1994,Legend Entertainment,Legend Entertainment
Deathtrack,1989,Dynamix,Activision
Deep Space: Operation Copernicus,1986,Sir-Tech,Sir-Tech
Defcon 5,1995,Millennium Interactive,Nova Spring
Defender of the Crown,1987,Master Designer Software,Mirrorsoft
Delta V,1994,Bethesda Softworks,Bethesda Softworks
Demon Day,2004,,
Demon's Forge,1987,Saber Software,Saber Software
Der Planer,1994,Greenwood Entertainment Software,Greenwood Entertainment Software
Descent,1994,Parallax Software,Interplay Entertainment
Desert Storm Command Deluxe,1994,Pod Bay,MVP Software
Designasaurus,1988,DesignWare,Britannica Software
Despair 3,1995,U-Neek Software,U-Neek Software
Destruction Derby,1995,Reflections Interactive,Psygnosis
Detroit,1994,Impressions Games,Impressions Games
D/Generation,1991,"Veda Hlubinka-Cook, James Brown",Mindscape
Diamond Digger,1986,Keypunch Software,Keypunch Software
Die Hard,1990,Pack-In-Video,Activision
Die Kathedrale,1991,Weltenschmiede,Software 2000
Digger,1983,Windmill Software,Windmill Software
Dig It,1996,Pixel Painters Corporation,Pixel Painters Corporation
Dimo's Quest,1993,Infernal Byte Systems,Boeder Software
Dinosaur Predators,1996,Alive Software,Alive Software
Disc,1990,Loriciel,Loriciel
Discovering America,1994,Lawrence Productions,Lawrence Productions
Discworld II,1996,Perfect Entertainment,Psygnosis
Dive Bomber,1988,Acme Animation,U.S. Gold
DJ Puff's Volcanic Capers,1993,Codemasters,Codemasters
Dominus,1994,Visual Concepts,U.S. Gold
Donkey,1981,Microsoft Game Studios,"IBM, Microsoft Game Studios"
Don Quijote,1987,Dinamic Software,Dinamic Software
Doom,1993,id Software,"id Software, Midway Games, GT Interactive"
Doppelpass,1994,Ascon,Ascon
Dotso,1995,Soleau Software,Soleau Software
Double Dragon II: The Revenge,1991,Virgin Mastertronic,Virgin Games
Downhill Challenge,1988,Microïds,Loriciel
Dracula in London,1993,ICOM Simulations,Viacom
DragonFlight,1991,Thalion Software,Thalion Software
Dragon Lord,1990,Outlaw Software,Spotlight Software
Dragons: A Challenge in Chivalry,1986,Capital PC User Group,Capital PC User Group
Dragon's Lair,1993,ReadySoft Incorporated,ReadySoft Incorporated
Dragon's Lair III: The Curse of Mordread,1992,Sullivan Bluth Interactive Media,ReadySoft Incorporated
Dragons of Flame,1989,U.S. Gold,"Strategic Simulations, U.S. Gold"
Dragon Wars,1989,Interplay Entertainment,Activision
Drakkhen,1989,Infogrames,Data East
Dr. Dumont's Wild Part I,1988,First Row Software,First Row Software
Dream Warrior,1989,Tarann,Keypunch Software
DressMeUp,1991,Christopher G. Gunn,
Drugwars,1994,American Laser Games,American Laser Games
Dschump!,1993,,
Duke Nukem II,1993,Apogee Software,Apogee Software
Dune,1992,Cryo Interactive,Virgin Entertainment
Dungeon Hack,1993,DreamForge Intertainment,Strategic Simulations
Dungeon Master,1992,FTL Games,Psygnosis
Dungeons of Grimlor,1993,RederWare,RederWare
Dungeons of the Unforgiven,1993,Steve Moraff,Moraffware
Dunjonquest: Morloc's Tower,1983,Epyx,Automated Simulations
Dunkle Schatten,1994,Freelance Development,Art Department
Dylan Dog: Murderers,1992,Simulmondo,Simulmondo
Eagle Eye Mysteries,1993,Stormfront Studios,EA*Kids
Earth 2140,1997,TopWare,"TopWare, Interplay Entertainment"
Earthworm Jim,1995,Shiny Entertainment,Activision
Echelon,1988,Access Software,Access Software
EcoQuest - The Search for Cetus,1991,Sierra Entertainment,Sierra Entertainment
Ecstatica II,1997,Andrew Spencer Studios,Psygnosis
Education Series: General Knowledge Builder,1989,Disk-Count Software,Disk-Count Software
EF2000: Special Edition,1996,Digital Image Design,Ocean Software
Eight Ball Deluxe,1993,LittleWing,Amtex
El Capitan Trueno,1990,Dinamic Software,Dinamic Software
Elder Scrolls Legends: Battlespire,1997,Bethesda Softworks,Bethesda Softworks
Electroman,1993,xLand Games,Epic MegaGames
Elevators from Hell,1993,John Shramko,
ElfLand,1992,Carl Erikson,Unknown
Elite Plus,1991,Realtime Games,Rainbird Software
Elvira: The Arcade Game,1991,Flair Software,Flair Software
Emergency Room,1995,Legacy Software,Legacy Software
Empire: Wargame of the Century,1987,Northwest Software,Interstel Corporation
Enchanter,1983,Infocom,Infocom
Encyclopedia of War - Ancient Battles,1988,,Cases Computer Simulations
Engineer Jones and The Time Thieves of DSPea,1991,Harris Semiconductor,Prentice Associates
Entity,1994,Loriciel,Loriciel
Epic Pinball,1993,Digital Extremes,Epic MegaGames
Escape from Delirium,1995,Virtual X-Perience,Magicom Multimedia
Escape from the Planet of the Robot Monsters,1990,Tengen Inc.,Domark
E.S.S.,1989,Coktel Vision,Tomahawk
Eternam,1992,Infogrames,Infogrames
European Racers,1993,FLOYDESIGN,Revell
Evil Crypt,1985,Curt Keisler,Unknown
Executive Suite,1982,Armonk Corporation,Armonk Corporation
"Exterminator, The",1982,Nufekop,Bubble Bus Software
Extreme Rise of the Triad,1995,Apogee Software,Apogee Software
Eye of the Storm,1993,Rebellion Developments,Rebellion Developments
F-15 Strike Eagle,1984,MicroProse,MicroProse
F-15 Strike Eagle III,1993,MicroProse,MicroProse
F-22 Lightning II,1996,NovaLogic,NovaLogic
Face Off!,1989,Mindspan Technologies,Gamestar
Factory Works,1988,Computer Engineering Services,Microsoft Corporation
Fahrenheit 451,1984,Byron Preiss Video Productions,Trillium Corp.
Falcon 3.0: Hornet: Naval Strike Fighter,1993,Spectrum Holobyte,Spectrum Holobyte
Falcon A.T.,1988,Sphere,Spectrum Holobyte
Fallout,1997,Black Isle Studios,Interplay Entertainment
Fantastic Fossils,1991,Virtualogic,
Fantasy Empires,1993,Strategic Simulations,Silicon Knights
Fantasy Worlds of Tamrak,1993,Ray Johnson,Ray Johnson Software
Farland Story: Shirogane no Tsubasa,1994,Technical Group Laboratory,Technical Group Laboratory
Farland Story: Kamigami no Isen,1996,Technical Group Laboratory,Technical Group Laboratory
Fast Attack: High Tech Submarine Warfare,1996,Software Sorcery,Sierra On-Line
Fatal Fumes,1996,,Spectrum Pacific Publishing
Fatty Bear's Birthday Surprise,1995,Humongous Entertainment,Humongous Entertainment
"Fellowship of the Ring, The",1986,Beam Software,Addison-Wesley
Ferrari Formula One,1988,Imagetic Design,Electronic Arts
Fiddle,1992,Doug Beeferman,Palmetto Bay Publishing
Fiendish Freddy's Big Top O'Fun,1989,Gray Matter,Mindscape
FIFA Soccer 97,1996,EA Canada,Electronic Arts
Final Assault,1988,Infogrames,Infogrames
Final Doom,1996,"id Software, TeamTNT, Casali brothers",GT Interactive
Fire-Brigade: The Battle for Kiev - 1943,1988,Panther Games,Panther Games
Fire King,1990,Strategic Studies Group,Micro Forte
"First Mile, The",2005,Malinche Entertainment,Malinche Entertainment
Five-a-Side Indoor Soccer,1986,Mastertronic Group,Mastertronic Group
Flames of Freedom,1991,Maelstrom Games,MicroProse
Flash Traffic: City of Angels,1994,Tsunami Games,Tsunami Games
Fleet Defender Gold,1995,Microprose,Microprose
Flight Assignment: Airline Transport Pilot,1990,Sublogic,Sublogic
Flight of the Intruder,1990,Rowan Software,Spectrum Holobyte
Flippy's Circus Coins,1988,,Softdisk
Floor 13,1992,David J Eastman,Virgin Interactive
Flying Corps,1996,Rowan Software,Empire Interactive
Flying Tigers II,1994,Ticsoft,Ticsoft
Football,1986,Sublogic,Sublogic
Football Manager 2,1988,Addictive Games,Addictive Games
Footy Fanatic,1995,,
Ford Simulator 5.0,1994,The SoftAd Group,Ford Motor Company
"Ford Simulator, The",1987,"Beck-Tech, The SoftAd Group",Ford Motor Company
"Fourth Protocol, The",1985,Electronic Pencil Company,Hutchinson Computer Publishing
Fountain of Dreams,1990,Electronic Arts,Electronic Arts
Fowlplay,1983,MOPS Computer Systems,
Fox Ranger II: Second Mission,1993,Soft Action,LG Electronics
Framed,1995,Machination,Machination
Frank Thomas Big Hurt Baseball,1995,Iguana Entertainment,Acclaim Entertainment
Freddy Hardest,1988,Dinamic Software,Dinamic Software
Freddy's Rescue Roundup,1984,IBM,IBM
FriendlyWare P.C. Arcade,1983,FriendlySoft,FriendlySoft
Fritz Deluxe,1992,ChessBase GmbH,Boeder Software GmbH
Frontier: Elite II,1993,GameTek,"GameTek, Konami"
Front Page Sports: Baseball '94,1994,Dynamix,Sierra On-Line
Front Page Sports: Football Pro '96 Season,1995,Dynamix,Sierra On-Line
FUE,1988,Unknown,Unknown
Full Throttle,1995,LucasArts,LucasArts
Funny Face 2,1990,Z-Ware,Z-Ware
Fun School 3,1991,Database Educational Software,Database Educational Software
Fury: The Nightmare Begins!,,"Chris Hess, Don Weingarden",Third Party Software
Fuzzy's World of Miniature Space Golf,1995,Pixel Painters Corporation,Pixel Painters Corporation
"Gadget: Invention, Travel, & Adventure",1993,"Synergy, Inc.","Synergy, Inc."
Galactic Conqueror,1988,Titus Software,Titus Software
Galactic Warrior Rats,1993,Mikev Design,Summit Software
Galaxy Trek,1982,Larry E. Jordan,Capital PC Software Exchange
"Game of Robot, The",1988,TOM Productions,TOM Productions
Games '92: Espana,1992,Creative Materials,Ocean Software
Games - Summer Edition,1988,Epyx,Epyx
"Game With No Name, The",1990,,
Ganja Farmer,1998,EvilX Systems,Xtreme Games LLC
Gary Grigsby's Pacific War,2000,Matrix Games,Matrix Games
Gateway to the Savage Frontier,1991,Stormfront Studios,Strategic Simulations
Gauntlet,1988,,Mindscape
GBA Championship Basketball: Two-on-Two,1986,Dynamix,Activision
Geheimprojekt DMSO,1993,Art Department Werbeagentur GmbH,Merckle GmbH
Gemma,1993,Spaceways,Spaceways
Genewars,1996,Bullfrog Productions,Electronic Arts
Genocide,1996,PyroSoft,PyroSoft
Ghostbusters II,1989,Dynamix,Activision
Global Conquest,1992,Microplay Software,Microplay Software
Global Effect,1992,Millennium Interactive Ltd.,Millennium Interactive Ltd.
Goal 94,1994,New Era Software,Wizard Games
Gobliins 2: The Prince Buffoon,1992,Coktel Vision,Sierra On-Line
"Godfather, The",1991,U.S. Gold,U.S. Gold
Golden Axe,1989,Virgin Games,Virgin Games
"Gold of the Aztecs, The",1990,Kinetica Software,U.S. Gold
Goldrunner,1993,James Dingle,
Gorillas,1991,Microsoft Game Studios,Microsoft Game Studios
Grailquest,1994,Quantum Quality Productions,Quantum Quality Productions
Grandmaster Chess,1993,IntraCorp,Capstone Software
Grand Prix 500 2,1991,Microïds,Microïds
Grand Prix Unlimited,1992,Accolade,Accolade
Grave Yardage,1989,"Incredible Technologies, Inc.",Activision
Gravity Wars,1989,Sohrab Ismail‑Beigi,
"Great Escape, The",1986,Denton Designs,Ocean Software
Great Naval Battles - Fury in the Pacific 1941-1944,1995,Strategic Simulations,Strategic Simulations
Gremlins,1984,Atari,Atarisoft
Greystone,2003,Malinche Entertainment,Malinche Entertainment
Guardians of Infinity: To Save Kennedy,1988,Paragon Software,Medalist International
Guilty,1995,Divide By Zero,Psygnosis
Gunboat,1990,Accolade,Accolade
Gunship 2000,1991,MicroProse,MicroProse
Hack,1984,Don Kneller,
Halls of Montezuma: A Battle History of the U.S. Marine Corps,1990,Strategic Studies Group,Strategic Studies Group
Halls of Fornea II: Myrlik's Story,,,
Hamurabi,1996,,
Hanse: Die Expedition,1994,Ascon GmbH,Ascon GmbH
HardBall II,1989,Distinctive Software,Accolade
Hardball 4,1994,MindSpan,Accolade
Hard Drivin' II,1991,Domark,Domark
Hard Nova,1990,Malibu Interactive,Electronic Arts
Harpoon,1989,"Applied Computing Services, Three-Sixty Pacific",Three-Sixty Pacific
Harrier 7,1989,Tiger Developments,Avantage Software
Harvester,1996,DigiFX Interactive,Merit Studios
Hattrick!,1995,Ikarion Software,Ikarion Software
Heartlight,1994,xLand Games,Epic MegaGames
Heavy Barrel,1989,Quicksilver Software,Data East
Heimdall 2: Into the Hall of Worlds,1994,The 8th Day,Core Design
Helious,1993,Albino Frog Software,Albino Frog Software
HellCat Ace,1984,MicroProse,MicroProse
Helter Skelter,1989,Assembly Line,Audiogenic Software
Heroes of Might and Magic II,1996,New World Computing,3DO Company
Herrscher der Meere,1997,NovaTrix,Attic Entertainment Software
Hexxagon,1993,Argo Games,Software Creations
Hiarcs Master 1.0,1991,Mark Uniacke,Applied Computer Concepts
High Command: Europe 1939-45,1992,Colorado Computer Creations,Three-Sixty Pacific
High Stakes,1986,Angelsoft,Mindscape
Hillsfar,1989,Westwood Studios,Strategic Simulations
Hi-Octane,1995,Bullfrog Productions,Electronic Arts
"Hitchhiker's Guide to the Galaxy, The",1984,"Douglas Adams, Steve Meretzky",Infocom
Hockey League Simulator 2,1992,Bethesda Softworks,Bethesda Softworks
"Holy Grail, The",1984,Hayden Software,Hayden Software
Home Alone,1991,Manley & Associates,Capstone Software
Home Run Derby,1995,MVP Software,MVP Software
Hong Kong Mahjong,1991,Nine Dragons Software,
"Horde, The",1994,Toys for Bob,Crystal Dynamics
"Hound of Shadow, The",1989,Eldritch Games,Electronic Arts
Hovertank 3D,1991,id Software,Softdisk
Hoyle's Official Book of Games: Volume 2,1990,Sierra On-Line,Sierra On-Line
Hugo's House of Horrors,1990,Gray Design Associates,Gray Design Associates
The Humans,1992,Imagitec Design,GameTek
Humbug,1990,Graham Cluley,
H.U.R.L.,1995,Millennium Media Group,Deep River Publishing
Hyperspeed,1991,MicroProse,MicroProse
I-0 - Jailbait on Interstate Zero,1997,,
Icy Metal,1992,Bob Mandel,
"If It Moves, Shoot It!",1989,Brøderbund Software,Brøderbund Software
"I Have No Mouth, and I Must Scream",1995,The Dreamers Guild,Cyberdreams
Ikari Warriors II: Victory Road,1988,Quicksilver Software,Data East
Impact!,1988,Audiogenic Software,Audiogenic Software
Imperium Romanum,1996,Ego Software,"Funsoft, Rainbow Arts Software"
Inca II: Nations of Immortality,1993,Coktel Vision,Sierra On-Line
The Incredible Machine 2,1994,Sierra On-Line,Sierra On-Line
Indiana Jones and the Fate of Atlantis: The Action Game,1992,Attention to Detail,LucasArts
Indiana Jones in Revenge of the Ancients,1987,Angelsoft,Mindscape
IndyCar Racing II,1995,Papyrus Design,Sierra On-Line
Inferno,1994,Digital Image Design,Ocean Software
Infiltrator,1986,Chris Gray Enterprises,"U.S. Gold, Mindscape"
Inherit the Earth: Quest for the Orb,1994,The Dreamers Guild,New World Computing
Insanity,1989,Electronic Wizard,
Inside Trader - The Authentic Stock Trading Game,1987,"SoftServ, Inc.",Cosmi Corporation
International Karate,1989,System 3 Software,System 3 Software
International Sensible Soccer,1994,Sensible Software,Renegade Software
International Tennis,1993,Zeppelin Games,Zeppelin Games
Interpose,1996,Twilight Zone Software,Webfoot Technologies
Into the Void,1997,Adrenalin Entertainment,Playmates Interactive
Invasion of the Mutant Space Bats of Doom,1995,Pop Software,Pop Software
Iron Cross,1994,New World Computing,New World Computing
Iron Seed,1994,Channel 7,Softdisk
Ishar 3: The Seven Gates of Infinity,1994,Silmarils,Silmarils
"Island of Dr. Brain, The",1992,Sierra On-Line,Sierra On-Line
Isle of the Dead,1993,Rainmaker Software,Merit Software
Italian Football Manager,1993,Charl Gerber,
Jabato,1989,Aventuras AD,Aventuras AD
Jack Flash,1994,CAPS Softwaredesign ULM,NBG EDV Handels
Jack Nicklaus' Greatest 18 Holes of Major Championship Golf,1988,Sculptured Software,Accolade
Jagged Alliance,1994,Madlab Software,Sir-Tech
Jai Alai,1991,Opera Soft,Opera Soft
James Clavell's Shōgun,1989,Infocom,Infocom
Jane's ATF: Advanced Tactical Fighters,1996,Origin Systems,Electronic Arts
"Jason Jupiter, Star Cadet",1989,Neil A. Drage,
J.B. Harold Murder Club,1991,Riverhill Software,NEC
Jesus Matchup,1994,Godly Games,Godly Games
Jetfighter 2,1990,Velocity Development,Velocity Development
Jetfighter 3 Enhanced Campaign CD,1997,Mission Studios,Mission Studios
Jetpack,1993,Adept Software,Software Creations
"The Jetsons: By George, in Trouble Again",1990,Softie Inc.,Hi-Tech Expressions
Jewels of Darkness,1986,Level 9,Rainbird Software
Jimmy Connors Pro Tennis Tour,1990,Blue Byte,Ubisoft
Jinxter,1987,Magnetic Scrolls,Rainbird Software
Joe & Mac,1991,Elite Systems,Elite Systems/New World Computing
John Elway's Quarterback,1988,Leland Corporation,Melbourne House
John's Animated Computer Game,1991,Tom Guthery IV,Flix Productions
Jones in the Fast Lane,1991,Sierra Entertainment,Sierra Entertainment
Journey: The Quest Begins,1989,Infocom,Infocom
J. R. R. Tolkien's Riders of Rohan,1991,"Beam Software, Papyrus Design Group","Konami, Mirrorsoft"
J.R.R. Tolkien's War in Middle Earth,1988,Melbourne House,Melbourne House
Juggles' Butterfly,1983,The Learning Company,IBM
Jumpman Lives!,1983,Epyx,Epyx
The Jungle Book: A Story Painting Adventure,1995,Novotrade International,EA*Kids
Jurassic Park,1993,Ocean Software,Ocean Software
Kaeon,1992,Thomas Pytel,
Kampfgruppe,1985,Strategic Simulations,Strategic Simulations
Kasparov's Gambit,1993,Heuristic Software,Electronic Arts
Keeno Slot Machine,1992,Arno Clabaugh,
"Keys to Maramon, The",1991,Knight Tech,Mindcraft
Kick Off 2,1990,Dino Dini,Anco Software
Kick Off 97,1997,Dino Dini,Anco
Kid's Zoo: A Baby Animal Adventure,1993,Knowledge Adventure,Knowledge Adventure
Killing Cloud,1991,Image Works,Konami
King Arthur's K.O.R.T,1994,MVP Software,MVP Software
Kingdom O' Magic,1996,SCi,SCi
"King of Chicago, The",1987,"Doug Sharp, Cinemaware, Master Designer Software","Cinemaware, Mindscape"
King's Quest: Quest for the Crown,1984,Sierra On-Line,Sierra On-Line
King's Quest IV: The Perils of Rosella,1988,Sierra Entertainment,Sierra Entertainment
King's Quest VII: The Princeless Bride,1994,Sierra Entertainment,Sierra Entertainment
Kithe#14,1997,Mistigris,Mistigris
Klondike Solitaire,1984,Mouse Systems Corporation,Mouse Systems Corporation
Knight Orc,1987,Level 9,Rainbird Software
Knights of the Sky,1990,MicroProse,MicroProse
KOPS,1996,Unknown,Unknown
Kronolog: The Nazi Paradox,1993,Castleworks Gameware,Merit Software
Krypton Egg,1989,Kral Bros.,Hitsoft
L5RC,1998,Digital Amusements,
La Aventura Original,1989,La Aventura Original,La Aventura Original
La Corona Mágica,1990,OMK Software,OMK Software
Ladder Man I,1992,Soleau Software,Soleau Software
La Diosa de Cozumel,1990,Aventuras AD,Aventuras AD
LA Law: The Computer Game,1992,"Synergistic Software, Inc.",Capstone Software
"Land, Sea and Air!",1992,MicroProse,MicroProse
Lands of Lore: The Throne of Chaos,1993,Westwood Studios,Virgin Interactive
Laplace no Ma,1993,Group SNE,Group SNE
Larry Vales: Traffic Division,2000,,
Laser Light,1994,Pixel Painters,Pixel Painters
Last Action Hero,1993,Bits Studios,Sony Imagesoft
"Last Eichhof, The",1993,Alpha Helix,Alpha Helix
Last Half of Darkness II,1992,SoftLab Laboratories,SoftLab Laboratories
Last Ninja 2: Back with a Vengeance,1988,System 3,System 3
"Lawnmower Man, The",1993,SCi,THQ
Learn to Add,1987,Childware,Spinnaker Software
Le Fetiche Maya,1989,Silmarils,Silmarils
Legend,1992,Mindscape,Software Toolworks
"Legend of Kyrandia, The",1992,Westwood Studios,Westwood Studios
"Legend of Sword and Fairy, The",1995,Softstar Entertainment,Softstar Entertainment
Legends of Murder II: Grey Haven,1991,Softdisk,Softdisk
Leisure Suit Larry in the Land of the Lounge Lizards,1987,Sierra On-line,Sierra On-line
Leisure Suit Larry 5: Passionate Patti Does a Little Undercover Work,1991,Sierra Entertainment,Sierra Entertainment
Lemmings,1991,DMA Design,Psygnosis
"Lemmings Chronicles, The",1994,DMA Design,Psygnosis
Les Manley in: Search for the King,1990,Accolade,Accolade
Lew Leon,1997,Leryx-Longsoft,CD Projekt
Leyendas de Lhodrye: La Luz del Druida,1997,Island Dream - Games & Soft,Stratos Software
Liero,1999,Joosa Riekkinen,
Life in the Fast Lane,1989,,Softdisk
Lighthouse: The Dark Being,1996,Sierra On-Line,Sierra On-Line
LineWars II,1994,Patrick Aalto,Safari Software
Links Championship Course: Pelican Hill,1996,Access Software,Access Software
Links: Fantasy Course - Devils Island,1995,Access Software,Access Software
Linley's Dungeon Crawl,1997,Linley Henzell,Linley Henzell
"Lion King, The",1994,"Westwood Studios, Virgin Interactive, Dark Technologies","Virgin Interactive, Walt Disney Computer Software"
Little Big Adventure 2,1997,Adeline Software International,"Electronic Arts, Activision, Virgin Interactive"
"Livingstone, I Presume?",1986,Opera Soft,Opera Soft
Loader Larry,1992,Soleau Software,Soleau Software
Locomotion,1992,Prestige Software,Kingsoft
Lode Runner: The Legend Returns,1994,Presage,Sierra On-line
Lomax Boulders,1996,Lomax Software,OSP Enr.
Loom,1990,Lucasfilm Games,Lucasfilm Games
Lords of Conquest,1986,Eon Software,Electronic Arts
Lords of the Realm,1994,Impressions Games,Impressions Games
Los Justiciero,1996,Picmatic,Dinamic Multimedia
"Lost Adventures of Legend, The",1996,Legend Entertainment Company,Mindscape
Lost Dutchman's Gold,1982,,International PC Owners
"Lost Files of Sherlock Holmes, The: The Case of the Serrated Scalpel",1992,Mythos Software,Electronic Arts
"Lost Tribe, The",1995,Lawrence Productions,Kidsoft LLC
Love's Fiery Imbroglio,1988,Pinnacle Software,Pinnacle Software
Luigi en Circusland,1994,Topo Soft,Topo Soft
Lunar Explorer: A Space Flight Simulator,1986,EduWare,Electric Transit
"Lurking Horror, The",1987,Infocom,Infocom
Macadam Bumper,1987,ERE Informatique,ERE Informatique
Machiavelli the Prince,1995,Holistic Design,MicroProse
Mad Dog II: The Lost Gold,1994,American Laser Games,American Laser Games
Mad News,1994,Ikarion Software,Ikarion Software
Mad TV,1991,Rainbow Arts Software,Rainbow Arts Software
MAG,1988,Unknown,Unknown
"Magic Candle, The",1989,Mindcraft Software,Mindcraft Software
Magic Carpet,1994,Bullfrog Productions,Electronic Arts
Magic Crayon,1996,Alive Software,Alive Software
Magiduck,2015,Toni Svenstrîm,
Magocracy,2004,Unknown,Unknown
Major Stryker,1993,Apogee Software,Apogee Software
Malta Storm,1989,Simulations Canada,Simulations Canada
Manchester United Europe,1991,Krisalis Software,Krisalis Software
"Manhole, The",1991,Cyan Worlds,"Brøderbund, Activision"
Manhunter 2: San Francisco,1989,Evryware,Sierra Entertainment
Manic Karts,1995,Manic Media Productions,Virgin Interactive Entertainment
Marble Madness,1986,"W.Harvey, J.Nitchals",Electronic Arts
Marine Fighters,1995,Electronic Arts,Electronic Arts
Mario's Early Years: Fun With Numbers,1993,Software Toolworks,Software Toolworks
Mario Teaches Typing,1991,Interplay Entertainment,Interplay Entertainment
Martian Memorandum,1991,Access Software,Access Software
Master Levels for Doom II,1995,id Software,GT Interactive Software
Master of Magic,1994,Simtex,Microprose
Masterblazer,1990,Rainbow Arts,LucasArts
Math Blaster 2 (Matteraketen: Den försvunna staden),1994,Levande Böcker i Norden AB,Davidson & Associates
Math Rabbit Classic,1993,The Learning Company,The Learning Company
Matterhorn Screamer,1988,Disney,Hi-Tech Expressions
M.A.X.: Mechanized Assault and Exploration,1996,Interplay Entertainment,Interplay Entertainment
Maze Mission Adventure Game,1991,Soleau Software,Soleau Software
M.C. Kids,1992,Arc Developments,Virgin Games
Mean Streets,1989,Access Software,Access Software
MechWarrior 2: 31st Century Combat,1995,Activision,Activision
Medieval Lords: Soldier Kings of Europe,1991,Strategic Simulations,Strategic Simulations
Mega lo Mania,1991,Virgin Interactive,Sensible Software
Mega Man X,1995,Rozner Labs,Capcom
MegaRace 2,1996,Cryo Interactive,Mindscape
MegaTraveller 2: Quest for the Ancients,1991,Paragon Software,Paragon Software
Menace of Dr. Spoil Sport,1992,David Leithauser,Incentive Software
Merchant Prince,1993,Quantum Quality Productions,Several Dudes Holistic Gaming
Metal Gear,1990,Banana Development Corporation,Ultra Software Corporation
Metaltech: Battledrome,1995,Dynamix,Sierra On-Line
Meteors,1989,Apogee Software,Softdisk
Mice Men,1995,Soleau Software,Soleau Software
Mickey's Crossword Puzzle Maker,1991,Legacy Software,Disney
MicroLeague Baseball,1984,MicroLeague,MicroLeague
MicroLink Push Your Luck,1990,Unknown,Unknown
Micro Machines,1994,Codemasters,Codemasters
Microsoft Adventure,1981,Microsoft,IBM
Microsoft Flight Simulator 2.0,1984,subLOGIC,Microsoft
Microsoft Flight Simulator Aircraft & Scenery Designer,1990,Bruce Artwick Organization,Microsoft
Micro's Dilemma,,Adrian B. Danieli,Acumen Software
Midway Campaign,1983,Microcomputer Games,Avalon Hill
MiG-29: Deadly Adversary of Falcon 3.0,1993,Spectrum Holobyte,Spectrum Holobyte
Might and Magic II: Gates to Another World,1988,New World Computing,New World Computing
Might and Magic V: Darkside of Xeen,1993,New World Computing,New World Computing
Might and Magic Sixpack,1998,New World Computing,Ubisoft
Mille Bornes,1989,Unknown,Unknown
Mimi & The Mites,1995,The Unobstructed Reason Corporation,
Mindcube,1990,Soleau Software,Soleau Software
Mindshadow,1984,Interplay Entertainment,Activision
Miner 2049er,1983,Big Five Software,Micro Fun
Missile Command 386,1992,Feynman Software,Feynman Software
Mission: Impossible 2,1988,Novotrade,Epyx
Mister Mind,1990,Lance Micklus,
Mixed-Up Mother Goose (Enhanced CD-ROM Version),1996,Sierra On-Line,Sierra On-Line
Moebius: The Orb of Celestial Harmony,1985,Origin Systems,Brøderbund
Money Bags: Beat the Gnome of Zürich,1988,Cosmi Corporation,Cosmi Corporation
Monopoly,1985,Don Phillip Gibson,Unknown
Monster Math,1983,IBM,IBM
Monty Python's Flying Circus,1990,Core Design,Virgin Games
Moonmist,1986,Infocom,Infocom
Moonwalker,1989,Emerald Software,U.S. Gold
Moraff's Dungeons of the Unforgiven,1993,Moraffware,Moraffware
Moraff's Revenge,1988,Moraffware,Moraffware
Morkin 2,1992,Conan Software,Conan Software
Mortal Kombat,1993,Sumac,Acclaim Entertainment
Mortal Kombat Trilogy,1997,"Point of View, Inc.",Midway Games & GT Interactive
Moses: Old Testament Adventure#1,1987,Three Rivers Software,First Row Software Publishing
Motocross,1989,Dynamix,Gamestar
Mousewar,1989,Mike Widener,
MTV's Club Dead,1994,Viacom New Media,Viacom New Media
"Multi-Dimensional Thief, The",1991,Joel Finch,
Muppet Adventure: Chaos at the Carnival,1989,Micromosaics,Hi-Tech Expressions
Murders in Venice,1990,Cobra Soft,Infogrames
Murder Makes Strange Deadfellows,1991,"Tiger Media, Inc.","Tiger Media, Inc."
Muzzle Velocity,1996,Code Fusion,Digi4fun
Mystery Master: Felony!,1984,"BrainBank, Inc.",Thunder Mountain
Mystic Towers,1994,Animation F/X,"Manaccom, Apogee Software"
Mz. Pacman,19xx,Larry Smith,
Narco Police,1989,Iron Byte,Dinamic Software
NASCAR Track Pack,1995,Papyrus Design Group,"Virgin Interactive, Sierra On-Line"
Naval Warfare,1992,George D. Deluca,
Navy Seals,1990,Ocean Software,Ocean Software
NBA Live 95,1994,Hitmen Productions,Electronic Arts
NCAA Basketball: Road to the Final Four,1991,"Mirage Graphics, Bethesda Softworks",Bethesda Softworks
Need for Speed,1994,"EA Canada, Pioneer Productions",Electronic Arts
NeoHunter,1996,Ronin Entertainment,Virgin Interactive
NetHack,1987,Unknown,Unknown
NetMech,1996,Activision,Activision
Network Q RAC Rally Championship,1996,Magnetic Fields,Europress
The NeverEnding Story II: The Next Chapter,1991,Linel,Merit Studios
NFL Challenge,1985,XOR Corporation,XOR Corporation
NFL Quarterback Club 96,1995,Iguana Entertainment,Acclaim Entertainment
NHL 96,1995,"EA Canada, Pioneer Productions",EA Sports
Nick Faldo's Championship Golf,1993,Arc Developments,Grandslam Entertainment
Night Hawk: F-117A Stealth Fighter 2.0,1991,Microprose,Microprose
Night Raid,1992,Software Creations,Software Creations
Night Trap,1994,Digital Pictures,Digital Pictures
Ninja,1986,Sculptured Software,Mastertronic
Ninja Rabbits,1991,MicroValue,MicroValue
Nobunaga's Ambition,1988,KOEI,KOEI
Noctropolis,1994,Flashpoint Productions,Electronic Arts
No Greater Glory,1991,Space Time Simulations,Strategic Simulations
Normality,1996,Gremlin Interactive,Interplay Productions
Nova 9: The Return of Gir Draxon,1991,Dynamix,Sierra On-Line
Novatron,1982,VeriSoft Works,Unknown
Nuke It 1000,1996,CrystalVision Brand Software,Micro Star
Number Munchers Tribute,1988,Unknown,Unknown
Nyet 3: The Revenge of the Mutant Stones,1993,Proline Software,Pearl America
Obliterator,1988,Psygnosis,Psygnosis
Ocean Trader,1995,Software 2000,Software 2000
Oil Barons,1983,Epyx,Epyx
Oilwell,1985,MTK Software,MTK Software
Oliver & Company,1989,Coktel Vision,Coktel Vision
Omega,1989,Origin Systems,Origin Systems
Once and Future,1998,Cascade Mountain Publishing,Cascade Mountain Publishing
One on One: Dr. J vs. Larry Bird,1983,Eric Hammond,Electronic Arts
One Unit Whole Blood,1998,Monolith Productions,Atari
On the Ball: World Cup Edition,1993,Ascon,Ascon
OpenTTD,2004,OpenTTD Team,OpenTTD Team
Operation: Cleanstreets,1988,Silmarils,Brøderbund
"Operation Market Garden: Drive on Arnhem, September 1944",1985,Strategic Simulations,Strategic Simulations
Operation Wolf,1988,Banana Development Corporation,Taito
"Oregon Trail: Classic Edition, The",1990,MECC,MECC
Oscar,1994,Flair Software,Flair Software
Outer Ridge,1995,GraphicWares,Wizard Software
Out Run,1989,Unlimited Software,Sega
Overlord,1994,Rowan Software,Virgin Interactive
P-38 Lightning Tour of Duty,1991,Lucasfilm Games,LucasArts
Pacific Islands,1992,Oxford Digital Enterprises,Empire Interactive
"Pack Rat, The",1992,Steve Blanding,
Packman,1985,G.E. Leikam,
Paladin,1988,Omnitrend Software,Omnitrend Software
Pallanda,1990,Christopher G. Gunn,
Pang,1990,Mithcell Corporation,Ocean Software
Panza Kick Boxing,1990,Futura,Loriciels
Paparazzi!: Tales of Tinseltown,1995,Museworthy,Activision
Papu's Odyssey,1993,Softdisk,Softdisk
Paratrooper,1982,Greg Kuperberg,Orion Software
Passengers on the Wind,1989,Infogrames,Infogrames
Patton Strikes Back: The Battle of the Bulge,1991,Chris Crawford Games,Broderbund
PC-Darts,1987,,
PC Fútbol 4.0,1995,Dinamic Multimedia,Dinamic Multimedia
PC-Gammon IV,1991,Repstad Computer Consultants,
PC-Man,1982,Orion Software,Orion Software
Pea Shootin' Pete,1994,Pack Media Company,MindStorm
Perestroika,1989,LocIS,LocIS
Personal Nightmare,1989,Horror Soft,"Box Office, Inc."
Pete Sampras Tennis 97,1997,Codemasters,Codemasters
PGA Tour Golf 486,1994,Hitmen Productions,Electronic Arts
Phantasie,1985,Strategic Simulations,Strategic Simulations
Phantasmagoria,1995,"Sierra On-Line, Kronos Digital",Sierra On-Line
Pharaoh's Revenge,1988,Manley & Associates,Publishing International
Phobias,1992,Adrian B. Danieli,Acumen Software
Pick up the phone booth and die,1996,Rob Noyes,
Pilgrim Quest,1991,Decision Development,Decision Development
Pinball Dreams,1993,21st Century Entertainment,Digital Illusions
Pinball Fantasies Deluxe,1994,Digital Illusions,21st Century Entertainment
Pinball Madness 4,2002,21st Century Entertaient,"Encore, Inc."
Ping & Kookys Cuckoo Zoo,1993,EA*Kids,EA*Kids
Piranha,1996,D-Designs,Expert Software
Pitfall II: Lost Caverns,1984,Activision,Activision
Pixel Puzzle Maker,1989,Softdisk,Softdisk
Plan 9 From Outer Space,1992,Gremlin Graphics,Gremlin Graphics
Planet Soccer,1994,Condor Software,Infogrames
Player Manager 2,1995,Anco Software,Anco Software
"Playroom, The",1989,Broderbund,Broderbund
Plundered Hearts,1987,Infocom,Infocom
Pole Position,1983,Atari,Atarisoft
Police Quest: In Pursuit of the Death Angel,"1987, 1992",Sierra On-Line,Sierra On-Line
Police Quest 4: Open Season,1993,Sierra On-Line,Sierra On-Line
Pool of Radiance,1988,Strategic Simulations,Strategic Simulations
Populous,1989,Bullfrog Productions,Electronic Arts
Pork I: The Great Underground Sewer System,1988,David Malmberg,Softworks
Positronic Bridge,1994,Positronic Software,ReadySoft
Power Drift,1990,Activision,Activision
PowerHits: BattleTech,1992,Activision,Activision
PowerHits Sports,1992,Activision,Activision
Pray for Death,1996,Light Shock Software,Virgin Interactive
Pref Club,1991,IBS,IBS
Premier Manager,1992,Realms of Fantasy,Gremlin Interactive
Premier Manager 3 De-Luxe,1995,Realms of Fantasy,Gremlin Interactive
President Elect: 1988 Edition,1987,Strategic Simulations,Strategic Simulations
Presumed Guilty,1989,Cosmi Corporation,Cosmi Corporation
Prince of Evil,1993,Softstar Entertainment,Softstar Entertainment
Princess Maker,1993,Gainax,Gainax
Prisoner of Ice,1995,Chaosium,Infogrames
P-Robots,1988,David R. Malmberg,Softworks
Project Paradise,1997,Soft Enterprises,Ikarion Software
Prophecy 1: The Viking Child,1991,Imagitec Design,Imagitec Design
Prophecy: The Fall of Trinadon,1989,Activision,Activision
Protostar: War on the Frontier,1993,Tsunami Media,Tsunami Media
Prowler,1987,Icon Design Ltd.,Mastertronic
Psychic Detective,1995,Colossal Pictures,Electronic Arts
Psycho Pinball,1994,Codemasters,Codemasters
P.T.O.: Pacific Theater of Operations,1993,Koei,Koei
"Punisher, The",1990,Paragon Software,MicroProse
Push Your Luck,1990,Bob Lancaster,MicroLink
Putt-Putt Goes to the Moon,1993,Humongous Entertainment,Humongous Entertainment
Puzznic,1990,Banana Development Corporation,Taito
Pyramid Solitaire,1991,Softdisk,Softdisk
Pyrotechnica,1995,Psygnosis,Psygnosis
Qix,1989,Alien Technology Group,Taito
Quadrel,1991,Loriciels,Loriciels
Quarantine II: Road Warrior,1995,GameTek,Mindscape
"Queen of Hearts Maze Game, The",1982,TexaSoft,TexaSoft
Quest for Glory I: So You Want To Be A Hero,"1989, 1992",Sierra On-Line,Sierra On-Line
Quest for Glory IV: Shadows of Darkness,1993,Sierra On-Line,Sierra On-Line
"Quest of Kwirk's Castle, The",1991,JME Engineering,JME Engineering
Questprobe featuring The Human Torch and The Thing,1985,Adventure International,Load'N'Go Software
Quiltex,1992,Steve Herring,Herringbone Software
Race Drivin',1992,Walking Circles,Domark
Racter,1984,Inrac Corporation,Mindscape
Radix: Beyond the Void,1995,Union Logic,Epic MegaGames
Raiden,1990,Seibu Kaihatsu,Acer
Rally Cross Challenge,1989,Ultra Graphix,Anco Software
Rambo: First Blood Part II,1985,Angelsoft,Mindscape
Rampart,1990,Bitsmasters,Electronic Arts
Ranx,1990,Ubisoft,Ubisoft
Rastan,1987,Novalogic,Taito
Ravenloft: Strahd's Possession,1994,DreamForge Intertainment,Strategic Simulations
Reach for the Stars,1983,Strategic Studies Group,Strategic Studies Group
Reader Rabbit 2,1993,The Learning Company,The Learning Company
Realms,1991,Graftgold,Virgin Interactive
Realms of Arkania: Shadows over Riva,1997,Attic Entertainment Software,Sir-Tech/U.S. Gold
Reaping the Dungeon (a.k.a. Dungeon Rogue),1993,Ron Heuse,Frontline Software
Red Babe,1994,The DaRK CaVErN Productions,The DaRK CaVErN Productions
Redhook's Revenge,1993,ImagiSoft,ImagiSoft
Redneck Rampage Rides Again: Arkansas,1998,Xatrix Entertainment,Interplay Entertainment
Re-Loaded,1996,Gremlin Interactive,Interplay Entertainment
Renegade Legion: Interceptor,1990,Strategic Simulations,Strategic Simulations
Rescue at Rigel,1983,Epyx,Epyx
Retribution,1994,Astros Productions,Gremlin Interactive
Return to Kroz,1990,Scott Miller,Apogee Software
Reunion,1994,Amnesty Design,Merit Studios
Reversi,1985,Microsoft,Microsoft
Rex Blade: The Apocalypse,1996,Xtreme Games,Simon & Schuster Interactive
Rick Dangerous,1989,Core Design,Rainbird Software
RimShot,1992,Davod Dethlefs,Unknown
Ringworld: Revenge of the Patriarch,1992,Tsunami Media,Tsunami Media
Rise 2: Resurrection,1996,Mirage Software,Acclaim Entertainment
Rise of the Robots: The Director's Cut,1994,Mirage Software,Mirage Software
Risky Woods,1992,Dinamic Multimedia,Electronic Arts
Road Hog!,1995,Teacy Entertainment,Ticsoft
Roadwar Europa,1987,Strategic Simulations,Strategic Simulations
Robocop 3,1993,Digital Image Design,Ocean Software
RoboMaze II: The Lobby,1991,Wetware,MVP Software
Robomaze III: The Dome,1991,Wetware,MVP Software
Robot,1990,,Lindholt Elektronikk & Data
Robot Tank,1988,Donald Laabs,
Rocket Chase,1997,Mikko Haanperä,
Rocket Ranger,1989,Cinemaware,Cinemaware
Rock 'n Roll,1989,Rainbow Arts,Rainbow Arts
Rodge Rock In Retroactive,1995,Rodge Rock Software,
Rollerblade Racer,1993,Tahoe Software Productions,Hi-Tech Expressions
Rollo And The Brush Bros,1983,Windmill Software,Windmill Software
Romance of the Three Kingdoms III: Dragon of Destiny,1992,Koei,Koei
Romantic Encounters at the Dome,1988,MicroIllusions,MicroIllusions
Roo & Robby,1992,Schoolworks,Forware Systems
Rotox,1991,Creative Materials,U.S. Gold
Rugby World Cup 95,1995,Creative Assembly,Electronic Arts
Rush'n Attack,1985,Banana Development Corporation,Konami
Saboteur II,1987,Durell Software,Keypunch Software
Safari Guns,1989,New-Deal Productions S.A.,Infogrames
Same or Different,1989,Softdisk,Softdisk
Sand Warriors,1997-05,Astros Productions,Interplay Entertainment
Santa Fe Mysteries: The Elk Moon Murder,1996,Activision,Activision
Sarakon,1991,Starbyte Software,Virgin Mastertronic
Sargon V: World Class Chess,1991,Activision,Activision
Savage,1989,Probe Software,Microplay Software
Scaryfish,1993,A. Rovainen,A. Rovainen
Scenery Collection: Set B,1990,subLOGIC,subLOGIC
Scorched Earth,1991,Wendell Hicken,
"Scottish Open: Virtual Golf, The",1995,Core Design,Core Design
Scrabble: The Deluxe Computer Edition,1990,Virgin Interactive,Virgin Interactive
Screamer Rally,1997,Milestone srl,Virgin Interactive
Scubaman's Quest,1994,Alive Software,Alive Software
Sea Dragon,1983,Adventure International,Adventure International
Search & Destroy,1995,,U.S. Gold
Sergeant Duffy and the Kidnapped Scientist,1993,Jeremy Thielen,
Seawolf,1982,International PC Owners,International PC Owners
Secret Codes of C.Y.P.H.E.R.: Operation Wildlife,1991,Tanager Software Productions,Tanager Software Productions
Secret of the Silver Blades,1990,Strategic Simulations,Strategic Simulations
Sensible Golf,1994,Sensible Software,Virgin Interactive Entertainment
Sensible World of Soccer,1994,Sensible Software,Renegade Software
Sensible World of Soccer 96-97,1996,Sensible Software,Renegade Software
"Sentinel, The",1989,Geoff Crammond,Firebird Software
Serpentine,1982,Broderbund,Broderbund
"Settlers II: Veni, Vidi, Vici",1996,Blue Byte,Blue Byte
Seven Cities of Gold Commemorative Edition,1993,Interactive Designs,Electronic Arts
Seymour Goes to Hollywood,,Big Red Software,Codemasters
Shadowcaster,1993,Raven Software,Origin Systems
Shadowlands,1992,Teque London,Domark
Shadoworlds,1993,Teque London,Krisalis Software
"Shadows of Mordor, The",1988,Beam Software,Addison-Wesley Publishing Company
Shakii the Wolf,1996,Family Production,Microforum International
Shanghai II: Dragon's Eye,1990,Activision,Activision
Shark,1986,Errol Williams,
Sherlock: The Riddle of the Crown Jewels,1987,Challenge Inc.,Infocom
Sherlock Holmes: Consulting Detective Vol. II,1992,ICOM Simulations,ICOM Simulations
Sherman M4,1989,Loriciels,Loriciels
Shogun,,,
Shufflepuck Cafe,1989,Domark,"Ubisoft, Broderbund"
Sid Meier's Civilization,1991,MPS Labs,MicroProse
Sid Meier's Covert Action,1990,MicroProse,MicroProse
Sidewinder,1988,Synergistic Software,Arcadia Systems
Sign of the Sun,1997,International Computer Entertainment,Project Two Interactive
Silent Hunter Patrol Disk#2,1997,"Aeon Electronic Entertainment, Strategic Simulations",Strategic Simulations
Silent Service II,1990,MicroProse,MicroProse
Silverball,1993,"Digital Extremes, Epic MegaGames",MicroLeague
SimCity,1989,Maxis,Broderbund
SimCity Graphics Set 2: Future Cities,1991,Maxis,Maxis
SimCity 2000 Urban Renewal Kit,1994,Maxis,Maxis
SimHealth,1994,Thinking Tools,Maxis
Simon the Sorcerer,1993,Adventure Soft,Adventure Soft
Simpsons: Bart's House of Weirdness,1992,Distinctive Software,Konami
Simulador Profesional de Tenis,1990,Alucine Soft,Dinamic Software
"Sir AddaLot's ""Mini"" Math Adventure",1993,"Landmark Solutions, Inc.","Landmark Solutions, Inc."
Skate or Die,1988,Electronic Arts,Electronic Arts
Skull & Crossbones,1991,Domark,Domark
Skunny: In The Wild West,1993,Copysoft,Copysoft
Skunny's Desert Raid,1993,Copysoft,Copysoft
Skyfox II: The Cygnus Conflict,1987,Dynamix,Electronic Arts
SkyRoads Xmas Special,1993,Bluemoon,Creative Dimensions
Slam City with Scottie Pippen,1995,Digital Pictures,Digital Pictures
Sleeping Gods Lie,1989,Empire Interactive,Empire Interactive
Slicks 'n' Slide,1993,T&J Kauppinen,
Slots,1992,Howard C. Pierce,Pierce Consulting
Snack Attack II,1982,Funtastic,Funtastic
Snapperazzi,1993,Alternative Software,Gremlin Graphics
Snood,1999,David M. Dobson,Snood World
Snoopy's Game Club,1992,"Accolade, Inc.","Accolade, Inc."
Soccer Kid,1994,Krisalis Software,General Admission Software
Softporn Adventure,1991,Chuck Benton,On-Line Systems
Soko-Sex,1994,True Emotions Software,True Emotions Software
Solitaire Royale,1987,Software Resources International,Spectrum Holobyte
Solomon's Key,1988,Tecmo,U.S. Gold
Sons of Liberty,1987,Strategic Simulations,Strategic Simulations
Sopwith: The Author's Edition,2000,David L. Clark,BMB Compuscience
Sorcerer of Claymorgue Castle,1993,Keypunch Software,Keypunch Software
"Sound, Graphics & Aircraft Upgrade for Microsoft Flight Simulator",1991,Bruce Artwick,Mallard Software
Space Ace II: Borf's Revenge,1991,ReadySoft,ReadySoft
Space Commanders,1983,Columbia Data Products,Columbia Data Products
Space Crusade,1995,Gremlin Interactive,Gremlin Interactive
Space Harrier,1989,AM R&D Dept.#2,SEGA Enterprises
Space Legends,1993,,Empire Software
Space Quest I: The Sarien Encounter,1991,Sierra On-Line,Sierra On-Line
Space Quest IV: Roger Wilco and the Time Rippers,1991,Sierra On-Line,Sierra On-Line
Space Racer,1988,Loricels,Broderbund
Space Strike,1982,Michael Abrash,Datamost
Special Edition Pinball Dreams: Pinball Fantasies,1994,Digital Illusions CE AB,21st Century Entertainment
Spectre VR,1993,Velocity Development,Velocity Development
Speedball 2: Brutal Deluxe,1990,Bitmap Brothers,Image Works
SpeedRage,1996,Hexerei Games,Telstar Electronic Studios
Spellbreaker,1985,Infocom,Infocom
Spellcasting 301: Spring Break,1992,Legend Entertainment,Legend Entertainment
Spellcross,1998,Cauldron Ltd.,JRC Interactive
Spiderbot,1988,Addictive Games,Epyx
Spinwall,1989,Christopher Gunne,
Spiritual Warfare,1993,Wisdom Tree,Wisdom Tree
Spitfire Ace,1984,MicroProse,MicroProse
Sport of Kings,1989,DesignStar Consultants,SportTime
SpurguX,1987,Petri Niska,Self-published
Spy Hunter,1984,Bally Midway,Bally Midway
"Spy Who Loved Me, The",1990,The Kremlin,Domark
SSN-21 Seawolf,1994,John W. Ratcliff,Electronic Arts
Starball[disambiguation needed],1996,Volume 11 Software,GameTek
Star Breaker,1989,Frames,ARC
Star Command: Revolution,1990,Toys for Bob,Accolade
Star Control 3,1996,Legend Entertainment,Accolade
Stardust,1995,Bloodhouse,Bloodhouse
Star Fleet II: Krellan Commander,1989,Interstel Corporation,Interstel Corporation
Stargate,1983,Atari,Atarisoft
Starglider 2,1988,Argonaut Software,Argonaut Software
Star Legions,1992,Supernova Creations,Mindcraft
StarMines II - The Planet of Mines,1992,Jari Karjala,Jari Karjala
Star Reach,1994-12-22,Interplay Entertainment,Interplay Entertainment
Star Trek: 25th Anniversary,1992,Interplay Entertainment,Interplay Entertainment
Star Trek: Judgment Rites,1993,Interplay Entertainment,Interplay Entertainment
Star Trek: The Next Generation - The Transinium Challenge,1989,TRANS Fiction Systems,Simon & Schuster Interactive
Star Trek: The Rebel Universe,1988,Simon & Schuster Interactive,Simon & Schuster Interactive
Star Wars Chess,1993,Software Toolworks,Software Toolworks
Star Wars: Rebel Assault II - The Hidden Empire,1995,LucasArts,LucasArts
Star Wars: TIE Fighter - Defender of the Empire,1994,LucasArts,Softgold
Star Wars: X-Wing - Imperial Pursuit,1993,LucasArts,LucasArts
Stationfall,1987,Infocom,Infocom
Steel Panthers II: Modern Battles,1996,Strategic Simulations,Mindscape
Steel Thunder,1989,NovaLogic,Accolade
Stellar 7,1990,Dynamix,Dynamix
Stellar Defense II,1993,Locatha Industries,Shareable Software
Superstar Baseball,1993,James P. Orazi,
Stocks And Bonds,,,
Stone Mist,1992,Bit Brother Software,
Stormlord,1989,RazorSoft,Hewson Consultants
Strategy,1991,Henrik Hoexbroe,
Street Cat,1988,Rainbow Arts Software,Rainbow Arts Software
Street Racer,1997,Vivid Image,Ubisoft
Street Sports Baseball,1987,Epyx,Epyx
"Strength of Nations, The",1988,Israel del Rio,
Strike Aces,1990,Vektor Grafix,Accolade
Strike Fleet,1987,LucasArts,Electronic Arts
Striker '96,1996,Rage Software,Acclaim Entertainment
Strip Poker II,1988,Artworx Software,Artworx Software
Strip Poker Professional rev. B,1995,Artworx Software,Artworx Software
S.T.U.N. Runner,1990,Domark,Domark
Stunt Jumper,1991,Scott Elder,
Styx,1983,Windmill Software,Windmill Software
Sub Battle Simulator,1987,Digital Illusions,Epyx
Submarine Fury,,,
Suburban Commando,,,
Summer Challenge,1993,MindSpan,Accolade
Supaplex,1991,Think!Ware Development,Digital Integration
Super Boulder Dash,1986,First Star Software,Electronic Arts
Super Cauldron,1992,Titus Software,Titus Software
Superfrog,1993,Team17,Team17
Superhero League of Hoboken,1994,Legend Entertainment,Legend Entertainment
SuperKarts,1995,Manic Media,Virgin Interactive
Super 3D Noah's Ark,1994,Wisdom Tree,Wisdom Tree
Super Pac-Man,1988,Namco,Beam Software
Super Solvers: Midnight Rescue!,1989,The Learning Company,The Learning Company
Superstar Ice Hockey,1987,DesignStar Consultants,Mindscape
Super Sumo Wrestling 2002,2002-01-16,Typosoft,
Super-VGA Harrier,1993,Simis,Domark
Super ZZT,1992,Epic MegaGames,Epic MegaGames
Suspect,1984,Infocom,Infocom
SWIV 3D,1996,SCi,SCi
Sword of the Samurai,1989,MicroProse,MicroProse
Swords of Xeen,1995,Catware,New World Computing
Syndicate Plus,1994,Bullfrog Productions,Bullfrog Productions
System Shock,1994-09-23,Looking Glass Studios,"Origin Systems, Electronic Arts"
Tactical Operations II: Beyond Destruction,1996,MIND MultiMedia,Kattmann Publishing
Taito's Super Space Invaders,1991,The Kremlin,Domark
Talisman: Challenging the Sands of Time,1987,Polarware,Polarware
Tank2,2000,AS-Freegames,AS-Freegames
Tantamjarik,1989,Colin Saunders,
Task Force 1942,1992,MicroProse,MicroProse
Tau Ceti II: Academy,1988,CRL Group PLC,CRL Group PLC
Tear Down The Wall,1990,Langin Software,Langin Software
Teenage Mutant Ninja Turtles,1989,Distinctive Software,Ultra Software Corporation
Teenage Queen,1988,"ERE Informatique, Exxos",Infogrames
Tempest 2000,1994,"Atari Corporation, Llamasoft",Atari Corporation
Temple of Kroz,1990,Scott Miller,Apogee Software
Terep 2,,,
Terminator 2029,1992,Bethesda Softworks,Bethesda Softworks
Terminator 2: Judgment Day - Chess Wars,1993,Capstone Software,IntraCorp
Terminator: Future Shock,1995,Bethesda Softworks,Bethesda Softworks
Terroid,1996,Digital Nightmares,Lomax Software
Tesserae,1993,Eurocom Entertainment Software,GameTek
Test Drive III: The Passion,1990,Accolade,Accolade
Tetripz,1998,Mute Fantasies,Mute Fantasies
Tetris Classic,1992,Spectrum Holobyte,Spectrum Holobyte
TFX,1993,Digital Image Design,Ocean Software
Theatre of War,1992,Artech,Three-Sixty Pacific
Theme Hospital,1997,Bullfrog Productions,Electronic Arts
Thexder,1987,Game Arts,Sierra Entertainment
"Third Courier, The",1989,"Manley & Associates, Synergistic Software","Accolade, Inc."
Thomas the Tank Engine & Friends,1993,Software Creations (UK),THQ
Threat,1995,Fragment,The Game Factory
ThunderBlade,1989,SEGA,U.S. Gold
Thunder in Paradise Interactive,1995,"Mass Media, Inc.",Philips Interactive Media
Tie Break,1991,Starbyte Software,DigiTek Software
Time Bandit,1988,MicroDeal,MichTron Corp.
Time Paradox,1996,Flair Software,Flair Software
Times of Lore,1988,Origin Systems,Origin Systems
Tintin in Tibet,1996,Infogrames,Infogrames
Titan,1988,Titus Software,Titus Software
T.K.O.,1989,Accolade,Accolade
Tomahawk,1987,Digital Integration,Datasoft
"Tomb, The",1992,Nexus Software,Nexus Software
Tommy's Gin Rummy,1987,Tommy's Toys,Microsoft Corporation
Tommy's Space Panels,1987,Tommy's Toys,Microsoft Corporation
Tommy's Trifles,1987,Tommy's Toys,Microsoft Corporation
Tongue of the Fatman,1989,"Brian A. Rice, Inc.",Activision
Tony La Russa's Ultimate Baseball,1991,Stormfront Studios,Strategic Simulations
Toonstruck,1996,Burst Studios,Virgin Interactive
Top Gun: Fire At Will,1996,Spectrum Holobyte,MicroProse
Tornado,1993,Digital Integration,Spectrum Holobyte
Total Eclipse,1988,Major Developments,Domark
Tough Guy,1994,Panda Entertainment Technology,Panda Entertainment Technology
Town With No Name,1993,Delta 4 Interactive,Prism Leisure Corporation
"Tracer Sanction, The",1984,Interplay Productions,Activision
Tracon: Air Traffic Control Simulator,1989,Wesson International,Wesson International
Trade Wars 2002,1990,"Epic Interactive Strategy, Martech Software","Epic Interactive Strategy, Martech Software"
The Train: Escape to Normandy,1988,Artech,Accolade
Transport Tycoon Deluxe,1996,MicroProse,MicroProse
TRAZ,1989,Cascade,Cascade
Treasure MathStorm!,1992,The Learning Company,The Learning Company
Treasures of the Savage Frontier,1992,Stormfront Studios,Strategic Simulations
Trial by Magic,1995,Silver Lightning Software,Merit Studios
Trinity,1986,Infocom,Infocom
Trivial Pursuit,1987,Oxford Digital Enterprises,Domark
Troddlers,1993,Atod,"The Sales Curve, Seika"
Trojan,1986,Pacific Dataworks International,Capcom
Tube,1995,Bullfrog Productions,Bullfrog Productions
Tunnel B1,1996,NEON Software,Ocean Software
Tunnels of Armageddon,1989,Logical Design Works,California Dreams
Turbo Outrun,1990,Sega,Sega
TV and Cinema 101: Trivia from Talkies to Trekkies,1984,Digital Learning Systems,IBM
TV Sports: Football,1989,Cinemaware,Cinemaware
"Twilight Zone, The",1988,Gigabit Systems,First Row Software
Typhoon of Steel,1991,Strategic Simulations,Strategic Simulations
T-Zero,1991,Dennis Cunningham,
Ugh!,1992,Egosoft,Play Byte
Ultima III: Exodus,1983,Richard Garriott,Origin Systems
Ultima Underworld II: Labyrinth of Worlds,1993,Looking Glass Technologies,Origin Systems
Ultimate Baccarat,1991,Accidental Software,
Ultimate Domain,1992,Microïds,Software Toolworks
Ultimate Gin,1995,Accidental Software,
Ultimate Soccer Manager,,,
"Ultimate Wizardry Archives, The",,,
Ultra Flight Pack,2000,,
UMS: The Universal Military Simulator,1987,Rainbird Software,Rainbird Software
Uncover It,1994,NSG (video game developer),Mirage Software
Ungaria,1991,Oscar Daudt Neto,
Universe,1994,Core Design,Core Design
Unnecessary Roughness '95,1994,Accolade,Accolade
Unreal,1990,Ordilogic Systems,Ubi Soft
Urban Runner,1996,Coktel Vision,Sierra On-Line
US History: Western Settlement to Modern Day,1988,,AEC Software
USS Ticonderoga: Life and Death on the High Seas,1995,Intelligent Games,Mindscape
V for Victory: D-Day Utah Beach,1991,Atomic Games,Three-Sixty Pacific
V for Victory: Velikiye Luki,1992,Atomic Games,Three-Sixty Pacific
Vampire's Castle Adventure,1988,Kevin Bales,Kevin Bales
Vaxine,1990,U.S. Gold,Assembly Line
Velcro Mind,1995,Jazz Software,
VGA Miner,1989,Frodosoft,Frodosoft
VGA Tron,1992,Adrian B. Danieli,Acumen Software
Video Blackjack,1987,Keypunch Software,
Violent Fighter,1992,SoftStar,SoftStar
Virtual Reality Studio 2.0,1992,Incentive Software,Domark
Virtuoso,1994,Motivetime,Elite Systems
Vixen,1988,Intelligent Design,Martech
Voodoo Island,1985,Angelsoft,Mindscape
Voyeur II,1996,InterWeave Entertainment,Philips Media
Walls of Rome,1993,Mindcraft,Mindcraft
Warcraft II: Beyond the Dark Portal,1996,Cyberlore Studios,Blizzard Entertainment
Wargame Construction Set,1986,Roger Damon,Strategic Simulations
War Inc.,1997,Optik Software,Interactive Magic
Warlords,1989,Steven Fawkner,Strategic Studies Group
War of the Lance,1990,Strategic Simulations,Strategic Simulations
Warrior of Ras: Volume I - Dunzhin,1982,Intelligent Statements Inc.,Computer Applications Unlimited
Waterloo,1989,Personal Software Services,Mirrorsoft
Wayne Gretzky Hockey,1988,Bethesda Softworks,Bethesda Softworks
Weird Island,1992,Kevin A. Lee,
West Adventure,1994,,
Whale's Voyage,1993,Neo Software,Flair Software
Where in America's Past is Carmen Sandiego?,1991,Broderbund,Broderbund
Where in the U.S.A. Is Carmen Sandiego?,1986,Broderbund,Broderbund
Where in the World is Carmen Sandiego? Deluxe Edition,1990,Broderbund,Broderbund
Where Time Stood Still,1988,Denton Designs,Ocean Software
Whizz,1994,Flair Software,Flair Software
WiBArm,1989,Arsys Software,Broderbund
Wilderness: A Survival Adventure,1986,Titan Computer Products,"Electric Transit, Inc."
Wilf II,1991,Graham Cluley,
Williams Arcade Classics,1995,Digital Eclipse Software,Williams Entertainment Inc.
Willy the Worm,1985,Alan Farmer,
Wing Commander,1990,Origin Systems,Origin Systems
Wing Commander: Deluxe Edition,1992,Origin Systems,Origin Systems
Wing Commander: Armada - Proving Grounds,1994,Origin Systems,Electronic Arts
Wing Commander: Privateer - Righteous Fire,1994,Origin Systems,Origin Systems
Wings of Glory,1994,Origin Systems,Electronic Arts
Winnie the Pooh in the Hundred Acre Wood,1986,Sierra On-Line,Sierra On-Line
Winter Games,1986,Epyx,Epyx
Wipeout,1995,Psygnosis,Psygnosis
Witchaven II: Blood Vengeance,1996,Capstone Software,Intracorp Entertainment
"Wizard of Oz, The",1985,Windham Classics,Windham Classics
Wizardry II: The Knight of Diamonds,1985,Sir-Tech,Sir-Tech
Wizardry V: Heart of the Maelstrom,1988,Sir-Tech,Sir-Tech
The Wizard's Castle,1981,,
Wizball,1987,Sensible Software,Ocean Software
Wolfenstein 3D,1992,id Software,Apogee Software
Wonderland,1990,Magnetic Scrolls,Virgin Mastertronic
Word Slide Puzzles,1991,Ronald T. Blocher,
Word Whiz,1988,Apogee Software,Apogee Software
World Championship Soccer,1991,Elite Systems,Elite Systems
World Class Rugby,1992,Dentons,Audiogenic Software
World Empire,1991,Viable Software Alternatives,Viable Software Alternatives
World Hockey '95,1995,Merit Studios,Softkey
World Karate Championship,1986,Epyx,System 3
Worlds of Legend: Son of the Empire,1992,Mindscape,Mindscape
World War II: Battles of the South Pacific,1993,Quantum Quality Productions,Quantum Quality Productions
World Wide Rally,1997,David Picon and Javier Carrion,Digital Dreams Multimedia
Wrath of Earth,1995,Addix Software,Softkey
Wreckin Crew,1998,Telstar,Telstar
WW2 Air Force Commander,1993,Impressions Games,Impressions Games
WWF Wrestlemania,1991,Twilight,Ocean Software
W!Zone II: Retribution,1996,WizardWorks,WizardWorks
XCar: Experimental Racing,1997,Bad Dog,Bethesda Softworks LLC
X-COM: Terror from the Deep,1995,MicroProse,MicroProse
Xenocide,1990,Micro Revelations,Micro Revelations
Xenon 2 Megablast,1989,The Assembly Line,Image Works
Xerix,1992,Brendan Reville,
X-It,1994,Data Design Interactive,Psygnosis
X-Men: Madness in Murderworld,1989,Paragon Software,Paragon Software
X-Men: The Ravages of Apocalypse,1997,Zero Gravity Entertainment,WizardWorks
XQuest,1994,Mark Mackey,
XS,1996,SCi,SCi
Xyphr,1991,Eugene Lin,
Yendorian Tales Book I,1994,SW Games,Spectrum Pacific Publishing
"Yes, Prime Minister",1988,Oxford Digital Enterprises,Mosaic Publishing
Yumb,1992,Vladimir Glusica,
Z,1996,Bitmap Brothers,Renegade Software
Zap'em,1982,IBM,IBM
Zeddas: Servants of Sheol,1995,Caravan Interactive,Synergy
Zehn Adventures,1999,LucasArts,LucasArts
Zeppelin: Giants of the Sky,1993,Ikarion Software,Ikarion Software
Zone Raiders,1995,Image Space Incorporated,Virgin Interactive
Zoop,1995,Hookstone,Viacom New Media
Zork III,1984,Infocom,Infocom
ZorkQuest: The Crystal of Doom,1989,Tom Snyder Productions,Infocom
Zurk's Learning Safari,1993,Soleil Software,Soleil Software
ZZT,1991,Epic MegaGames,Epic MegaGames
