Original Title[4][5][6],NES Title[4][5][6],Date[4][5][6],Publisher[4][5][6]
2010 Street Fighter,Street Fighter 2010: The Final Fight,"August 8, 1990",Capcom
8 Eyes,8 Eyes,"September 27, 1988",SETA
A Week of Garfield,—,"April 7, 1989",Towachiki
Abadox,Abadox,"December 15, 1989",Natsume
Aces: Iron Eagle III,Ultimate Air Combat,"August 7, 1992",Pack-In-Video
Advanced Dungeons & Dragons: Heroes of the Lance,Advanced Dungeons & Dragons: Heroes of the Lance,"March 8, 1991",Pony Canyon
Advanced Dungeons & Dragons: Pool of Radiance,Advanced Dungeons & Dragons: Pool of Radiance,"June 28, 1991",Pony Canyon
Adventures of Lolo 2,Adventures of Lolo 3,"December 26, 1990",HAL
Ai Sensei no Oshiete: Watashi no Hoshi,—,"March 26, 1993",Irem
Air Fortress,Air Fortress,"August 11, 1987",HAL
Akagawa Jirou no Yuurei Ressha,—,"February 8, 1991",King Records
Akuma no Shoutaijou,Uninvited,"September 29, 1989",Kemco
Akumajou Densetsu,Castlevania III: Dracula's Curse,"December 22, 1989",Konami
Akumajou Special: Boku Dracula Kun,—,"October 19, 1990",Konami
America Daitōryō Senkyo,—,"October 28, 1988",Hect
American Dream,—,"September 23, 1989",Coconuts Japan
Aoki Ookami to Shiroki Mejika: Genchou Hishi,—,"March 25, 1993",Koei
Arabian Dream Scheherazade,"Magic of Scheherazade, The","September 3, 1987",Culture Brain
Argos no Senshi,Rygar,"April 14, 1987",Tecmo
Arkanoid,Arkanoid,"December 26, 1986",Taito
Armadillo,—,"August 9, 1991",IGS
Asmik-kun Land,—,"December 20, 1991",Asmik
Astro Fang: Super Machine,—,"October 26, 1990",A-Wave
Athena,Athena,"June 5, 1987",SNK
Attack Animal Gakuen,—,"December 26, 1987",Pony Canyon
Babel no Tou,—,"July 18, 1986",Namco
Bakushō! Ai no Gekijō,—,"December 29, 1990",Coconuts Japan
Bakushou!! Jinsei Gekijou 2,—,"March 22, 1991",Taito
Bakushō! Star Monomane Shitennō,—,"September 14, 1990",Pack-In-Video
Balloon Fight,Balloon Fight,"January 22, 1985",Nintendo
Banana,—,"September 8, 1986",Victor
Barcode World,—,"December 18, 1992",Sunsoft
The Bard's Tale II: The Destiny Knight,—,"January 25, 1992",Pony Canyon
Baseball Fighter,—,"July 5, 1991",VAP
Batman,Batman,"December 22, 1989",Sunsoft
Battle Baseball,—,"February 19, 1993",Banpresto
Battle Fleet,—,"June 22, 1990",Namco
Datach: Battle Rush: Build Up Robot Tournament,—,"November 13, 1993",Bandai
Battle Storm,—,"December 21, 1991",Yonezawa PR21
Be-Bop High School: Koukousei Gokuraku Densetsu,—,"March 30, 1988",Data East
Best Play Pro Yakyuu,—,"July 15, 1988",ASCII
Best Play Pro Yakyuu '90,—,"December 13, 1990",ASCII
Best Play Pro Yakyuu Special,—,"October 16, 1992",ASCII
Bikkuriman World: Gekitou Sei Senshi,—,"July 27, 1990",Hudson Soft
Bio Miracle Bokutte Upa,—,"February 26, 1993",Konami
Bird Week,—,"June 3, 1986",Toshiba EMI
The Black Bass 2,The Black Bass,"October 18, 1988",Hot B
Bloody Warriors: Shan-Go no Gyakushuu,—,"October 19, 1990",Toei Animation
Bokosuka Wars,—,"December 14, 1985",ASCII
Bomberman,Bomberman,"December 19, 1985",Hudson Soft
Booby Kids,—,"July 10, 1987",Nihon Bussan
Bubble Bobble 2,Bubble Bobble Part 2,"March 5, 1993",Taito
Buggy Popper,Bump 'n' Jump,"October 8, 1986",Data East
BurgerTime,BurgerTime,"November 27, 1985",Namco
Cadillac,—,"February 2, 1990",Hect
Captain Ed,—,"August 25, 1989",CBS Sony Group
Captain Silver,—,"December 16, 1988",Tokuma Shoten
Captain Tsubasa Vol. II: Super Striker,—,"July 20, 1990",Tecmo
Castle Excellent,Castlequest,"November 28, 1986",ASCII
Chack'n Pop,—,"May 24, 1985",Taito
Championship Bowling,Championship Bowling,"February 8, 1991",Athena
Chaos World,—,"October 25, 1991",Natsume
Chibi Maruko-Chan: Uki Uki Shopping,—,"October 4, 1991",Namco
Chiki Chiki Machine Mou Race,Wacky Races,"December 25, 1991",Atlus
Chip to Dale no Daisakusen 2,Chip 'N Dale: Rescue Rangers 2,"December 10, 1993",Capcom
Chiyonofuji no Ōichō,—,"December 7, 1990",Face
Chou-Wakusei Senki MetaFight,Blaster Master,"June 17, 1988",Sunsoft
Chōjin Sentai Jetman,—,"December 21, 1991",Angel
Choujinrou Senki Warwolf,Werewolf: The Last Warrior,"June 28, 1991",Takara
Chuugoku Senseijutsu,—,"November 29, 1988",Jaleco
Circus Charlie,—,"March 4, 1986",Soft Pro
City Connection,City Connection,"September 27, 1985",Jaleco
Cobra Command,Cobra Command,"October 21, 1988",Data East
Columbus: Ougon no Yoake,—,"November 20, 1992",Tomy
Contra,Contra (USA version)Probotector (European version)Gryzor (Oceania and Europe),"February 9, 1988",Konami
Cosmic Wars,—,"August 4, 1989",Konami
Cosmo Police Galivan,—,"June 3, 1988",Nihon Bussan
Crazy Climber,—,"December 26, 1986",Nihon Bussan
Cross Fire,—,"November 2, 1990",Kyugo Boueki
Dai-2-Ji Super Robot Taisen,—,"December 19, 1991",Banpresto
Daikoukai Jidai,Uncharted Waters,"March 15, 1991",Koei
Daiku no Gen-San 2,—,"October 22, 1993",Irem
Daisenryaku,—,"October 11, 1988",Bothtec
Dark Lord,—,"February 8, 1991",Data East
Datach Crayon Shin-Chan: Ora to Poi Poi,—,"August 27, 1993",Bandai
De-Block,—,"August 9, 1991",Athena
Deep Dungeon IV,—,"April 6, 1990",Asmik
Dengeki Big Bang!,Clash at Demonhead,"January 27, 1989",Vic Tokai
Derby Stallion Zengokuban,—,"August 29, 1992",ASCII
Devil World,Devil World (EU only),"October 5, 1984",Nintendo
Die Hard,Die Hard,"July 19, 1991",Pack-In-Video
Dig Dug II,Dig Dug II,"April 18, 1986",Namco
Digital Devil Monogatari: Megami Tensei II,—,"April 6, 1990",Namco
Dokuganryu Masamune,—,"April 5, 1988",Namco
Don Doko Don 2,—,"January 31, 1992",Taito
Donald Land,—,"January 29, 1988",Data East
Donkey Kong 3,Donkey Kong 3,"July 4, 1984",Nintendo
Donkey Kong Jr.,Donkey Kong Jr.,"July 15, 1983",Nintendo
Doraemon,—,"December 12, 1986",Hudson Soft
Double Dragon,Double Dragon,"April 8, 1988",Technos Japan
Double Dragon III: The Rosetta Stone,Double Dragon III: The Sacred Stones,"February 22, 1991",Technos Japan
Dough Boy,—,"December 11, 1985",Kemco
Downtown Nekketsu Monogatari,River City Ransom (American version)Street Gangs (European version),"April 25, 1989",Technos Japan
Dragon Ball 3: Gokuuden,—,"October 27, 1989",Bandai
Dragon Ball Z Side Story: Plan to Eradicate the Saiyans,—,"August 6, 1993",Bandai
Dragon Ball Z III: Ressen Jinzou Ningen,—,"August 7, 1992",Bandai
Dragon Ball: Daimaou Fukkatsu,—,"August 12, 1988",Bandai
Dragon Buster,—,"January 7, 1987",Namco
Dragon Fighter,Dragon Fighter,"August 10, 1990",Towachiki
Dragon Quest,Dragon Warrior,"May 27, 1986",Enix
Dragon Quest III: And thus into Legend...,Dragon Warrior III,"February 10, 1988",Enix
Dragon Scroll,—,"December 4, 1987",Konami
Dragon Slayer Jr.: Romancia,—,"October 30, 1987",Tokyo Shoseki
Dragon Unit,Castle of Dragon,"February 27, 1990",Athena
Dragon's Lair,Dragon's Lair,"September 20, 1991",Epic/Sony Records
Duck Hunt,Duck Hunt,"April 21, 1984",Nintendo
Dungeon Kid,—,"August 31, 1990",Quest Corporation
Dynamite Batman,Batman: Return of the Joker,"December 20, 1991",Sunsoft
Eggerland: Meikyū no Fukkatsu,—,"August 9, 1988",HAL
Elevator Action,Elevator Action,"June 28, 1985",Taito
Elysion,—,"April 28, 1988",Tokyo Shoseki
Erika to Satoru no Yume Bōken,—,"September 27, 1988",Namco
Esper Dream 2,—,"June 26, 1992",Konami
Exciting Boxing,—,"December 16, 1987",Konami
Exed Exes,—,"December 21, 1985",Tokuma Shoten
F1 Circus,—,"February 7, 1992",Nihon Bussan
F-1 Race,—,"November 2, 1984",Nintendo
Famicom Jump: Hero Retsuden,—,"February 15, 1989",Bandai
Famicom Meijinsen,—,"September 2, 1988",SNK
Famicom Top Management,—,"December 12, 1990",Koei
Famicom Yakyuuban,—,"December 15, 1989",Epoch
Family Boxing,Ring King,"June 19, 1987",Namco
Family Circuit '91,—,"July 19, 1991",Namco
Family Jockey,—,"April 24, 1987",Namco
Family Mahjong II: Shanghai he no Michi,—,"November 25, 1988",Namco
Family Quiz,—,"November 16, 1988",Athena
Family Trainer: Aerobics Studio,Dance Aerobics,"February 26, 1987",Bandai
Family Trainer: Daiundōkai,Super Team Games,"November 27, 1987",Bandai
Family Trainer: Jogging Race,—,"May 28, 1987",Bandai
Family Trainer: Meiro Daisakusen,—,"July 31, 1987",Bandai
Family Trainer: Running Stadium,Stadium Events/World Class Track Meet,"December 23, 1986",Bandai
Famista '89 Kaimaku Ban!!,—,"July 28, 1989",Namco
Famista '91,—,"December 21, 1990",Namco
Famista '93,—,"December 22, 1992",Namco
Fantasy Zone,Fantasy Zone (unlicensed),"July 20, 1987",Sunsoft
Faria Fuuin no Tsurugi,Faria: A World of Mystery and Danger,"July 21, 1989",Hi-Score Media Work
FC Genjin,Bonk's Adventure,"July 30, 1993",Hudson Soft
Field Combat,—,"July 9, 1985",Jaleco
Fighting Road,—,"December 13, 1988",Toei Animation
Final Fantasy I+II,—,"February 27, 1994",Square
Final Fantasy III,—,"April 27, 1990",Square
Final Mission,S.C.A.T.: Special Cybernetic Attack Team,"June 22, 1990",Natsume
Fire Emblem Gaiden,—,"March 14, 1992",Nintendo
Fleet Commander,—,"March 29, 1988",ASCII
Flipull,—,"December 15, 1989",Taito
Formation Z,—,"April 4, 1985",Jaleco
Fudou Myououden,Demon Sword,"March 29, 1988",Taito
Fushigi no Umi no Nadia,—,"March 15, 1991",Toho
Galaga,Galaga: Demons of Death,"February 15, 1985",Namco
Gambler Jiko Chuushinha,—,"November 11, 1988",Asmik
Game Party,—,"August 3, 1990",Coconuts Japan
Ganbare Goemon 2,—,"January 4, 1989",Konami
Ganbare Goemon Gaiden 2,—,"January 3, 1992",Konami
Ganso Saiyūki: Super Monkey Daibōken,—,"November 21, 1986",VAP
Gegege no Kitaro 2,—,"December 22, 1987",Bandai
Gekikame Ninja Den,Teenage Mutant Ninja Turtles(USA version)Teenage Mutant Hero Turtles (European version),"May 12, 1989",Konami
Gekitou Pro Wrestling!! Toukon Densetsu,Tecmo World Wrestling,"September 1, 1989",Tecmo
Genpei Tōma Den,—,"October 21, 1988",Namco
Ghostbusters,Ghostbusters,"September 22, 1986",Tokuma Shoten
Gimme a Break: Shijou Saikyou no Quiz Ou Ketteisen 2,—,"August 28, 1992",Yonezawa PR21
Ginga Eiyuu Densetsu,—,"December 21, 1988",Kemco
Goal !!,Goal! Two,"September 25, 1992",Jaleco
Gojira,Godzilla: Monster of Monsters,"December 9, 1988",Toho
The Golf '92,—,"July 3, 1992",G.O.1
Golf Grand Slam,Golf Grand Slam,"January 13, 1991",Hect
Golgo 13: Kamigami no Koukon,Golgo 13: Top Secret Episode,"March 26, 1988",Vic Tokai
Gomoku Narabe Renju,—,"August 27, 1983",Nintendo
Goonies II: Fratelli Saigo no Chousen,"Goonies II, The","March 18, 1987",Konami
Gorilla Man,—,"April 28, 1993",Yonezawa PR21
Gradius,Gradius,"April 25, 1986",Konami
Grand Master,—,"February 26, 1991",Varie
Great Boxing - Rush Up,World Champ,"December 7, 1990",Visco
Great Tank,Iron Tank: The Invasion of Normandy,"July 29, 1988",SNK
Guardic Gaiden,"Guardian Legend, The","February 5, 1988",Irem
GunHed: Aratanaru Tatakai,—,"April 13, 1990",Varie
Gun Sight,Laser Invasion,"March 15, 1991",Konami
Gyrodine,—,"March 13, 1986",Taito
Hana no Star Kaidou,—,"March 17, 1987",Victor
Happy Birthday Bugs,Bugs Bunny Birthday Blowout,"August 3, 1990",Kemco
Hayauchi Super Igo,—,"March 3, 1989",Namco
Hebereke,Ufouria,"September 20, 1991",Sunsoft
Heisei Tensai Bakabon,—,"December 6, 1991",Namco
Hello Kitty World,—,"March 27, 1992",Character Soft
Heracles no Eikou II: Titan no Metsubou,—,"December 23, 1989",Data East
Higemaru Makaijima - Nanatsu no Shima Daibōken,—,"April 14, 1987",Capcom
Hirake! Ponkikki,—,"April 17, 1992",Takara
Hiryu no Ken II,—,"July 29, 1988",Culture Brain
Hiryu no Ken Special: Fighting Wars,—,"June 21, 1991",Culture Brain
Hissatsu Shigotojin,—,"December 15, 1990",Banpresto
Hogan's Alley,Hogan's Alley,"June 12, 1984",Nintendo
Hokuto no Ken,—,"August 10, 1986",Toei Animation
Hokuto no Ken 3,—,"October 19, 1989",Toei Animation
Holy Diver,—,"April 28, 1989",Irem
Home Run Night '90,—,"July 24, 1990",Data East
Honoo no Doukyuuji: Dodge Danpei,—,"March 27, 1992",Sunsoft
Honshougi: Naitou Kudan Shougi Hiden,—,"August 10, 1985",SETA
Hoshi no Kirby: Yume no Izumi no Monogatari,Kirby's Adventure,"March 23, 1993",Nintendo
Hostages,Rescue: The Embassy Mission,"December 1, 1989",Kemco
Hottāman no Chitei Tanken,—,"December 6, 1986",Use
Hudson Hawk,Hudson Hawk,"December 27, 1991",Epic/Sony Records
Hyaku no Sekai no Monogatari,—,"August 9, 1991",ASK
Hydlide 3,—,"February 17, 1989",Namco
Hyper Olympic,Track & Field,"June 21, 1985",Konami
I Love Softball,—,"December 19, 1989",Coconuts Japan
Idemitsu - Space College - Kikenbutsu no Yasashii Butsuri to Kagaku[7],—,1990,"Konami, Idemitsu Kosan"
Ide Yosuke Meijin no Jissen Mahjong II,—,"February 22, 1991",Capcom
Igo Meikan,—,"January 10, 1990",Hect
Igo Shinan '91,—,"July 5, 1991",Hect
Igo Shinan '93,—,"November 27, 1992",Hect
Igo: Kyū Roban Taikyoku,—,"April 14, 1987",Bullet-Proof Software
Ikari II,Ikari Warriors II: Victory Road,"April 16, 1988",K Amusement
IkeIke! Nekketsu Hockey-bu,—,"February 7, 1992",Technos Japan
Ikki,—,"November 28, 1985",Sunsoft
Inbou no Wakusei: Shankara,—,"June 26, 1992",IGS
Insector X,—,"September 21, 1990",Taito
Itadaki Street: Watashi no Oten Niyottete,—,"March 21, 1991",ASCII
J-League Fighting Soccer: The King of Ace Strikers,—,"June 19, 1993",IGS
J-League Winning Goal,—,"May 27, 1994",Electronic Arts Victor
Jajamaru Gekimaden,—,"May 29, 1990",Jaleco
JaJaMaru no Daibouken,—,"August 22, 1986",Jaleco
Jarin-Ko Chie,—,"July 15, 1988",Konami
The Jetsons: Cogswell's Caper!,"Jetsons, The: Cogswell's Caper!","April 23, 1993",Taito
Jikuu (Toki) no Tabibito,—,"December 26, 1986",Kemco
Jongbou,—,"July 18, 1987",K Amusement
Joy Mech Fight,—,"May 21, 1993",Nintendo
Jumbo Ozaki no Hole in One Professional,—,"February 1, 1988",HAL
Just Breed,—,"December 15, 1992",Enix
Juvei Quest,—,"January 4, 1991",Namco
Kabushiki Doujou,—,"May 2, 1989",Hect
Kage no Densetsu,"Legend of Kage, The","April 18, 1986",Taito
Kaguya Hime Densetsu,—,"December 16, 1988",Victor
Kaijuu Monogatari,—,"November 18, 1988",Namco
Kaiketsu Yancha Maru 2: Karakuri Land,—,"August 30, 1991",Irem
Kakefu Kimi no Jump Tengoku,Kid Kool,"July 22, 1988",Vic Tokai
Kamen no Ninja Akakage,—,"May 20, 1988",Toei Animation
Kamen Rider Club,—,"February 3, 1988",Bandai
Karakuri Kengoden Musashi Lord: Karakuri Jin Shissouru,—,"October 5, 1991",Yutaka
Karaoke Studio Senyou Cassette Vol. 1,—,"October 28, 1987",Bandai
Karateka,—,"December 5, 1985",Soft Pro
Katte ni Shirokuma,—,"December 15, 1989",CBS Sony Group
Kekkyoku Nankyoku Daibouken,—,"April 22, 1985",Konami
Kero Kero Keroppi no Daibouken 2,—,"February 19, 1993",Character Soft
Kidō Senshi Z-Gundam: Hot Scramble,—,"August 28, 1986",Bandai
King of Kings,—,"December 9, 1988",Namco
Kinnikuman: Muscle Tag Match,M.U.S.C.L.E.,"November 8, 1985",Bandai
Kitte Rai Da! Gunjin Shougi Nanya Sore?,—,"May 26, 1989",SOFEL
Knight Rider,Knight Rider,"September 30, 1988",Pack-In-Video
Koufuku o Yobu Game: Dora Dora Dora,—,"January 25, 1991",Natsume
Kōshien,—,"October 6, 1989",K Amusement
Kujaku Ou II,—,"August 11, 1990",Pony Canyon
Kunio-Kun no Nekketsu Soccer League,—,"April 23, 1993",Technos Japan
Kyatto Ninden Teyandee,—,"July 19, 1991",Tecmo
Kyorochan Land,Castelian,"December 11, 1992",Hiro
Kyouto Hana no Misshitsu Satsujin Jiken - Yamamura Misa Suspense,—,"February 11, 1989",Taito
Kyouto Zaiteku Satsujin Jiken Yamamura Misa Suspense,—,"November 2, 1990",Hect
Kyuukyoku Harikiri Stadium,—,"June 28, 1988",Taito
Kyuukyoku Harikiri Stadium Heisei Gannenhan,—,"July 21, 1989",Taito
Kyuukyoku Tiger,Twin Cobra,"August 4, 1989",CBS Sony Group
Labyrinth,—,"January 7, 1987",Tokuma Shoten
Last Armageddon,—,"November 10, 1990",Yutaka
Layla,—,"December 20, 1986",DB Soft
Little Mermaid,"Little Mermaid, The","July 19, 1991",Capcom
Lord of King,Astyanax,"December 21, 1989",Jaleco
Lot Lot,—,"December 21, 1985",Tokuma Shoten
Lupin III Sansei: Pandora No Isan,—,"November 6, 1987",Namco
Mad City,"Adventures of Bayou Billy, The","August 12, 1988",Konami
Magic Darts,Magic Darts,"April 26, 1991",SETA
Magical Taruruto-Kun: Fantastic World!!,—,"March 21, 1991",Bandai
Magical Kids Doropi,"Krion Conquest, The","December 14, 1990",Vic Tokai
Magnum Kiki Ippatsu: Empire City 1931,—,"December 25, 1987",Toshiba EMI
Mahjong,—,"August 27, 1983",Nintendo
Mahjong Taikai,—,"October 31, 1989",Koei
Mahou no Princess Minkiimomo Remember Dream,—,"July 29, 1992",Yutaka
Majaventure - Mahjong Senki,—,"October 19, 1990",Tokuma Shoten
Major League,—,"October 27, 1989",Irem
Maniac Mansion,Maniac Mansion,"September 13, 1988",Jaleco
Mappy Kids,—,"December 22, 1989",Namco
Mario Bros.,Mario Bros.,"September 9, 1983",Nintendo
Marusa no Onna,—,"September 19, 1989",Capcom
Mashou,Deadly Towers,"December 15, 1986",Irem
Matendo Douji,Conquest of the Crystal Palace,"August 24, 1990",Quest Corporation
Matsumoto Akira no Kabushiki Hisshougaku II,—,"March 31, 1989",Imagineer
Meiji Ishin,—,"September 29, 1989",Use
Meikyuu Shima,Kickle Cubicle,"June 29, 1990",Irem
Meimon! Tako Nishiouendan,—,"December 1, 1989",Asmik
Meitantei Holmes: M-Kara no Chousenjou,—,"May 1, 1989",Towachiki
Metal Flame: Psybuster,Metal Mech: Man & Machine,"December 14, 1990",Jaleco
Metal Max,—,"May 24, 1991",Data East
Metro Cross,—,"December 16, 1986",Namco
Mickey Mouse,Mickey Mousecapade,"March 6, 1987",Hudson Soft
Might and Magic Book One: The Secret of the Inner Sanctum,Might & Magic: Secret of the Inner Sanctum,"July 31, 1990",Gakken
Mighty Final Fight,Mighty Final Fight,"June 11, 1993",Capcom
Mindseeker,—,"April 18, 1989",Namco
Mini-Putt,—,"February 15, 1991",A-Wave
Miracle Ropitt: 2100-Nen no Daibōken,—,"August 7, 1987",King Records
Mirai Shinwa Jarvas,—,"June 30, 1987",Taito
Mitokoumon,—,"August 11, 1987",Sunsoft
Mitsume ga Tooru,—,"July 17, 1992",Tomy
Moai-Kun,—,"March 9, 1990",Konami
Moero TwinBee,Stinger,"March 26, 1993",Konami
Moero!! Junior Basket,Hoops,"November 22, 1988",Jaleco
Moero!! Pro Tennis,Racket Attack,"April 15, 1988",Jaleco
Moero!! Pro Yakyuu '88,Bases Loaded II: Second Season,"August 10, 1988",Jaleco
Moeru! Oniisan,Circus Caper,"August 8, 1989",Toho
Momotaro Densetsu,—,"October 26, 1987",Hudson Soft
Momotaro Dentetsu,—,"December 2, 1988",Hudson Soft
Money Game II: Kabutochou no Kiseki,Wall Street Kid,"December 20, 1989",SOFEL
Monster Maker: Nanatsu no Hihō,—,"December 20, 1991",SOFEL
Morita Shougi,—,"April 14, 1987",SETA
Motocross Champion,—,"January 27, 1989",Konami
Mouryou Senki Madara,—,"March 30, 1990",Konami
Musashi no Bōken,—,"December 22, 1990",Sigma Entertainment
My Life My Love: Boku no Yume: Watashi no Negai,—,"August 3, 1991",Banpresto
Nakajima Satoru: F-1 Hero,Michael Andretti's World GP,"December 9, 1988",Varie
Nakayo Shito Issho,—,"December 10, 1993",Yutaka
Namco Classic II,—,"March 13, 1992",Namco
Nantettatte!! Baseball,—,"October 26, 1990",Sunsoft
Nantettatte Baseball KO Game Set OB All Star Hen,—,"February 28, 1991",Sunsoft
Navy Blue,—,"February 14, 1992",I'Max
Nekketsu Kouha Kunio Kun,Renegade,"April 17, 1987",Technos Japan
Nekketsu Koukou Dodgeball-bu Soccer-hen,Nintendo World Cup,"May 18, 1990",Technos Japan
New Ghostbusters 2,New Ghostbusters 2 (EU only),"December 26, 1990",HAL
NHK Gakuen - Space School - Sansu 4 Nen (Ge)[8][9][10],—,1989,"Konami, NHK, Tokyo Shoseki"
NHK Gakuen - Space School - Sansu 5 Nen (Ge),—,1989,"Konami, NHK, Tokyo Shoseki"
NHK Gakuen - Space School - Sansu 6 Nen (Ge),—,1989,"Konami, NHK, Tokyo Shoseki"
Nichibutsu Mahjong III,—,"July 20, 1990",Nihon Bussan
Ningen Heiki Dead Fox,Code Name: Viper,"February 23, 1990",Capcom
Ninja Crusaders,Ninja Crusaders,"December 14, 1990",Sammy
Ninja JaJaMaru-kun,—,"November 15, 1985",Jaleco
Ninja Kun,—,"May 10, 1985",Jaleco
Ninja Ra Hoi!,—,"August 9, 1990",ASCII
Ninja Ryuukenden II,Ninja Gaiden II: The Dark Sword of Chaos/Shadow Warriors II,"April 6, 1990",Tecmo
Nippon Ichi no Meikantoku,—,"August 10, 1990",Asmik
Nishimura Kyoutarou Mystery: Super Express Satsujin Jiken,—,"March 2, 1990",Irem
Nobunaga no Yabou: Sengouku Gunyuuden,Nobunaga's Ambition 2,"February 3, 1990",Koei
North and South,North & South,"September 21, 1990",Kemco
Obake no Q Tarou: Wan Wan Panic,Chubby Cherub,"December 16, 1985",Bandai
Ochinnitoshi Puzzle Tonjan!?,—,"September 29, 1989",Jaleco
Oeka Kids - Anpanman to Oekaki Shiyou,—,"October 25, 1990",Bandai
Olympus no Tatakai,"Battle of Olympus, The","March 28, 1988",Imagineer
Operation Wolf,Operation Wolf,"March 31, 1989",Taito
Otaku no Seiza,—,"July 31, 1991",M&M
Over Horizon,Over Horizon (EU only),"April 26, 1991",Hot B
Paaman Part 2,—,"December 20, 1991",Irem
Pac-Man,Pac-Man,"November 2, 1984",Namco
Pachi-Slot Adventure 2,—,"September 17, 1993",Coconuts Japan
Pachinko Daisakusen,—,"July 19, 1991",Coconuts Japan
Pachiokun 2,—,"January 30, 1989",Coconuts Japan
Pachiokun 4,—,"November 22, 1991",Coconuts Japan
Palamedes,Palamedes,"July 6, 1990",Hot B
Paperboy,Paperboy,"January 30, 1991",Altron
Parasol Henbee,—,"February 15, 1991",Epoch
Parodius Da! -Shinwa kara Owarai e-,Parodius,"November 30, 1990",Konami
Penguin-Kun Wars,—,"December 25, 1985",ASCII
Photon: The Ultimate Game on Planet Earth,—,"August 28, 1987",Takara
Pinball Quest,Pinball Quest,"December 15, 1989",Jaleco
Plasma Ball,—,"March 27, 1992",Jaleco
Pooyan,—,"September 20, 1985",Hudson Soft
Popeye no Eigo Asobi,—,"November 22, 1983",Nintendo
Power Blazer,Power Blade,"April 20, 1990",Taito
Predator,Predator,"March 10, 1988",Pack-In-Video
Pro Yakyuu Family Stadium,R.B.I. Baseball,"December 10, 1986",Namco
Pro Yakyuu Family Stadium '88,—,"December 20, 1988",Namco
Punch-Out!!,Mike Tyson's Punch-Out!!,"November 21, 1987",Nintendo
Puzslot,—,"February 28, 1992",Sammy
Pajama Hero Nemo,Little Nemo: The Dream Master,"December 7, 1990",Capcom
Quarterback Scramble,—,"December 19, 1989",Pony Canyon
Quinty,Mendel Palace,"June 27, 1989",Namco
Racer Mini Yonku: Japan Cup,—,"August 25, 1989",Konami
Raf World,Journey to Silius,"August 10, 1990",Sunsoft
Rainbow Island: The Story of Bubble Bobble 2,Rainbow Islands,"July 26, 1988",Taito
Rampart,—,"November 29, 1991",Konami
Recca - Summer Carnival '92,—,"July 17, 1992",Naxat Soft
Reigen Doushi,Phantom Fighter,"September 16, 1988",Pony Canyon
Road Fighter,Road Fighter (EU only),"July 11, 1985",Konami
RoboCop,RoboCop,"August 25, 1989",Data East
Robot Block,Stack-Up,"July 26, 1985",Nintendo
Rockman,Mega Man,"December 17, 1987",Capcom
Rockman 3: Dr. Wily no Saigo!?,Mega Man 3,"September 28, 1990",Capcom
Rockman 5: Blues no Wana!?,Mega Man 5,"December 4, 1992",Capcom
Rokudenashi Blues,—,"October 29, 1993",Bandai
Rolling Thunder,Rolling Thunder (unlicensed),"March 17, 1989",Namco
Royal Blood,Gemfire,"August 29, 1991",Koei
Sensha Senryaku: Sabaku no Kitsune,Desert Commander,"April 28, 1988",Kemco
Saint Seiya,Les Chevaliers du Zodiaque: La Légende d'or (EU only),"August 10, 1987",Bandai
Saiyuuki World,—,"November 11, 1988",Jaleco
Sakigake!! Otokojuku,—,"March 3, 1989",Bandai
Salamander,Life Force,"September 25, 1987",Konami
San Goku Shi II,Romance of the Three Kingdoms II,"November 2, 1990",Koei
San Goku Shi II: Haou no Tairiku,—,"June 10, 1992",Namco
Sanma no Meitantei,—,"April 2, 1987",Namco
Sanrio Carnival 2,—,"January 14, 1993",Character Soft
Sansara Naga,—,"March 23, 1990",Victor
Sansū 2-nen: Keisan Game,—,"April 25, 1986",Tokyo Shoseki
Sansū 4-nen: Keisan Game,—,"October 30, 1986",Tokyo Shoseki
Satomi Hakkenden,—,"January 20, 1989",SNK
SD Battle Oozumou,—,"April 20, 1990",Banpresto
SD Gundam Gachapon Senshi 3: Eiyuu Senki,—,"December 22, 1990",Yutaka
SD Gundam Gachapon Senshi 5: Battle of Universal Century,—,"December 22, 1992",Yutaka
SD Gundam Gaiden: Knight Gundam Monogatari 2: Hikari no Kishi,—,"October 12, 1991",Bandai
Datach: SD Gundam: Gundam Wars,—,"April 23, 1993",Bandai
SD Keiji Blader,—,"August 2, 1991",Taito
Seicross,Seicross,"May 15, 1986",Nihon Bussan
Seirei Densetsu Lickle,Little Samson,"June 26, 1992",Taito
Sekiryuou,—,"February 10, 1989",Sunsoft
Shadow Brain,—,"March 21, 1991",Pony Canyon
Shanghai,—,"December 4, 1987",Sunsoft
Sherlock Holmes: Hakushaku Reijō Yūkai Jiken,—,"December 11, 1986",Towachiki
Shin 4-Jin Uchi Mahjong: Yakuman Tengoku,—,"June 28, 1991",Nintendo
Shin Satomi Hakken-Den - Hikari to Yami no Tatakai,—,"December 8, 1989",Toei Animation
Shinsenden,—,"December 15, 1989",Irem
Shougi Meikan '93,—,"December 4, 1992",Hect
Shōnen Ashibe Nepal Daibouken no Maki,—,"November 15, 1991",Takara
Shufflepuck Café,—,"October 21, 1990",Pony Canyon
Silva Saga,—,"July 24, 1992",SETA
Sky Kid,Sky Kid,"August 22, 1986",Namco
Soccer,Soccer,"April 9, 1985",Nintendo
Solomon no Kagi,Solomon's Key,"July 30, 1986",Tecmo
Solstice,Solstice: The Quest for the Staff of Demnos,"July 20, 1990",Epic/Sony Records
Soreike! Anapanman Minna de Hiking Game,—,"March 20, 1992",Bandai
Space Hunter,—,"September 25, 1986",Kemco
Space Shadow,—,"February 20, 1989",Bandai
Spartan X 2,—,"September 27, 1991",Irem
Spelunker II: Yūsha e no Chōsen,—,"September 18, 1987",Irem
Spot,Spot: The Video Game,"October 16, 1992",Bullet-Proof Software
Spy vs. Spy II: Nankoku Shirei!!,—,"March 27, 1987",Kemco
Square no Tom Sawyer,—,"November 30, 1989",Square
Star Luster,—,"December 6, 1985",Namco
Star Wars,—,"December 4, 1987",Namco
Star Wars: Teikoku no Gyakushuu,Star Wars: The Empire Strikes Back,"March 12, 1993",Victor
STED: Iseki Wakusei no Yabou,—,"July 27, 1990",K Amusement
Sugoro Quest: Dice no Senshi Tachi,—,"June 28, 1991",Technos Japan
Sukeban Deka III,—,"January 22, 1988",Toei Animation
Super Black Onyx,—,"July 14, 1988",Bullet-Proof Software
Super Chinese 2,Little Ninja Brothers,"May 26, 1989",Culture Brain
Super Contra,Super C (USA version)Probotector 2: Return of the Evil Forces (European version),"February 2, 1990",Konami
Super Mario Bros.,Super Mario Bros.,"September 13, 1985",Nintendo
Super Mario USA,Super Mario Bros. 2,"September 16, 1992",Nintendo
Super Momotaro Dentetsu,—,"March 20, 1992",Hudson Soft
Super Pitfall,Super Pitfall,"September 5, 1986",Pony Canyon
Super Rugby,—,"December 27, 1989",TSS
Super Star Force: Jikūreki no Himitsu,—,"November 11, 1986",Tecmo
Super Xevious: GAMP no Nazo,—,"September 19, 1986",Namco
SWAT: Special Weapons and Tactics,—,"September 11, 1987",Toei Animation
Sword Master,Sword Master,"December 21, 1990",Athena
Taito Basketball,Ultimate Basketball,"April 26, 1991",Taito
Taito Grand Prix: Eikou heno License,—,"December 18, 1987",Taito
Taiyou no Yuusha Firebird,—,"January 11, 1992",Irem
Takahashi Meijin no Boken Jima II,Adventure Island II,"April 26, 1991",Hudson Soft
Master Takahashi's Adventure Island IV,—,"June 24, 1994",Hudson Soft
Takeda Shingen,—,"March 28, 1988",Hot B
Takeshi no Chōsenjō,—,"December 10, 1986",Taito
Tamura Teruaki no Mahjong Seminar,—,"September 21, 1990",Pony Canyon
Tanigawa Koji no Shougi Shinan III,—,"September 14, 1989",Pony Canyon
Tantei Jinguji Saburo: Toki no Sugiyuku Mama Ni,—,"September 28, 1990",Data East
Tashiro Masashi no Princess ga Ippai,—,"October 27, 1989",Epic/Sony Records
Tatakai no Banka,Trojan,"December 24, 1986",Capcom
Tecmo Bowl,Tecmo Bowl,"November 30, 1990",Tecmo
Tecmo World Cup Soccer,Tecmo World Cup Soccer (EU only),"December 7, 1990",Tecmo
Teenage Mutant Ninja Turtles III: The Manhattan Project,Teenage Mutant Ninja Turtles III: The Manhattan Project,"December 13, 1991",Konami
Tenchi o Kurau II,—,"April 5, 1991",Capcom
Tennis,Tennis,"January 14, 1984",Nintendo
Terminator 2,Terminator 2: Judgment Day,"June 26, 1992",Pack-In-Video
Tetra Star,—,"May 24, 1991",Taito
Tetris 2 + Bombliss,—,"December 13, 1991",Bullet-Proof Software
Tetsudou-Oh,—,"December 13, 1991",DB Soft
Thexder,—,"December 19, 1985",Square
Tiger-Heli,Tiger-Heli,"December 5, 1986",Pony Canyon
Times of Lore,Times of Lore,"December 7, 1990",Toho
Tiny Toon Adventures 2: Montana Land e Yōkoso,Tiny Toon Adventures 2: Trouble in Wackyland,"November 27, 1992",Konami
TM Network: Live in Power Bowl,—,"December 22, 1989",Epic/Sony Records
Tokkyū Shirei Solbrain,Shatterhand,"October 26, 1991",Angel
Tokyo Pachi-Slot Adventure,—,"December 13, 1991",Coconuts Japan
Tom Sawyer no Bouken,"Adventures of Tom Sawyer, The","February 6, 1989",SETA
Top Gun: Dual Fighters,Top Gun: The Second Mission,"December 15, 1989",Konami
Top Striker,—,"October 22, 1992",Namco
Touch Down Fever: American Football,Touch Down Fever,"November 11, 1988",K Amusement
Tōkaidō Gojūsan-tsugi,—,"July 3, 1986",Sunsoft
The Tower of Druaga,—,"August 6, 1985",Namco
Tsuppari Oozumou,—,"September 18, 1987",Tecmo
Tsurikichi Sanpei,—,"March 17, 1988",Victor
Twin Eagle: Revenge Joe's Brother,Twin Eagle,"April 12, 1991",Romstar
TwinBee 3,—,"September 29, 1989",Konami
Uchūsen: Cosmo Carrier,—,"November 6, 1987",Jaleco
Ultima: Seisha he no Michi,Ultima: Quest of the Avatar,"September 20, 1989",Pony Canyon
Datach: Ultraman Club: Supokon Fight!,—,"April 23, 1993",Bandai
Ultraman Club 3,—,"December 29, 1991",Yutaka
Urban Champion,Urban Champion,"November 14, 1984",Nintendo
US Championship V'Ball,Super Spike V'Ball,"November 10, 1989",Technos Japan
Ushio to Tora: Shin'en no Daiyō,—,"July 9, 1993",Yutaka
Valkyrie no Bōken: Toki no Kagi Densetsu,—,"August 1, 1986",Namco
Vegas Connection: Casino Kara Ai wo Komete,—,"November 24, 1989",Sigma Entertainment
Viva Las Vegas,Vegas Dream,"September 30, 1988",Epic/Sony Records
Wagyan Land,—,"February 9, 1989",Namco
Wagyan Land 3,—,"December 8, 1992",Namco
Wai Wai World 2: SOS!! Parsley Jō,—,"January 5, 1991",Konami
Wanpaku Kokkun no Gourmet World,Panic Restaurant,"April 24, 1992",Taito
Warpman,—,"July 12, 1985",Namco
White Lion Densetsu,Legend of the Ghost Lion,"July 14, 1989",Kemco
Willow,Willow,"July 18, 1989",Capcom
Wing of Madoola,—,"December 18, 1986",Sunsoft
Wit's,—,"July 13, 1990",Athena
Wizardry II: Legacy of Llylgamyn - The Third Scenario,—,"February 21, 1989",ASCII
Woody Poko,—,"June 20, 1987",DB Soft
World Grand-Prix - Pole To Finish,Al Unser Jr.'s Turbo Racing,"January 31, 1989",Data East
Wrecking Crew,Wrecking Crew,"June 18, 1985",Nintendo
Xevious,Xevious,"November 8, 1984",Namco
Yoshi no Cookie,Yoshi's Cookie,"November 21, 1992",Nintendo
Yokai Dochuki,—,"June 24, 1988",Namco
Yousei Monogatari RodLand,RodLand,"December 11, 1992",Jaleco
Ys II,—,"May 25, 1990",Victor
Yume Penguin Monogatari,—,"January 25, 1991",Konami
Zelda no Densetsu 1,"Legend of Zelda, The","February 19, 1994",Nintendo
