10-Yard Fight,10-Yard Fight,"August 30, 1985",Irem
4 Nin Uchi Mahjong,—,"November 2, 1984",Nintendo
A Ressha de Ikou,—,"August 21, 1991",Pony Canyon
Aa Yakyū Jinsei Itchokusen,—,"December 25, 1992",Sammy
Abarenbou Tengu,Zombie Nation,"December 14, 1990",Meldac
Advanced Dungeons & Dragons: Dragons of Flame,—,"February 21, 1992",Pony Canyon
Advanced Dungeons & Dragons: Hillsfar,Advanced Dungeons & Dragons: Hillsfar,"March 21, 1991",Pony Canyon
Adventures of Lolo,Adventures of Lolo 2,"January 6, 1990",HAL
After Burner II,—,"March 30, 1989",Sunsoft
Aigiina no Yogen: From the Legend of Balubalouk,—,"November 21, 1986",Vic Tokai
Airwolf,—,"December 24, 1988",Kyugo Boueki
Akira,—,"December 24, 1988",Taito
Akuma-kun: Makai no Wana,—,"February 24, 1990",Bandai
Akumajou Dracula,Castlevania,"February 5, 1993",Konami
Alien Syndrome,Alien Syndrome (unlicensed),"December 2, 1988",Sunsoft
America Oudan Ultra Quiz: Shijou Saidai no Tatakai,—,"November 29, 1991",Tomy
Ankoku Shinwa: Yamato Takeru Densetsu,—,"March 24, 1989",Tokyo Shoseki
Aoki Ookami to Shiroki Mejika: Genghis Khan,Genghis Khan,"April 20, 1989",Koei
Arctic,—,"February 23, 1990",Pony Canyon
Argus,—,"April 17, 1986",Jaleco
Arkanoid II,—,"March 8, 1988",Taito
Artelius,—,"November 13, 1987",Nihon Bussan
ASO: Armored Scrum Object,Alpha Mission,"September 3, 1986",SNK
Astro Robo Sasa,—,"August 9, 1985",ASCII
Atlantis no Nazo,—,"April 17, 1986",Sunsoft
B-Wings,—,"June 3, 1986",Data East
Baken Hisshou Gaku: Gate In,—,"May 25, 1990",K Amusement
Bakushou!! Jinsei Gekijou,—,"March 17, 1989",Taito
Bakushou!! Jinsei Gekijou 3,—,"December 20, 1991",Taito
Ballblazer,—,"March 4, 1988",Pony Canyon
Baltron,—,"March 19, 1986",Toei Animation
Bananan Ouji no Daibouken,Banana Prince,"December 20, 1991",Takara
Bard's Tale: Tales of the Unknown,Bard's Tale: Tales of the Unknown,"December 21, 1990",Pony Canyon
Baseball,Baseball,"December 7, 1983",Nintendo
Baseball Stars: Mezase Sankanou!!,Baseball Stars,"May 19, 1989",SNK
Bats & Terry,—,"July 22, 1987",Use
Battle City,—,"September 9, 1985",Namco
Battle Formula,Super Spy Hunter,"September 27, 1991",Sunsoft
Battle Stadium: Senbatsu Pro Yakyuu,—,"December 20, 1990",IGS
Battletoads,Battletoads,"December 20, 1991",NCS
Best Keiba: Derby Stallion,—,"December 21, 1991",ASCII
Best Play Pro Yakyuu II,—,"March 30, 1990",ASCII
Best Play Pro Yakyuu Shin Data,—,"November 11, 1988",ASCII
Bikkuri Nekketsu Shin Kiroku! Harukanaru Kin Medal,Crash 'n the Boys: Street Challenge,"June 26, 1992",Technos Japan
Binary Land,—,"December 19, 1985",Hudson Soft
Bio Senshi Dan: Increaser to no Tatakai,Bashi Bazook: Morphoid Masher (unreleased),"September 22, 1987",Jaleco
The Black Bass,—,"February 6, 1987",Hot B
Blodia Land: Puzzle Quest,—,"August 11, 1990",Tonkin House
"Blue Marlin, The",The Blue Marlin,"December 27, 1991",Hot B
Bomber King,RoboWarrior,"August 7, 1987",Hudson Soft
Bomberman II,Bomberman II,"June 28, 1991",Hudson Soft
Boulder Dash,Boulder Dash,"March 23, 1990",Data East
Bucky O'Hare,Bucky O'Hare,"January 31, 1992",Konami
Burai Fighter,Burai Fighter,"July 20, 1990",Taito
Business Wars,—,"January 24, 1992",Hect
Capcom Barcelona '92,Capcom's Gold Medal Challenge '92,"June 5, 1992",Capcom
Captain Saver,Power Blade 2,"September 29, 1992",Taito
Captain Tsubasa,Tecmo Cup Soccer Game,"April 28, 1988",Tecmo
Casino Derby & Super Bingo,—,"March 19, 1993",Yonezawa PR21
Castle Quest,—,"April 19, 1990",Hudson Soft
Challenger,—,"October 15, 1985",Hudson Soft
Championship Lode Runner,—,"April 17, 1985",Hudson Soft
Chester Field: Ankoku Shin e no Chōsen,—,"July 30, 1987",Vic Tokai
Chiisana Obake: Achhi Sochhi Kocchi,—,"December 4, 1992",VAP
Chip to Dale no Daisakusen,Chip 'N Dale: Rescue Rangers,"June 8, 1990",Capcom
Chitei Senkou Bazolder,Wurm: Journey to the Center of the Earth,"November 15, 1991",SOFEL
Choplifter,—,"June 26, 1986",Jaleco
Choujikuu Yousai Macross,—,"December 10, 1985",Namco
Choujin Ultra Baseball,Baseball Simulator 1.000,"October 27, 1989",Culture Brain
Chuugoku Janshi Story: Tonpuu,—,"December 23, 1989",Natsume
Chuuka Taisen,—,"September 22, 1989",Taito
City Adventure Touch: Mystery of Triangle,—,"March 14, 1987",Toho
Clu Clu Land,Clu Clu Land,"November 22, 1984",Nintendo
Cocoron,—,"May 3, 1991",Takeru
Conflict,Conflict,"December 1, 1989",Vic Tokai
Cosmic Epsilon,—,"November 24, 1989",Asmik
Cosmo Genesis,Star Voyager,"December 23, 1986",ASCII
Crayon Shin-Chan: Ora to Poi Poi,—,"August 27, 1993",Bandai
Crisis Force,—,"August 27, 1991",Konami
Cycle Race: Road Man,—,"December 17, 1988",Tokyo Shoseki
Daikaijyu Deburasu,—,"December 21, 1990",Data East
Daiku no Gen-San,Hammerin' Harry,"November 15, 1991",Irem
Dai Meiro - Meikyuu no Tatsujin,—,"November 30, 1990",Epoch
Daiva,—,"December 5, 1986",Toshiba EMI
Dash Yarou,Rally Bike,"June 15, 1990",Visco
Datsugoku,P.O.W.: Prisoners of War,"June 30, 1989",K Amusements
Deep Dungeon III,—,"May 13, 1988",Square
Deja Vu,Deja Vu,"November 22, 1988",Kemco
Densetsu no Kishi Elrond,Wizards & Warriors,"July 15, 1988",Jaleco
Devilman,—,"April 25, 1989",Namco
Dezaemon,—,"September 13, 1991",Athena
Dig Dug,—,"June 4, 1985",Namco
Digital Devil Monogatari Megami Tensei,—,"September 11, 1987",Namco
Doki! Doki! Yūenchi: Crazy Land Daisakusen,Trolls in Crazyland,"August 9, 1991",VAP
Don Doko Don,—,"March 9, 1990",Taito
Donald Duck,Snoopy's Silly Sports Spectacular,"September 22, 1988",Kemco
Donkey Kong,Donkey Kong,"July 15, 1983",Nintendo
Donkey Kong Jr. Math,Donkey Kong Jr. Math,"December 12, 1983",Nintendo
Door Door,—,"July 18, 1985",Enix
Doraemon: Giga Zombie no Gyakushū,—,"September 14, 1990",Epoch
Double Dragon II: The Revenge,Double Dragon II: The Revenge,"December 22, 1989",Technos Japan
Double Moon Densetsu,—,"October 30, 1992",NCS
Downtown Nekketsu Koushinkyoku: Soreyuke Daiundoukai,—,"October 12, 1990",Technos Japan
Dr. Mario,Dr. Mario,"July 27, 1990",Nintendo
Dragon Ball Z,—,"October 27, 1990",Bandai
Dragon Ball Z II: Gekishin Freeza,—,"August 10, 1991",Bandai
Datach: Dragon Ball Z: Gekitou Tenkaichi Budokai,—,"December 29, 1992",Bandai
Dragon Ball: Shenron no Nazo,Dragon Power(USA version)Dragon Ball: Le Secret du Dragon (European version),"November 27, 1986",Bandai
Dragon Buster II,—,"April 27, 1989",Namco
Dragon Ninja,Bad Dudes,"July 14, 1989",Namco
Dragon Quest II: Gods of the Evil Spirits,Dragon Warrior II,"January 26, 1987",Enix
Dragon Quest IV: The Guided Ones,Dragon Warrior IV,"February 11, 1990",Enix
Dragon Slayer IV: Drasle Family,Legacy of the Wizard,"July 17, 1987",Namco
Dragon Spirit: Aratanaru Densetsu,Dragon Spirit: The New Legend,"April 14, 1989",Namco
Dragon Wars,—,"August 9, 1991",Kemco
Dream Master,—,"September 22, 1992",Namco
DuckTales 2,DuckTales 2,"April 23, 1993",Capcom
Dungeon & Magic: Sword of Element,Dungeon Magic: Sword of the Elements,"November 10, 1989",Natsume
Dynamite Bowl,—,"May 24, 1987",Toshiba EMI
Egypt,—,"May 31, 1991",Human Entertainment
Elnark no Zaihou,—,"August 10, 1987",Towachiki
Emoyan no 10-bai Pro Yakyuu,—,"December 19, 1989",Hect
Esper Boukentai,—,"October 13, 1987",Jaleco
Excitebike,Excitebike,"November 30, 1984",Nintendo
Exciting Rally,Championship Rally,"April 24, 1992",HAL
Exerion,—,"February 11, 1985",Jaleco
F-1 Sensation,Formula 1 Sensation (EU only),"January 29, 1993",Konami
Famicom Igo Nyuumon,—,"November 29, 1991",I'Max
Famicom Jump II: The Strongest Seven,—,"December 2, 1991",Bandai
Famicom Shougi: Ryuu-Ou-Sen,—,"February 15, 1991",I'Max
Famicom Wars,—,"August 12, 1988",Nintendo
Family Block,Thunder & Lightning,"April 12, 1991",Athena
Family Circuit,—,"February 6, 1988",Namco
Family Computer Othello,Othello,"November 13, 1986","Kawada, Co. Ltd"
Family Mahjong,—,"August 11, 1987",Namco
Family Pinball,Rock 'n Ball,"March 24, 1989",Namco
Family Tennis,—,"December 11, 1987",Namco
Family Trainer: Athletic World,Athletic World,"November 12, 1986",Bandai
Family Trainer: Fuuun! Takeshi Shiro 2,—,"December 20, 1988",Bandai
Family Trainer: Manhattan Police,Street Cop,"August 31, 1987",Bandai
Family Trainer: Rai Rai! Kyonshizu: Baby Kyonshi no Amida Daibouken,—,"January 26, 1988",Bandai
Family Trainer: Totsugeki! Fuuun Takeshi Shiro,—,"December 28, 1987",Bandai
Famista '90,—,"December 19, 1989",Namco
Famista '92,—,"December 20, 1991",Namco
Famista '94,—,"December 1, 1993",Namco
Fantasy Zone 2: The Teardrop of Opa-Opa,—,"December 20, 1988",Sunsoft
Faxanadu,Faxanadu,"November 16, 1987",Hudson Soft
Ferrari,Ferrari Grand Prix Challenge,"November 13, 1992",Coconuts Japan
Fighting Golf,Lee Trevino's Fighting Golf,"March 24, 1988",SNK
Final Fantasy,Final Fantasy,"December 18, 1987",Square
Final Fantasy II,—,"December 17, 1988",Square
Final Lap,—,"August 12, 1988",Namco
Fire Emblem: Shadow Dragon and the Blade of Light,—,"April 20, 1990",Nintendo
Flappy,—,"June 14, 1985",DB Soft
Flintstones: The Rescue of Dino and Hoppy,"Flintstones, The: The Rescue of Dino & Hoppy","August 7, 1992",Taito
Flying Hero,—,"February 17, 1989",Epic/Sony Records
Front Line,—,"August 1, 1985",Taito
Fushigi na Blobby,A Boy and His Blob: Trouble on Blobolonia,"November 29, 1990",Jaleco
Fuzzical Fighter,—,"May 17, 1991",Sigma Entertainment
Galaxian,—,"September 7, 1984",Namco
Gambler Jiko Chuushinha 2,—,"December 7, 1990",Asmik
Ganbare Goemon! Karakuri Dōchū,—,"July 30, 1986",Konami
Ganbare Goemon Gaiden: Kieta Ougon Kiseru,—,"January 5, 1990",Konami
Ganbare Pennant Race!,—,"February 28, 1989",Konami
Gegege no Kitaro: Youkai Daimakyou,Ninja Kid,"April 17, 1986",Bandai
Geimos,—,"August 28, 1985",ASCII
Gekitotsu Shiku Battle,—,"November 17, 1989",Irem
Gekitou!! Stadium,Bad News Baseball,"December 15, 1989",Tecmo
Getsu Fūma Den,—,"July 7, 1987",Konami
Gimme a Break: Shijou Saikyou no Quiz Ou Ketteisen,—,"December 13, 1991",Yonezawa PR21
Gimmick!,Mr. Gimmick,"January 31, 1992",Sunsoft
Ginga no Sannin,—,"December 15, 1987",Nintendo
God Slayer: Haruka Tenkū no Sonata,Crystalis,"April 13, 1990",SNK
Golf,Golf,"May 1, 1984",Nintendo
Golf Club: Birdie Rush,—,"December 9, 1987",Data East
Golf-kko Open,—,"November 25, 1989",Taito
Golgo 13 II,"Mafat Conspiracy, The","July 27, 1990",Vic Tokai
Goonies,—,"February 21, 1986",Konami
Gorby no Pipeline Daisakusen,—,"April 12, 1991",Tokuma Shoten
Gozonji Yajikitatin Douchuu,—,"November 7, 1989",HAL
Gradius II,—,"December 16, 1988",Konami
Great Battle Cyber,—,"December 25, 1992",Banpresto
Great Deal,—,"October 25, 1991",Hect
Gremlins 2: The New Batch,Gremlins 2: The New Batch,"December 14, 1990",Sunsoft
Guevara,Guerrilla War,"December 26, 1988",SNK
Gun-Nac,Gun-Nac,"October 5, 1990",Tonkin House
Gun-Dec,Vice: Project Doom,"April 26, 1991",Sammy
Haja No Fuuin: Miracle Warriors,—,"October 13, 1987",ASCII
Hanjuku Hero,—,"December 2, 1988",Square
Hatris,Hatris,"July 6, 1990",Bullet-Proof Software
Heavy Barrel,Heavy Barrel,"March 2, 1990",Data East
Hector '87,Starship Hector,"July 16, 1987",Hudson Soft
Hello Kitty no Hanabatake,—,"December 11, 1992",Character Soft
Heracles no Eikou: Toujin Makyouden,—,"June 12, 1987",Data East
Hi no Tori Hououhen: Gaou no Bouken,—,"January 4, 1987",Konami
Highway Star,Rad Racer,"August 7, 1987",Square
Hiryu no Ken,Flying Dragon: The Secret Scroll,"February 14, 1987",Culture Brain
Hiryu no Ken III: 5 Nin no Ryuu Senshi,—,"June 21, 1991",Culture Brain
Hissatsu Doujou Yaburi,—,"July 18, 1989",Sigma Entertainment
Hitler no Fukkatsu: Top Secret,Bionic Commando,"July 20, 1988",Capcom
Hokkaidou Rensa Satsujin: Ohotsuku ni Kiyu,—,"June 27, 1987",ASCII
Hokuto no Ken 2,Fist of the North Star,"April 17, 1987",Toei Animation
Hokuto no Ken 4,—,"March 29, 1991",Toei Animation
Home Run Night,—,"March 31, 1989",Data East
Honmei,—,"April 28, 1989",Nihon Bussan
Honoo no Doukyuuji: Dodge Danpei 2,—,"March 26, 1993",Sunsoft
Hook,Hook,"March 27, 1992",Epic/Sony Records
Hoshi wo Miru Hito,—,"October 27, 1987",Hot B
Hototogisu,—,"August 19, 1988",Irem
Houma ga Koku,Dr. Jekyll and Mr. Hyde,"April 8, 1988",Toho
Hyakkiyakou,—,"February 22, 1989",Use
Hydlide Special,Hydlide,"March 18, 1986",Toshiba EMI
Hyokkori Hyoutan Shima: Nazo no Kaizokusen,—,"April 25, 1992",Yutaka
Hyper Sports,—,"September 27, 1985",Konami
Ice Climber,Ice Climber,"January 30, 1985",Nintendo
Ide Yosuke Meijin no Jissen Mahjong,—,"September 24, 1987",Capcom
Idol Hakkenden,—,"September 14, 1989",Towachiki
Igo Shinan,—,"July 14, 1989",Hect
Igo Shinan '92,—,"March 10, 1992",Hect
Igo Shinan '94,—,"December 17, 1993",Hect
Ikari,Ikari Warriors,"November 26, 1986",K Amusement
Ikari III,Ikari Warriors III: The Rescue,"March 16, 1990",K Amusement
Ikinari Musician,—,"March 5, 1987",Tokyo Shoseki
Image Fight,Image Fight,"March 16, 1990",Irem
Indora no Hikari,—,"October 20, 1987",Kemco
Ishin no Arashi,—,"September 15, 1990",Koei
Izaki Shuugorou no Keiba Hisshougaku,—,"March 30, 1990",Imagineer
Datach: J. League Super Top Players,—,"April 22, 1994",Bandai
Jackie Chan,Jackie Chan's Action Kung Fu,"January 25, 1991",Hudson Soft
Jajamaru Ninpou Chou,—,"March 28, 1989",Jaleco
Jangou,—,"August 30, 1990",Victor
Jesus: Kyofu no Bio Monster,—,"March 17, 1989",King Records
Jigoku Gokuraku Maru,Kabuki: Quantum Fighter,"December 21, 1990",Pack-In-Video
Jikuu Yuten Debias,—,"November 27, 1987",Namco
Joust,Joust,"October 30, 1987",HAL
JuJu Densetsu,Toki,"July 19, 1991",Taito
Jumpin' Kid: Jack to Mame no Ki Monogatari,—,"December 19, 1990",Asmik
Juuryoku Soukou Metal Storm,Metal Storm,"April 24, 1992",Irem
Jyuouki,—,"July 20, 1990",Asmik
Kage,Shadow of the Ninja/Blue Shadow,"August 10, 1990",Natsume
Kagerou Densetsu,—,"May 11, 1990",Pixel Multimedia
Kai no Bouken: The Quest of Ki,—,"July 22, 1988",Namco
Kaiketsu Yancha Maru,Kid Niki: Radical Ninja,"October 2, 1987",Irem
Kaiketsu Yanchamaru 3: Taiketsu! Zouringen,—,"March 30, 1993",Irem
Kame no Ongaeshi,Xexyz,"August 26, 1988",Hudson Soft
Kamen no Ninja Hamaru,Yo! Noid,"March 16, 1990",Capcom
Kamen Rider SD,—,"January 22, 1993",Angel
Karaoke Studio,—,"July 30, 1987",Bandai
Karaoke Studio Senyou Cassette Vol. 2,—,"February 18, 1988",Bandai
Karnov,Karnov,"December 18, 1987",Namco
Kawa no Nushi Tsuri,—,"August 10, 1990",Pack-In-Video
Kero Kero Keroppi no Daibouken,—,"March 29, 1991",Character Soft
Keroppi to Keroriinu no Splash Bomb,—,"December 1, 1993",Character Soft
King Kong 2: Ikari no Megaton Punch,—,"December 18, 1986",Konami
King's Knight,King's Knight,"September 18, 1986",Square
Kiteretsu Daihyakka,—,"February 23, 1990",Epoch
Klax,Klax (unlicensed),"December 14, 1990",Hudson Soft
Konami Sports in Seoul,Track & Field II,"September 16, 1989",Konami
Kōryū Densetsu Villgust Gaiden,—,"July 30, 1993",Angel
Kujaku Ou,—,"September 21, 1988",Pony Canyon
Kunio-Kun no Jidaigeki dayo Zenin Shuugou: Downtown Special,—,"July 26, 1991",Technos Japan
Kurogane Hiroshi no Yosou Daisuki! Kachiuma Densetsu,—,"April 20, 1990",Nihon Bussan
Kyonshis 2,—,"September 25, 1987",Taito
Kyoryu Sentai Zyuranger,—,"November 13, 1992",Angel
Kyouto Ryuu no Tera Satsujin Jiken - Yamamura Misa Suspense,—,"December 11, 1987",Taito
Kyuukyoku Harikiri Koshien,—,"March 19, 1992",Taito
Kyuukyoku Harikiri Stadium '88,—,"December 16, 1988",Taito
Kyuukyoku Harikiri Stadium III,—,"March 1, 1991",Taito
L'Empereur,L'Empereur,"May 23, 1991",Koei
Lagrange Point,—,"April 26, 1991",Konami
Law of the West,—,"March 6, 1987",Pony Canyon
Little Magic,—,"September 14, 1990",Data East
Lode Runner,Lode Runner,"July 31, 1984",Hudson Soft
Lost Word of Jenny,—,"March 25, 1987",Takara
Lunar Ball,Lunar Pool,"December 5, 1985",Pony Canyon
Mach Rider,Mach Rider,"November 21, 1985",Nintendo
Magic Candle,—,"March 6, 1992",Sammy
Magic John,Totally Rad,"September 28, 1990",Jaleco
Magical Taruruto-Kun 2: Magical Adventure,—,"June 19, 1992",Bandai
MagMax,MagMax,"March 19, 1986",Nihon Bussan
MahaRaja,—,"September 29, 1989",Sunsoft
Mahjong Club Nagatacho: Sousaisen,—,"April 25, 1991",Hect
Mahjong Taisen,—,"May 20, 1992",Nihon Bussan
Maison Ikkoku,—,"July 21, 1988",Bothtec
Majou Densetsu II: The Maze of Galious,—,"August 11, 1987",Konami
Makai-Mura,Ghosts 'n Goblins,"June 13, 1986",Capcom
Mappy,—,"November 14, 1984",Namco
Mappy-Land,Mappy-Land,"November 26, 1986",Namco
Mario Open Golf,NES Open Tournament Golf,"September 20, 1991",Nintendo
Mashin Eiyuden Wataru Gaiden,—,"March 23, 1990",Hudson Soft
Masuzoe Kaname Icchou Made Famicom,—,"April 17, 1992",Coconuts Japan
Matsumoto Akira no Kabushiki Hisshougaku,—,"February 18, 1988",Imagineer
Max Warrior,Isolated Warrior,"February 15, 1991",VAP
Meikyuu Kumikyoku,Milon's Secret Castle,"November 13, 1986",Hudson Soft
Meimon! Daisan Yakyuubu,—,"August 8, 1989",Bandai
Meitantei Holmes: Kiri no London Satsujin Jiken,—,"May 13, 1988",Towachiki
Melville no Honoo,—,"August 11, 1989",Gakken
Metal Gear,Metal Gear,"December 22, 1987",Konami
Metal Slader Glory,—,"August 30, 1991",HAL
Mezase! Top Pro: Green ni Kakeru Yume,—,"March 5, 1993",Jaleco
Mickey Mouse III: Yume Fuusen,Kid Klown in Night Mayor World,"September 25, 1992",Kemco
Mighty Bomb Jack,Mighty Bomb Jack,"April 24, 1986",Tecmo
Millipede,Millipede,"October 1, 1987",HAL
Minelvaton Saga: Ragon no Fukkatsu,—,"October 23, 1987",Taito
Minna no Tabou no Nakayoshi Daisakusen,—,"November 22, 1991",Character Soft
Mirai Senshi Raios,—,"December 1, 1989",Pack-In-Video
Mississippi Satsujin Jiken,—,"October 31, 1986",Jaleco
Mitokoumon II: Sekai Manyuuki,—,"August 11, 1988",Sunsoft
Mizushima Shinji no Daikoushien,—,"October 26, 1990",Capcom
Moe-Pro! Saikyou Hen,Bases Loaded 4,"November 22, 1991",Jaleco
Moero!! Judo Warriors,—,"June 29, 1990",Jaleco
Moero!! Pro Soccer,Goal!,"December 23, 1988",Jaleco
Moero!! Pro Yakyuu,Bases Loaded,"June 26, 1987",Jaleco
Moero!! Pro Yakyuu '90: Kandouhen,Bases Loaded 3,"July 27, 1990",Jaleco
Mokushi Pachi Pro: Pachi Otto-Kun,—,"December 18, 1987",Coconuts Japan
Momotarou Densetsu Gaiden,—,"December 17, 1993",Hudson Soft
Money Game,—,"August 10, 1988",SOFEL
Monopoly,Monopoly,"November 1, 1991",Tomy
Moon Crystal,—,"August 28, 1992",Hect
Mother,Earth Bound (unreleased),"July 27, 1989",Nintendo
Mottomo Abunai Deka,—,"February 6, 1990",Toei Animation
Murder Club,—,"June 30, 1989",SETA
Musashi no Ken – Tadaima Shugyo Chu,—,"August 8, 1986",Taito
Nagagutsu o Haita Neko: Sekai Isshū 80 Nichi Dai Bōken,Puss 'n Boots: Pero's Great Adventure,"November 21, 1986",Toei Animation
Nakajima Satoru F-1 Hero 2,—,"September 27, 1991",Varie
Namco Classic,—,"May 27, 1988",Namco
Namco Mahjong III: Mahjong Tengoku,—,"March 8, 1991",Namco
Nantettatte Baseball KO Game Cassette '91 Kaimakuban,—,"May 23, 1991",Sunsoft
Napoleon Senki,—,"March 18, 1988",Irem
Nekketsu Kakutou Densetsu,—,"December 23, 1992",Technos Japan
Nekketsu Koukou Dodge Ball Bu,Super Dodge Ball,"July 26, 1988",Technos Japan
Nekketsu Street Basket: Ganbare Dunk Heroes,—,"December 22, 1993",Technos Japan
New York Nyankies,Rockin' Kats,"April 5, 1991",Atlus
NHK Gakuen - Space School - Sansu 4 Nen (Jou),—,1989,"Konami, NHK, Tokyo Shoseki"
NHK Gakuen - Space School - Sansu 5 Nen (Jou),—,1989,"Konami, NHK, Tokyo Shoseki"
NHK Gakuen - Space School - Sansu 6 Nen (Jou),—,1989,"Konami, NHK, Tokyo Shoseki"
Niji no Silkroad,—,"February 22, 1991",Victor
Ninja Cop Saizou,Wrath of the Black Manta,"November 17, 1989",Kyugo
Ninja Hattori-kun,—,"March 5, 1986",Hudson Soft
Ninja Jajamaru: Ginga Daisakusen,—,"March 29, 1991",Jaleco
Ninja Kun: Ashura no Shou,—,"May 27, 1988",UPL
Ninja Ryuukenden,Ninja Gaiden/Shadow Warriors,"December 9, 1988",Tecmo
Ninja Ryuukenden III,Ninja Gaiden III: The Ancient Ship of Doom/Shadow Warriors III,"June 21, 1991",Tecmo
Nishimura Kyoutarou Mystery: Blue Train Satsujin Jiken,—,"January 20, 1989",Irem
Nobunaga no Yabou: Bushou Fuuunroku,—,"December 21, 1991",Koei
Nobunaga no Yabou: Zenkokuban,Nobunaga's Ambition,"March 18, 1988",Koei
Nuts & Milk,—,"July 28, 1984",Hudson Soft
Obocchamakun,—,"April 5, 1991",Tecmo
Oeka Kids - Anpanman no Hiragana Daisuki,—,"March 26, 1991",Bandai
Oishinbo: Kyukyoku no Menu 3bon Syoubu,—,"July 25, 1989",Bandai
Onyanko Town,—,"November 21, 1985",Pony Canyon
Osomatsu-Kun: Back to Zami no Deppa,—,"December 8, 1989",Bandai
Outlanders,—,"December 4, 1987",Victor
Paaman,—,"December 14, 1990",Irem
Pac-Land,—,"November 21, 1985",Namco
Pachicom,—,"November 21, 1985",Toshiba EMI
Pachi-Slot Adventure 3: Bitaoshii 7 Kenzan!,—,"May 13, 1994",Coconuts Japan
Pachinko Daisakusen 2,—,"July 10, 1992",Coconuts Japan
Pachiokun 3,—,"October 26, 1990",Coconuts Japan
Pachiokun 5,—,"June 11, 1993",Coconuts Japan
Palamedes 2,—,"May 17, 1991",Hot B
Parareru World,—,"August 10, 1990",Varie
Paris-Dakar Rally Special,—,"February 3, 1988",CBS Sony Group
Peepar Time,—,"August 10, 1990",Sanritsu Denki
Perfect Bowling,—,"July 25, 1989",Tonkin House
Pinball,Pinball,"February 2, 1984",Nintendo
Pizza Pop,—,"January 7, 1992",Jaleco
Pocket Zaurus: Ju Ouken no Nazo,—,"February 27, 1987",Bandai
Popeye,Popeye,"July 15, 1983",Nintendo
Portopia Renzoku Satsujin Jiken,—,"November 29, 1985",Enix
Power Soccer,—,"March 30, 1990",Tokuma Shoten
President no Sentaku,—,"March 2, 1990",Hot B
Pro Yakyuu Family Stadium '87,—,"December 22, 1987",Namco
Pro Yakyuu Satsujin Jiken!,—,"December 24, 1988",Capcom
Puyo Puyo,—,"July 23, 1993",Tokuma Shoten
Puzznic,Puzznic,"July 19, 1991",IGS
Pyokotan no Daimeiro,—,"March 19, 1993",Sunsoft
Quarth,—,"April 13, 1990",Konami
Quiz Project Q: Cutie Project & Battle 1000,—,"May 29, 1992",Hect
Radia Senki: Reimeihen,—,"November 15, 1991",Tecmo
Raid on Bungeling Bay,Raid on Bungeling Bay,"February 22, 1985",Hudson Soft
Rambo,Rambo,"December 4, 1987",Pack-In-Video
Rasāru Ishii no Childs Quest,—,"June 23, 1989",Namco
Red Arremer II,Gargoyle's Quest II: The Demon Darkness,"July 17, 1992",Capcom
Ripple Island,—,"January 23, 1988",Sunsoft
Robocco Wars,—,"August 2, 1991",IGS
RoboCop 2,RoboCop 2,1990,Data East
Robot Gyro,Gyromite,"August 13, 1985",Nintendo
Rockman 2: Dr. Wily no Nazo,Mega Man 2,"December 24, 1988",Capcom
Rockman 4: Aratanaru Yabō!!,Mega Man 4,"December 6, 1991",Capcom
Rockman 6: Shijō Saidai no Tatakai!!,Mega Man 6,"October 5, 1993",Capcom
Rollerball,Rollerball,"December 20, 1988",HAL
Route 16 Turbo,—,"October 4, 1985",Sunsoft
RPG Jinsei Game,—,"November 26, 1993",Takara
Saikoushi Sedi,—,"December 24, 1988",Fuji Television
Saint Seiya 2,—,"May 30, 1988",Bandai
Saiyuuki World 2,Whomp 'Em,"December 7, 1990",Jaleco
Salad no Kuni no Tomato Hime,Princess Tomato in the Salad Kingdom,"May 27, 1988",Hudson Soft
San Goku Shi,Romance of the Three Kingdoms,"October 30, 1988",Koei
San Goku Shi: Chuugen no Hasha,—,"July 29, 1988",Namco
Sanada Juu Yuushi,—,"June 24, 1988",Kemco
Sanrio Carnival,—,"November 22, 1990",Character Soft
Sanrio Cup: Pon Pon Volley,—,"July 17, 1992",Character Soft
Sansū 1-nen: Keisan Game,—,"April 25, 1986",Tokyo Shoseki
Sansū 3-nen: Keisan Game,—,"April 25, 1986",Tokyo Shoseki
Sansū 5+6-nen: Keisan Game,—,"October 30, 1986",Tokyo Shoseki
Satsui no Kaisou,—,"January 7, 1988",HAL
SD Gundam Gachapon Senshi 2: Capsule Senki,—,"June 25, 1989",Bandai
SD Gundam Gachapon Senshi 4: New Type Story,—,"December 21, 1991",Yutaka
SD Gundam Gaiden: Knight Gundam Monogatari,—,"August 11, 1990",Bandai
SD Gundam Gaiden: Knight Gundam Monogatari 3,—,"October 23, 1992",Bandai
SD Hero Soukessen: Taose! Aku no Gundan,—,"July 7, 1990",Banpresto
SD Sengoku Bushou Retsuden: Rekka no Gotoku Tenka o Nusure!,—,"September 8, 1990",Banpresto
Seikima II Akuma no Gyakushū!,—,"December 25, 1986",CBS Sony Group
Seirei Gari,—,"December 8, 1989",Hudson Soft
Senjo no Ookami,Commando,"September 27, 1986",Capcom
Shadowgate,Shadowgate,"March 31, 1989",Kemco
Shanghai II,—,"August 24, 1990",Sunsoft
Shikinjo,—,"April 26, 1991",Toei Animation
Shin Moero!! Pro Yakyuu,—,"July 13, 1989",Jaleco
Shinjinrui,Adventures of Dino Riki,"February 10, 1987",Rix Soft
Shougi Meikan '92,—,"January 30, 1992",Hect
Shogun,—,"May 27, 1988",Hect
Shuffle Fight,—,"October 9, 1992",Banpresto
Side Pocket,Side Pocket,"October 30, 1987",Namco
Sky Destroyer,—,"November 14, 1985",Taito
Snow Bros.,Snow Brothers,"December 6, 1991",Toaplan
Softball Tengoku,Dusty Diamond's All-Star Softball,"October 27, 1989",Tonkin House
Solomon no Kagi 2,Solomon's Key 2/Fire 'n Ice,"January 24, 1992",Tecmo
SonSon,—,"February 8, 1986",Capcom
Space Harrier,—,"January 6, 1989",Takara
Space Invaders,—,"April 17, 1985",Taito
Spartan X,Kung Fu,"June 21, 1985",Nintendo
Spelunker,Spelunker,"December 7, 1985",Irem
Splatterhouse: Wanpaku Graffiti,—,"July 31, 1989",Namco
Spy vs. Spy,Spy VS. Spy,"April 26, 1986",Kemco
Sqoon,Sqoon,"June 26, 1986",Irem
Star Force,Star Force,"June 25, 1985",Hudson Soft
Star Soldier,Star Soldier,"June 13, 1986",Hudson Soft
Star Wars,Star Wars,"November 15, 1991",Victor
Stargate,Defender II,"September 24, 1987",HAL
Stick Hunter,—,"December 18, 1987",K Amusement
Suikoden: Tenmei no Chikai,Bandit Kings of Ancient China,"June 25, 1990",Koei
Super Arabian,—,"July 25, 1985",Sunsoft
Super Chinese,Kung-Fu Heroes,"June 20, 1986",Namco
Super Chinese 3,—,"March 1, 1991",Culture Brain
Super Dynamix Badminton,—,"August 26, 1988",VAP
Super Mario Bros. 3,Super Mario Bros. 3,"October 23, 1988",Nintendo
Super Mogura Tataki!! Pokkun Mogura,—,"December 8, 1989",IGS
Super Pinball,—,"August 23, 1988",Coconuts Japan
Super Real Baseball '88,—,"July 30, 1988",VAP
Super Sprint,Super Sprint (unlicensed),"August 3, 1991",Altron
Super Star Pro Wrestling,WCW Wrestling,"December 9, 1989",Pony Canyon
Superman,Superman,"December 26, 1987",Kemco
Sweet Home,—,"December 15, 1989",Capcom
Tag Team Pro Wrestling,Tag Team Wrestling,"April 2, 1986",Namco
Taito Chase H.Q.,—,"December 8, 1989",Taito
Taiyou no Shinden Asteka II,Tombs & Treasure,"August 3, 1988",Tokyo Shoseki
Takahashi Meijin no Boken Jima,Adventure Island,"September 12, 1986",Hudson Soft
Takahashi Meijin no Boken Jima III,Adventure Island 3,"July 31, 1992",Hudson Soft
Takahashi Meijin no Bug-tte Honey,—,"June 5, 1987",Hudson Soft
Takeda Shingen II,Shingen the Ruler,"August 21, 1989",Hot B
Takeshi no Sengoku Fūunji,—,"November 25, 1988",Taito
Tanigawa Koji no Shougi Shinan II,—,"March 18, 1988",Pony Canyon
Tantei Jinguji Saburo: Yokohamakou Renzoku Satsujin Jiken,—,"February 26, 1988",Data East
Tao,—,"December 1, 1989",VAP
Tatakae! Chō Robot Seimeitai Transformers: Convoy no Nazo,—,"December 5, 1986",Takara
Tatake!! Ramen-Man,—,"August 10, 1988",Bandai
Tecmo Super Bowl,Tecmo Super Bowl,"December 13, 1991",Tecmo
Teenage Mutant Ninja Turtles: Super Kame Ninja,Teenage Mutant Ninja Turtles II: The Arcade Game(USA version)Teenage Mutant Hero Turtles II: The Arcade Game (European version),"December 7, 1990",Konami
Tenchi o Kurau,Destiny of an Emperor,"May 19, 1989",Capcom
Tenkaichi Bushi Keru Naguuru,—,"July 21, 1989",Namco
Terao no Dosukoi Oozumou,—,"November 24, 1989",Jaleco
Terra Cresta,Terra Cresta,"September 27, 1986",Nihon Bussan
Tetris,—,"December 22, 1988",Bullet-Proof Software
Tetris Flash,Tetris 2,"September 21, 1993",Nintendo
Tetsuwan Atom,—,"February 26, 1988",Konami
Thunderbirds,Thunderbirds,"September 29, 1989",Pack-In-Video
Time Zone,—,"October 25, 1991",Sigma Entertainment
Tiny Toon Adventures,Tiny Toon Adventures,"December 20, 1991",Konami
Titan,—,"August 10, 1990",SOFEL
Tobidase Daisakusen 2: JJ,—,"August 21, 1989",Square
Tokoro-san no Mamoru mo Semeru mo,—,"June 27, 1987",Epic/Sony Records
Tom & Jerry,Tom & Jerry,"November 13, 1992",Altron
Top Gun,Top Gun,"December 11, 1987",Konami
Top Rider,—,"December 17, 1988",Varie
Totsuzen! Macho Man,Amagon,"December 2, 1988",Vic Tokai
Touhou Kenbunku,—,"November 10, 1988",Natsume
Toukon Club,—,"July 24, 1992",Jaleco
The Triathlon,—,"December 16, 1988",K Amusement
Tsuppari Wars,—,"June 28, 1991",Sammy
Tsuru Pikahage Maru: Mezase! Tsuruseko no Akashi,—,"December 13, 1991",Jaleco
TwinBee,—,"January 4, 1986",Konami
Uchuu Keibitai SDF,—,"September 7, 1990",HAL
Ultima,Ultima III: Exodus,"October 9, 1987",Pony Canyon
Ultraman Club Kaijuu Dai Kessen!!,—,"December 25, 1992",Angel
Ultraman Club 2: Kaettekita Ultraman Club,—,"April 7, 1990",Yutaka
The Untouchables,The Untouchables,"December 20, 1991",Altron
Urusei Yatsura: Lum's Wedding Bell,—,"October 23, 1986",Jaleco
USA Ice Hockey in FC,Pro Sport Hockey,"March 6, 1993",Jaleco
Utsurun Desu.: Kawauso Hawaii e Iku!!!,—,"March 6, 1992",Takara
Valis: The Fantasm Soldier,—,"August 21, 1987",Tokuma Shoten
Venus Senki,—,"October 14, 1989",Varie
Volguard II,—,"December 7, 1985",DB Soft
Wagyan Land 2,—,"December 14, 1990",Namco
Wai Wai World,—,"January 14, 1988",Konami
Wanpaku Duck Yume Bouken,DuckTales,"January 26, 1990",Capcom
Wario no Mori,Wario's Woods,"February 19, 1994",Nintendo
Western Kids,Cowboy Kid,"September 13, 1991",Visco
Wild Gunman,Wild Gunman,"February 18, 1984",Nintendo
Wily & Right no RockBoard: That's Paradise,—,"January 15, 1993",Capcom
Winners Cup,—,"August 12, 1988",Data East
Wizardry: Proving Grounds of the Mad Overlord,Wizardry: Proving Grounds of the Mad Overlord,"December 22, 1987",ASCII
Wizardry III: Knight of Diamonds - The Second Scenario,Wizardry: Knight of Diamonds - The Second Scenario,"March 9, 1990",ASCII
World Boxing,—,"September 8, 1990",TSS
World Super Tennis,Top Players' Tennis/Four Players' Tennis,"October 13, 1989",Asmik
WWF WrestleMania Challenge,WWF WrestleMania Challenge,"March 27, 1992",Hot B
Yie Ar Kung Fu,—,"April 22, 1985",Konami
Yoshi no Tamago,Yoshi (USA version)Mario & Yoshi (European version),"December 14, 1991",Nintendo
Youkai Club,—,"May 19, 1987",Jaleco
Ys,—,"August 26, 1988",Victor
Ys III: Wanderers from Ys,—,"September 27, 1991",Victor
Datach: YuYu Hakusho: Bakutō Ankoku Bujutsu Kai,—,"October 22, 1993",Bandai
Zenbei!! Pro Basketball,All-Pro Basketball,"July 21, 1989",Vic Tokai
