2,Naomi Scott,"1,541,306","53,148",C,Low
4,Jennifer Syme,"1,177,777","40,613",Start,Low
5,Bella Thorne,"1,087,096","37,486",C,Low
6,Sophie Turner,"1,041,864","35,926",C,Low
17,Taron Egerton,"811,050","27,967",Start,Low
18,Zendaya,"781,356","26,943",C,Low
21,Lady Gaga,"741,685","25,575",FA,Low
22,Michael Jackson,"740,691","25,541",FA,Low
24,Will Smith,"663,651","22,884",B,High
25,Terry Crews,"658,614","22,710",Start,Low
28,Jason Momoa,"641,088","22,106",C,Low
30,Clint Eastwood,"631,117","21,762",GA,High
31,Ariana Grande,"630,682","21,747",B,Low
33,Tom Cruise,"626,979","21,619",B,High
35,Robert Downey Jr.,"622,646","21,470",GA,High
41,Arnold Schwarzenegger,"608,022","20,966",B,High
43,Aubrey Plaza,"594,851","20,512",C,Low
46,Scarlett Johansson,"583,418","20,117",FA,High
47,Taylor Swift,"581,603","20,055",FA,Low
48,Tom Hanks,"568,717","19,610",B,High
49,Millie Bobby Brown,"563,670","19,436",C,Low
53,Shaquille O'Neal,"530,515","18,293",B,Low
56,Eminem,"528,252","18,215",B,Low
57,Leonardo DiCaprio,"526,753","18,163",GA,High
58,Samuel L. Jackson,"526,720","18,162",C,Top
60,Elvis Presley,"525,507","18,120",FA,High
62,Marilyn Monroe,"511,825","17,649",FA,Top
63,Robin Williams,"510,849","17,615",B,High
64,Nicole Kidman,"505,511","17,431",B,High
66,Ryan Reynolds,"484,168","16,695",C,Low
69,Reese Witherspoon,"467,796","16,130",FA,High
74,Sandra Bullock,"448,351","15,460",C,High
79,Gwyneth Paltrow,"434,138","14,970",B,High
80,Angelina Jolie,"430,394","14,841",FA,High
85,Christina Applegate,"421,290","14,527",B,High
87,Johnny Depp,"417,412","14,393",B,High
90,Selena Gomez,"409,325","14,114",C,Low
91,Bruce Lee,"408,640","14,091",B,High
96,Emma Thompson,"390,367","13,460",GA,High
98,Elsa Pataky,"389,091","13,416",C,Low
102,Mark Wahlberg,"384,224","13,249",C,High
111,Meryl Streep,"370,410","12,772",GA,Top
116,Heath Ledger,"360,016","12,414",B,High
123,Halle Berry,"351,397","12,117",GA,High
124,Cher,"349,831","12,063",GA,High
129,Judy Garland,"348,132","12,004",C,Top
137,Quentin Tarantino,"339,095","11,692",GA,High
142,Harrison Ford,"330,769","11,405",B,Top
146,Jack Nicholson,"326,557","11,260",C,High
148,Julia Roberts,"325,668","11,229",C,High
150,Betty White,"323,526","11,156",C,High
160,Audrey Hepburn,"314,242","10,835",B,Top
161,Sean Connery,"313,930","10,825",B,Top
169,James Cameron,"303,714","10,472",B,High
177,Joaquin Phoenix,"300,086","10,347",B,High
180,Natalie Portman,"299,257","10,319",B,High
194,Robert De Niro,"288,619","9,952",C,Top
196,Howard Hughes,"287,416","9,910",B,Low
197,Charlize Theron,"286,408","9,876",C,High
198,Kevin Bacon,"286,023","9,862",C,High
202,Nicolas Cage,"282,380","9,737",C,High
208,Denzel Washington,"280,701","9,679",C,High
210,John Wayne,"276,084","9,520",C,High
211,Rachel McAdams,"276,022","9,518",GA,High
213,Liam Neeson,"274,412","9,462",C,High
215,Cameron Diaz,"274,202","9,455",C,High
218,George Clooney,"273,786","9,440",B,High
219,Christian Bale,"273,154","9,419",B,High
223,Anne Hathaway,"271,081","9,347",FA,High
224,Kirk Douglas,"270,468","9,326",B,Top
227,Sharon Tate,"269,441","9,291",B,High
238,John Travolta,"260,235","8,973",C,High
252,Jane Fonda,"253,774","8,750",GA,High
261,Rowan Atkinson,"251,098","8,658",C,High
263,Al Pacino,"250,342","8,632",GA,High
266,Mel Gibson,"248,224","8,559",B,High
268,Channing Tatum,"247,624","8,538",C,Low
269,Anna Kendrick,"247,070","8,519",C,Low
270,Hailey Baldwin,"246,035","8,483",C,Low
275,Mariah Carey,"242,607","8,365",FA,Low
278,Pierce Brosnan,"241,751","8,336",GA,High
284,Elizabeth Taylor,"239,289","8,251",C,Top
286,Michael J. Fox,"238,941","8,239",GA,High
287,Justin Theroux,"238,670","8,230",C,Low
288,Michael Douglas,"238,555","8,226",B,High
290,Awkwafina,"237,812","8,200",Start,Low
293,Jackie Chan,"234,975","8,102",B,High
300,Oprah Winfrey,"232,044","8,001",B,High
307,Steven Spielberg,"228,136","7,866",C,Top
308,Danny DeVito,"227,757","7,853",C,High
310,Charlie Chaplin,"227,135","7,832",FA,Top
311,Robert Redford,"226,734","7,818",B,High
318,Laura Linney,"225,169","7,764",B,High
323,Rachel Weisz,"224,183","7,730",GA,High
326,Keira Knightley,"223,185","7,696",B,High
328,Hilary Swank,"223,011","7,690",B,High
332,Bruce Willis,"222,398","7,668",C,High
339,Morgan Freeman,"216,715","7,472",B,Top
340,Guy Ritchie,"215,878","7,444",C,Low
346,Eddie Murphy,"212,407","7,324",C,High
358,Kevin Spacey,"208,856","7,201",C,High
360,Paul Newman,"207,905","7,169",B,High
371,Akshay Kumar,"204,961","7,067",B,High
373,Sean Penn,"204,456","7,050",C,High
375,Dick Van Dyke,"203,849","7,029",C,High
378,Russell Crowe,"202,468","6,981",B,High
399,Emily Ratajkowski,"198,018","6,828",GA,Low
424,John Candy,"192,231","6,628",B,High
428,Carrie Fisher,"191,378","6,599",B,Low
438,Angela Lansbury,"187,737","6,473",GA,High
451,Amitabh Bachchan,"184,971","6,378",B,High
454,Michelle Pfeiffer,"184,135","6,349",GA,High
468,Burt Reynolds,"181,386","6,254",B,High
470,Mark Hamill,"180,822","6,235",C,High
471,Roman Polanski,"180,666","6,229",B,High
472,Barbra Streisand,"180,353","6,219",B,High
474,Cate Blanchett,"179,953","6,205",B,High
477,John Cusack,"179,521","6,190",C,High
480,John Stamos,"178,996","6,172",C,Low
484,Goldie Hawn,"178,052","6,139",B,High
487,Ralph Fiennes,"177,517","6,121",C,High
504,Jodie Foster,"172,344","5,942",B,High
506,Helen Mirren,"171,079","5,899",B,High
517,Bill Cosby,"168,795","5,820",B,High
527,Aamir Khan,"166,338","5,735",B,High
534,Whoopi Goldberg,"165,488","5,706",B,High
543,Jared Leto,"164,965","5,688",C,High
546,Penélope Cruz,"164,742","5,680",GA,High
550,Quincy Jones,"163,355","5,632",B,High
552,Jeff Bridges,"163,020","5,621",C,High
559,Woody Allen,"161,918","5,583",C,High
562,James Dean,"161,161","5,557",B,High
582,Diane Keaton,"158,412","5,462",B,High
590,Will Ferrell,"157,061","5,415",C,High
595,Jude Law,"155,211","5,352",B,High
597,Lucille Ball,"154,772","5,336",B,High
598,Gary Oldman,"154,730","5,335",B,High
599,Stanley Kubrick,"154,572","5,330",GA,Top
627,Martin Scorsese,"148,777","5,130",B,Top
629,Philip Seymour Hoffman,"148,427","5,118",FA,High
636,Jon Voight,"147,372","5,081",C,High
637,Kal Penn,"147,347","5,080",C,Low
640,Anthony Hopkins,"146,916","5,066",C,High
645,Katharine Hepburn,"146,392","5,048",FA,Top
649,Dove Cameron,"146,079","5,037",C,Low
651,Harvey Weinstein,"145,940","5,032",B,High
653,Christopher Lee,"145,882","5,030",B,High
654,Cary Grant,"145,605","5,020",GA,Top
722,Anna Paquin,"135,984","4,689",C,High
726,Susan Sarandon,"135,718","4,679",C,High
730,Kajal Aggarwal,"135,398","4,668",C,Low
732,Hugh Grant,"135,079","4,657",GA,High
761,Sophia Loren,"132,693","4,575",C,High
770,Julianne Moore,"131,618","4,538",FA,High
772,Judi Dench,"131,555","4,536",B,High
792,Hugh Laurie,"128,707","4,438",B,High
800,David Lynch,"127,812","4,407",B,High
801,Alicia Keys,"127,718","4,404",B,Low
813,Colin Firth,"126,892","4,375",C,High
830,Carol Burnett,"124,684","4,299",C,High
832,Shirley Temple,"124,218","4,283",B,Top
865,Rekha,"121,325","4,183",B,High
871,Johnny Sins,"120,507","4,155",Start,Low
873,Hedy Lamarr,"120,310","4,148",B,High
897,Joe Pesci,"117,788","4,061",C,High
901,Emmy Rossum,"117,517","4,052",C,Low
917,Gene Hackman,"115,462","3,981",C,High
918,Kat Dennings,"115,407","3,979",C,Low
922,Kenny Rogers,"114,662","3,953",B,Low
936,Orson Welles,"114,135","3,935",B,Top
939,Coen brothers,"114,029","3,932",B,High
944,Vince Vaughn,"113,841","3,925",C,Low
945,David Harbour,"113,804","3,924",Start,Low
946,Humphrey Bogart,"113,676","3,919",B,Top
953,John Cleese,"112,959","3,895",B,High
955,Karl Urban,"112,704","3,886",C,Low
970,James Stewart,"111,336","3,839",B,Top
981,Phil Hartman,"110,793","3,820",FA,High
