Title[4][5][6][7],Backward compatible [8],Cartridge feature,Developer,Publisher,First released[9][10],JP,NA,EU/PAL,Nintendo eShop
007: The World Is Not Enough,No,N/A,2n Productions,Electronic Arts,"20010920010911September 11, 2001 (NA)September 28, 2001 (EU)",,,,No
3D Pocket Pool,No,N/A,Aardvark Software,Virgin Interactive,"20010320010330March 30, 2001 (EU)",,,,No
3D Ultra Pinball: Thrillride,No,Rumble Pak,Left Field Productions,Sierra On-Line,200012December 2000 (NA),,,,No
10 Pin Bowling,No,Rumble Pak,Morning Star Multimedia,Majesco,"19990819990801August 1, 1999 (NA,EU)",,,,No
1942,No,N/A,Digital Eclipse,Capcom,200005May 2000 (NA)2001 (EU),,,,No
720°,Yes,N/A,Digital Eclipse,Midway,"199903March 1999 (NA,EU)",,,,No
Action Man: Search for Base X,No,N/A,Natsume,THQ,"20010220010206February 6, 2001 (NA)March 9, 2001 (EU)",,,,No
The Adventures of the Smurfs,No,N/A,Infogrames,Infogrames,2001 (EU),,,,No
AirForce Delta•Deadly Skies EU,No,N/A,Climax,Konami,"20001120001122November 22, 2000 (JP)November 21, 2000 (NA)December 2000 (EU)",,,,No
Alfred's Adventure,No,N/A,Möbius Entertainment,Sales Curve Interactive,"20000920000901September 1, 2000 (EU)",,,,No
Alice in Wonderland,No,N/A,Digital Eclipse,Nintendo,"20001020001004October 4, 2000 (NA)April 20, 2001 (EU)",,,,No
Aliens: Thanatos Encounter,No,N/A,Crawfish Interactive,THQ,"20010320010330March 30, 2001 (NA, EU)",,,,No
All-Star Baseball 2000,No,N/A,Realtime Associates,Acclaim Sports,"199905May 1999 (NA,EU)",,,,No
All-Star Baseball 2001,No,N/A,KnowWonder,Acclaim Sports,200006June 2000 (NA),,,,No
All Star Tennis 2000 •DSF All Star Tennis DE•Yannick Noah All Star Tennis FR,Yes,N/A,Smart Dog,Ubi Soft,"19990619990625June 25, 1999 (EU)",,,,No
Alone in the Dark: The New Nightmare,No,N/A,Pocket Studios,Infogrames,"20010620010627June 27, 2001 (NA)May 18, 2001 (EU)",,,,No
Animal Breeder 3,Yes,N/A,J-Wing,J-Wing,"19990619990624June 24, 1999 (JP)",,,,No
Animal Breeder 4,No,N/A,J-Wing,J-Wing,"20010120010101January 1, 2001 (JP)",,,,No
Animastar GB,No,N/A,Aki Corp.,Media Factory,"20010320010330March 30, 2001 (JP)",,,,No
Animorphs,No,N/A,Runny-Fun,Ubi Soft,"20001120001107November 7, 2000 (NA)December 15, 2000 (EU)",,,,No
Anpfiff: Der RTL Fussball Manager,No,N/A,G3 Interactive,THQ,"20001020001021October 21, 2000 (EU)",,,,No
Antz,Yes,N/A,CLCE & Planet,Infogrames,"19990919990924September 24, 1999 (NA,EU)",,,,No
Antz Racing,No,N/A,RFX Interactive,Acclaim EntertainmentNAElectronic ArtsEU,"20010620010601June 1, 2001 (NA)March 30, 2001 (EU)",,,,No
Antz World Sportz,No,N/A,M4 Limited,Light and Shadow Production,"20011120011130November 30, 2001 (EU)",,,,No
AquaLife,Yes,N/A,Tamsoft,Tamsoft,"19991019991022October 22, 1999 (JP)",,,,No
Arle no Bouken: Mahou no Jewel,Yes,N/A,Compile,Compile,"20000320000331March 31, 2000 (JP)",,,,No
Armada: FX Racers,No,N/A,Metro3D,Metro3D,"20000820000825August 25, 2000 (NA)",,,,No
Armorines: Project S.W.A.R.M.,No,N/A,Neon Software,Acclaim Entertainment,"199912December 1999 (NA)December 3, 2000 (EU)",,,,No
Army Men,No,N/A,Digital Eclipse,The 3DO Company,"20000220000222February 22, 2000 (NA,EU)",,,,No
Army Men 2,No,N/A,Digital Eclipse,The 3DO Company,"20001020001031October 31, 2000 (NA)November 24, 2000 (EU)",,,,No
Army Men: Air Combat,No,N/A,Fluid Studios,The 3DO Company,"20001120001120November 20, 2000 (NA)November 24, 2000 (EU)",,,,No
Army Men: Sarge's Heroes 2,No,N/A,Game Brains,The 3DO Company,"20001120001121November 21, 2000 (NA)November 24, 2000 (EU)",,,,No
Arthur's Absolutely Fun Day!,No,N/A,Magnin & Associates,The Learning CompanyMattel Interactive,"20000920000907September 7, 2000 (NA, EU)",,,,No
Astérix: Search for Dogmatix•Astérix: Auf Der Suche Nach Idefix DE,No,N/A,Rebellion,Infogrames,"20000520000531May 31, 2000 (EU)",,,,No
Astérix & Obelix,Yes,N/A,Bit Managers,Infogrames,1999 (EU),,,,No
Astérix & Obélix vs. Caesar•Astérix & Obélix Contre César FR,Yes,N/A,Cryo Interactive,Cryo Interactive,"20000820000801August 1, 2000 (EU)",,,,No
Asteroids,Yes,N/A,Syrox Developments,Activision,"199909September 1999 (NA,EU)",,,,No
"Austin Powers: Oh, Behave!",No,N/A,Tarantula Studios,Rockstar Games,"20000920000918September 18, 2000 (NA)November 3, 2000 (EU)",,,,No
Austin Powers: Welcome to My Underground Lair!,No,N/A,Tarantula Studios,Rockstar Games,"20000920000918September 18, 2000 (NA)November 3, 2000 (EU)",,,,No
Azarashi Sentai Inazuma: Doki Doki Daisakusen,No,N/A,Omega Products,Omega Products,"20020320020329March 29, 2002 (JP)",,,,No
Azure Dreams•Other Life: Azure Dreams JP,Yes,N/A,Konami,Konami,"19990819990805August 5, 1999 (JP)February 2000 (NA)2000 (EU)",,,,No
B-Daman Bakugaiden: Victory e no Michi,Yes,N/A,C.P. Brain,Media Factory,"19990119990129January 29, 1999 (JP)",,,,No
B-Daman Bakugaiden V: Final Mega Tune,No,N/A,Media Factory,Media Factory,"20000220000204February 4, 2000 (JP)",,,,No
Babe and Friends,Yes,N/A,Aqua Pacific,Crave Entertainment,"199911November 1999 (NA,EU)",,,,No
Baby Felix: Halloween,No,N/A,Bit Managers,Light and Shadow Production,"20011220011219December 19, 2001 (EU)",,,,No
Backgammon,Yes,N/A,Altron,JVC EUAltron JP,"19990819990827August 27, 1999 (JP)December 1, 2000 (EU)",,,,No
Bad Batsumaru: Robo Battle,No,N/A,TOSE,Imagineer,"20010820010810August 10, 2001 (JP)",,,,No
Bakukyuu Renpatsu!! Super B-Daman: Gekitan! Rising Valkyrie!,Yes,N/A,Alpha Unit,Takara,"20000320000324March 24, 2000 (JP)",,,,No
Bakusou Dekotora Densetsu GB Special: Otoko Dokyou no Tenka Touitsu,No,N/A,Kid,Kid,"20000720000721July 21, 2000 (JP)",,,,No
Bakuten Shoot Beyblade,No,N/A,Broccoli,Hudson Soft,"20010720010727July 27, 2001 (JP)",,,,No
Ballistic•Puzz Loop JP,Yes,N/A,Mitchell Corporation,Infogrames NACapcomJP,"20000320000317March 17, 2000 (JP)November 1999 (NA)",,,,No
Balloon Fight GB,Yes,N/A,Pax Softonica,Nintendo,"20000720000731July 31, 2000 (JP)",,,,No
Barbie: Fashion Pack Games,Yes,N/A,Hyperspace Cowgirls,Mattel Interactive,"200009September 2000 (NA, EU)",,,,No
Barbie: Magic Genie Adventure,No,N/A,Vicarious Visions,Mattel Interactive,"20001120001111November 11, 2000 (NA)",,,,No
Barbie: Ocean Discovery•Barbie: Meeres Abenteur DE•Barbie: Chasse au Trésor Sous-Marine FR•Barbie: Avventure Nell'oceano ITA•Barbie: Diepzee Avontuur NL•Barbie: Aventura Submarina SPA,Yes,N/A,Realtime Associates,Mattel Interactive,"199905May 1999 (NA, EU)",,,,No
Barbie: Pet Rescue•Barbie: Pet Patrol EU,No,N/A,HotGen,Vivendi Universal Interactive Publishing,"20010820010815August 15, 2001 (NA)December 14, 2001 (EU)",,,,No
Barcode Taisen Bardigun,Yes,N/A,Graphic Research,Tomsoft,"19991219991211December 11, 1999 (JP)",,,,No
Bass Masters Classic,Yes,N/A,Natsume,THQ,"19991119991104November 4, 1999 (NA)December 31, 1999 (EU)",,,,No
Batman: Chaos in Gotham,No,N/A,Digital Eclipse,Ubi Soft,"20010420010416April 16, 2001 (NA)2001 (EU)",,,,No
Batman Beyond: Return of the Joker•Batman of the Future: Return of the Joker EU,No,N/A,Kemco,Ubi Soft,"20001120001120November 20, 2000 (NA)December 8, 2000 (EU)",,,,No
Battleship,Yes,N/A,Pack-In-Video,Majesco,199901January 1999 (NA)1999 (EU),,,,No
BattleTanx,No,N/A,Lucky Chicken Games,3DO,"200003March 2000 (NA, EU)",,,,No
Beatmania GB,Yes,N/A,Konami,Konami,"19990319990311March 11, 1999 (JP)",,,,No
Beatmania GB2: GotchaMix,Yes,N/A,Konami,Konami,"19991119991125November 25, 1999 (JP)",,,,No
Beatmania GB: GotchaMix 2,No,N/A,Konami,Konami,"20000920000928September 28, 2000 (JP)",,,,No
Benjamin Blümchen: Ein Verrückter Tag im Zoo,No,N/A,BVM Produktion,Kiddinx,"20011120011106November 6, 2001 (EU)",,,,No
Beyblade: Fighting Tournament,No,N/A,Hudson Soft,Hudson Soft,"20000820000811August 11, 2000 (JP)",,,,No
BiBi Blocksberg: Im Bann Der Hexenkugel,No,N/A,BVM Produktion,Kiddinx,"20011120011106November 6, 2001 (EU)",,,,No
"Bibi und Tina: Fohlen ""Felix"" in Gefahr",No,N/A,BVM Produktion,Kiddinx,"20020820020828August 28, 2002 (EU)",,,,No
Bikkuriman 2000: Charging Card GB,Yes,N/A,Imagineer,Imagineer,"20000620000610June 10, 2000 (JP)",,,,No
Billy Bob's Huntin'-N-Fishin',No,N/A,Saffire,Midway,"19991119991117November 17, 1999 (NA, EU)",,,,No
Bionic Commando: Elite Forces,No,N/A,Nintendo Software Technology,Nintendo,"20000120000124January 24, 2000 (NA, EU)",,,,Yes
Black Bass: Lure Fishing,Yes,N/A,Hot-B,Majesco,"199909September 1999 (NA, EU)",,,,No
The Black Onyx,No,N/A,Atelier Double,Taito,"19990319990302March 2, 1999 (JP)",,,,No
Blade,No,N/A,HAL Laboratory,Activision,"20001120001120November 20, 2000 (NA)December 8, 2000 (EU)",,,,No
Blaster Master: Enemy Below•Meta Fight EX JP,Yes,N/A,Sunsoft,Sunsoft,"20000220000224February 24, 2000 (JP)September 24, 2000 (NA)October 27, 2000 (EU)",,,,Yes
Blue's Clues: Blue's Alphabet Book,No,N/A,Vicarious Visions,Mattel Interactive,"20010120010130January 30, 2001 (JP)",,,,No
Boarder Zone•Supreme Snowboarding EU,No,N/A,Software Creations,Infogrames,"199912December 1999 (NA, EU)",,,,No
Bob et Bobette: Les Dompteurs du TempsFR •Suske en Wiske: De TijdtemmersBE,No,N/A,Engine Software,Witan Entertainment,2001 (EU),,,,No
Bob the Builder: Fix It Fun!,No,N/A,Tiertex,BBC Multimedia EUTHQ NA,"200109September 2001 (NA)November 10, 2000 (EU)",,,,No
Boku no Camp Jou,No,N/A,D-1000 Project,Naxat Soft,"20000920000922September 22, 2000 (JP)",,,,No
Bomberman Max: Blue Champion•Bomberman Max: Hikari no Yuusha JP,No,N/A,Hudson Soft,Vatical EntertainmentHudson Soft JP,"19990919990917September 17, 1999 (JP)May 14, 2000 (NA)",,,,No
Bomberman Max: Red Challenger•Bomberman Max: Yami no Senshi JP,No,N/A,Hudson Soft,Vatical EntertainmentHudson Soft JP,"19991219991217December 17, 1999 (JP)May 14, 2000 (NA)",,,,No
Bomberman Quest,Yes,N/A,Hudson Soft,Electro BrainHudson Soft JPVirgin Interactive EU,"19981219981224December 24, 1998 (JP)November 1999 (NA)May 1999 (EU)",,,,No
Bomberman Selection,No,N/A,Hudson Soft,Jupiter Corp.,"20030420030430April 30, 2003 (KOR)",,,,No
Bouken! Dondoko Shima,No,N/A,D-1000 Project,Global A Entertainment,"20020420020418April 18, 2002 (JP)",,,,No
Brave Saga Shinshou Astaria,No,N/A,Takara,Takara,"20010120010126January 26, 2001 (JP)",,,,No
Buffy the Vampire Slayer,No,N/A,Game Brains,THQ,"20000920000925September 25, 2000 (NA)November 10, 2000 (EU)",,,,No
Bugs Bunny: Crazy Castle 3,Yes,N/A,Kemco,NintendoKemco JP,"19990119990129January 29, 1999 (JP, NA, EU)",,,,No
Bugs Bunny in Crazy Castle 4•Bugs Bunny et le Cháteau des Catastrophes FRA,No,N/A,Kemco,Kemco,"20000420000421April 21, 2000 (JP)July 3, 2000 (NA, EU)",,,,No
Burger Burger Pocket: Hamburger Simulation,Yes,N/A,Biox,Gaps Inc.,"19990319990326March 26, 1999 (JP)",,,,No
Burger Paradise International,No,N/A,Biox,Gaps Inc.,"20000420000421April 21, 2000 (JP)",,,,No
Bust-A-Move 4•Puzzle Bobble 4 JP,Yes,N/A,Crawfish Interactive,Club AcclaimAltron JP,"20000420000428April 28, 2000 (JP)June 1999 (NA, EU)",,,,No
Bust-A-Move Millennium•Puzzle Bobble Millennium JP,No,N/A,"Dreams Co., Ltd.",Club AcclaimAltron JP,"20001220001222December 22, 2000 (JP)October 27, 2000 (NA)November 17, 2000 (EU)",,,,No
Caesars Palace II,No,N/A,RuneCraft Ltd.,Interplay Entertainment,"199907July 1999 (NA, EU)",,,,No
Cannon Fodder,No,N/A,Codemasters,Codemasters,"20001220001205December 5, 2000 (NA)November 24, 2000 (EU)",,,,No
Cardcaptor Sakura: Itsumo Sakura-chan to Issho!,Yes,N/A,M²TO,M²TO,"19990519990515May 15, 1999 (JP)",,,,No
Cardcaptor Sakura: Tomoeda Shougakkou Daiundoukai,No,N/A,M²TO,M²TO,"20001020001006October 6, 2000 (JP)",,,,No
Card Hero: Trading & Battle,Yes,N/A,Intelligent Systems,Nintendo,"20000220000221February 21, 2000 (JP)",,,,No
Carl Lewis Athletics 2000,No,N/A,Planet Interactive,Ubisoft,"20000920000915September 15, 2000 (EU)",,,,No
Carmageddon,No,N/A,Aqua Pacific,Titus Software NASales Curve Interactive EU,200004April 2000 (NA)2000 (EU),,,,No
Casper,No,N/A,G3 Interactive,Interplay Entertainment,200005May 2000 (NA),,,,No
Catwoman,No,N/A,Kemco,Kemco,199912December 1999 (NA)January 2000 (EU),,,,No
Catz,No,N/A,Saffire,Mindscape,"199912December 1999 (NA, EU)",,,,No
Centipede,Yes,N/A,Accolade,Majesco,"19981119981130November 30, 1998 (NA)1998 (EU)",,,,No
Championship Motocross 2001 Featuring Ricky Carmichael,No,N/A,Tiertex,THQ,"20001020001005October 5, 2000 (NA)",,,,No
Chase H.Q.: Secret Police•Taito Memorial: Chase H.Q. JP,Yes,N/A,"Dreams Co., Ltd.",Metro3D NAGaga Communications Inc. EUJorudan JP,"20000520000526May 26, 2000 (JP)May 30, 2000 (NA)August 1999 (EU)",,,,No
Checkmate,Yes,N/A,Altron,Altron,"19990419990416April 16, 1999 (JP)",,,,No
Chee-Chai Alien,No,Rumble Pak,"Creatures, Inc.","Creatures, Inc.","20010220010227February 27, 2001 (JP)",,,,No
Chessmaster,Yes,N/A,Park Place Productions,Mindscape,"19991119991115November 15, 1999 (NA, EU)",,,,No
Chi to Ase to Namida no Koukou Yakyuu,No,N/A,J-Wing,J-Wing,"19991119991103November 3, 1999 (JP)",,,,No
Chibi Maruko-chan: Go Chounai Minna de Game Da Yo!,No,N/A,Epoch,Epoch,"20010820010810August 10, 2001 (JP)",,,,No
Chicken Run,No,N/A,Blitz Games,THQ,"20001120001103November 3, 2000 (NA)November 24, 2000 (EU)",,,,No
Choro Q Hyper GB,No,N/A,Electronics Application,Takara,"19990719990730July 30, 1999 (JP)",,,,No
Chou Gals! Kotobuki Ran 2,Yes,N/A,Konami,Konami,"20020220020207February 7, 2002 (JP)",,,,No
Classic Bubble Bobble•Taito Memorial: Bubble Bobble JP,Yes,N/A,"Dreams Co., Ltd.",Metro3D NAGaga Communications Inc. EUJorudan JP,"20000520000526May 26, 2000 (JP)October 1999 (NA, EU)",,,,No
Colin McRae Rally,No,N/A,Spellbound Interactive,THQ,200101January 2001 (EU),,,,No
Columns GB: Tezuka Ozamu Characters,Yes,N/A,Game Studio,Media Factory,"19991119991105November 5, 1999 (JP)",,,,No
Command Master,No,N/A,Brain Dock,Enix,"20001120001122November 22, 2000 (JP)",,,,No
Commander Keen,No,N/A,David A. Palmer Productions,Activision,"20010520010530May 30, 2001 (NA)June 15, 2001 (EU)",,,,No
Conker's Pocket Tales,Yes,N/A,Rare,Rare,"19990619990608June 8, 1999 (NA)1999 (EU)",,,,No
Cool Bricks,No,N/A,Freestylez,Sales Curve Interactive,"19991219991201December 1, 1999 (EU)",,,,No
Croc,No,N/A,Virtucraft,THQ,"20000620000606June 6, 2000 (NA)December 1, 2000 (EU)",,,,No
Croc 2,No,N/A,Natsume,THQ,"20010120010125January 25, 2001 (NA)February 2, 2001 (EU)",,,,No
Cross Hunter: Monster Hunter Version,No,N/A,Game Village,Game Village,"20010420010412April 12, 2001 (JP)",,,,No
Cross Hunter: Treasure Hunter Version,No,N/A,Game Village,Game Village,"20010420010412April 12, 2001 (JP)",,,,No
Cross Hunter: X Hunter Version,No,N/A,Game Village,Game Village,"20010420010412April 12, 2001 (JP)",,,,No
Cruis'n Exotica,No,N/A,Crawfish Interactive,Midway,"20001120001106November 6, 2000 (NA)",,,,No
Crystalis,No,N/A,Nintendo Software Technology,Nintendo,"20000620000626June 26, 2000 (NA)",,,,No
Cubix: Robots for Everyone- Race 'N Robots,No,N/A,Blitz Games,The 3DO Company,"20011120011113November 13, 2001 (US)",,,,No
CyberTiger,No,N/A,Xantera,Electronic Arts,"200001January 2000 (NA)November 10, 2000 (EU)",,,,No
Cyborg Kuro-chan: Devil Fukkatsu!!,No,N/A,Konami,Konami,"20000320000323March 23, 2000 (JP)",,,,No
Cyborg Kuro-chan 2: White Woods no Gyakushuu,No,N/A,Konami,Konami,"20001020001019October 19, 2000 (JP)",,,,No
Daa! Daa! Daa! Totsuzen*Card de Battle de Uranai!?,No,N/A,Video System,Video System,"20001220001208December 8, 2000 (JP)",,,,No
Daffy Duck: Fowl Play•Daffy Duck: Auf Schatzsuche DE•Daffy Duck: Subette Koronde Ookanemochi JP,Yes,N/A,Sunsoft,Sunsoft,"20000120000101January 1, 2000 (JP)December 1999 (NA)2000 (EU)",,,,No
Daikaijuu Monogatari: The Miracle of the Zone II,Yes,N/A,Birthday,Hudson Soft,"19990319990319March 19, 1999 (JP)",,,,No
Daiku no Gen-san: Kachikachi no Tonkachi ga Kachi,Yes,N/A,Biox,Gaps Inc.,"20000420000428April 28, 2000 (JP)",,,,No
Dance Dance Revolution GB,No,N/A,KCET,Konami,"20000820000803August 3, 2000 (JP)",,,,No
Dance Dance Revolution GB: Disney Mix,No,N/A,KCET,Konami,"20010320010329March 29, 2001 (JP)",,,,No
Dance Dance Revolution GB2,No,N/A,KCET,Konami,"20001120001116November 16, 2000 (JP)",,,,No
Dance Dance Revolution GB3,No,N/A,KCET,Konami,"20010320010315March 15, 2001 (JP)",,,,No
Dancing Furby,Yes,N/A,TOSE,Tomy Corporation,"19991219991224December 24, 1999 (JP)",,,,No
Das Geheimnis der Happy Hippo-Insel,No,N/A,Kritzelkratz 3000 Gmbh,JoWooD,"20010520010517May 17, 2001 (EU)",,,,No
Data-Navi Pro Yakyuu,No,N/A,Now Production,Nowpro,"20000720000721July 21, 2000 (JP)",,,,No
Data-Navi Pro Yakyuu 2,No,N/A,Now Production,Nowpro,"20000720000713July 13, 2000 (JP)",,,,No
Dave Mirra Freestyle BMX,No,N/A,Neon Studios,Acclaim Max Sports,"20001120001110November 10, 2000 (JP)",,,,No
David Beckham Soccer,No,N/A,Yoyo Entertainment,Rage Software,"20020220020208February 8, 2002 (EU)",,,,No
David O'Leary's Total Soccer 2000,No,N/A,Exient Entertainment,Ubi Soft,200001January 2000 (EU),,,,No
Dear Daniel no Sweet Adventure: Kitty-chan o Sagashite,Yes,N/A,TOSE,Imagineer,"20000720000719July 19, 2000 (JP)",,,,No
Deer Hunter,No,N/A,Morning Star Multimedia,Vatical Entertainment,"19991219991222December 22, 1999 (NA)",,,,No
"Déjà Vu I&II: The Casebooks of Ace Harding
•Deja Vu I&IIJP",No,N/A,Infinite Ventures,Vatical Entertainment NAKemco JP,"19991019991015October 15, 1999 (JP)December 1999 (NA)",,,,No
Dejiko no Mahjong Party,No,N/A,Broccoli,King Records,"20001220001208December 8, 2000 (JP)",,,,No
Denki Blocks,No,N/A,Denki,Rage Software,200109September 2001 (EU),,,,No
Densha de Go!,No,N/A,Taito,CyberFront,"19991219991210December 10, 1999 (JP)",,,,No
Densha de Go! 2,No,N/A,Taito,CyberFront,"20001220001208December 8, 2000 (JP)",,,,No
Dexter's Laboratory: Robot Rampage,No,N/A,Altron,BAM! Entertainment,"20001120001123November 23, 2000 (NA)",,,,No
Die Maus,No,N/A,Bit Managers,Infogrames,1999 (EU),,,,No
Die Maus: Verrueckte Olympiade,No,N/A,Neon Studios,Infogrames,2001 (EU),,,,No
Die Original Moorhuhn Jagd,No,N/A,Nival Interactive,Ravensburger Interactive Media,200001January 2000 (EU),,,,No
Dino Breeder 3: Gaia Fukkatsu,Yes,N/A,J-Wing,J-Wing,"19990419990428April 28, 1999 (JP)",,,,No
Dino Breeder 4,Yes,N/A,J-Wing,J-Wing,"20000420000428April 28, 2000 (JP)",,,,No
Dinosaur'us,No,N/A,RFX Interactive,Electronic Arts,"20010220010202February 2, 2001 (EU)",,,,No
Disney's 102 Dalmatians: Puppies to the Rescue•102 Dalmatiner DE•Les 102 Dalmatiens: à la Rescousse FRA•102 Dalmatas: Cachorros Al Rescate SPA,No,N/A,Crystal Dynamics,Activision,"20001220001206December 6, 2000 (NA)December 8, 2000 (EU)",,,,No
Disney's Aladdin,No,N/A,Crawfish Interactive,Ubi Soft,"20001120001110November 10, 2000 (EU)",,,,No
Disney's Atlantis: The Lost Empire,No,N/A,Eurocom,THQ,"20010620010614June 14, 2001 (NA, EU)",,,,No
Disney's Beauty & The Beast: A Boardgame Adventure,Yes,N/A,Left Field Productions,Nintendo,"19991019991025October 25, 1999 (NA)December 1999 (EU)",,,,No
Disney's Donald Duck: Goin' Quackers•Donald Duck: Quack Attack EU•Donald Duck: Daisy o Tsukue! JP,No,N/A,Ubi Soft Milan,Ubi Soft,"20001220001201December 1, 2000 (JP)October 19, 2000 (NA)October 20, 2000 (EU)",,,,No
Disney's Doug: Doug's Big Game•Doug: La Grande Aventure FRA,No,N/A,Magellan Interactive,NewKidCo NAUbi Soft EU,"20001220001215December 15, 2000 (NA)April 6, 2001 (EU)",,,,No
Disney's Pooh and Tigger's Hunny Safari,No,N/A,Digital Eclipse,Electronic Arts NAUbi Soft EU,"200112December 2001 (NA)February 1, 2002 (EU)",,,,No
Disney's Tarzan,No,N/A,Digital Eclipse,Activision NA/EUSyscom JP,"20000320000324March 24, 2000 (JP)June 24, 1999 (NA, EU)",,,,No
Disney's The Emperor's New Groove,No,N/A,Sandbox Interactive,Ubisoft,"200012December 2000 (NA)March 16, 2001 (EU)",,,,No
Disney's The Lion King: Simba's Mighty Adventure,No,N/A,Torus Games,Activision,"200012December 2000 (NA)March 9, 2001 (EU)",,,,No
Disney's The Little Mermaid II: Pinball Frenzy,No,Rumble Pak,Left Field Productions,Nintendo,"20000920000924September 24, 2000 (NA)March 16, 2001 (EU)",,,,No
Disney/Pixar A Bug's Life,Yes,N/A,Tiertex,THQ NAActivision EU,199812December 1998 (NA)1999 (EU),,,,No
Disney/Pixar Buzz Lightyear of Star Command•Les Aventures de Buzz L'Éclair FRA•Captain Buzz Lightyear: Star Command GER,No,N/A,Traveller's Tales,Activision,"20001120001107November 7, 2000 (NA)February 16, 2001 (EU)",,,,No
"Disney/Pixar Monsters, Inc.",No,N/A,Vicarious Visions,THQ,"20011020011019October 19, 2001 (NA)February 1, 2002 (EU)",,,,No
Disney/Pixar Toy Story 2,Yes,N/A,Tiertex,THQ NAActivision EU,199911November 1999 (NA)March 2000 (EU),,,,No
Disney/Pixar Toy Story Racer,No,N/A,Tiertex,Activision,"20010220010228February 28, 2001 (NA)March 9, 2001 (EU)",,,,No
Diva Starz: Mall Mania,No,N/A,Digital Eclipse,Vivendi Universal Interactive Publishing,"20011220011203December 3, 2001 (NA)",,,,No
Dogz,No,N/A,Saffire,Mindscape,199912December 1999 (NA)2000 (EU),,,,No
Dokapon?! Millennium Quest,Yes,N/A,Asmik Ace,Asmik Ace,"20000720000714July 14, 2000 (JP)",,,,No
Doki Doki Densetsu: Mahoujin Guruguru,No,N/A,Tamtam,Enix,"20001120001117November 17, 2000 (JP)",,,,No
Doki Doki Sasete!!,No,N/A,Victor Interactive Software,Victor Interactive Software,"20011020011026October 26, 2001 (JP)",,,,No
Donkey Kong Country•Donkey Kong 2001 JP,No,N/A,Rare,Nintendo,"20010120010121January 21, 2001 (JP)November 4, 2000 (NA)November 17, 2000 (EU)",,,,No
Donkey Kong GB: Dinky Kong & Dixie Kong,No,N/A,Rare,Nintendo,"20000120000128January 28, 2000 (JP)",,,,No
Doraemon: Aruke Aruke Labyrinth,Yes,N/A,Epoch,Epoch,"19990719990723July 23, 1999 (JP)",,,,No
Doraemon: Kimi to Pet no Monogatari,Yes,N/A,Epoch,Epoch,"20010320010316March 16, 2001 (JP)",,,,No
Doraemon Kart 2,Yes,N/A,Epoch,Epoch,"19990319990312March 12, 1999 (JP)",,,,No
Doraemon Memories: Nobita no Omoide Daibouken,Yes,N/A,Epoch,Epoch,"20000320000310March 10, 2000 (JP)",,,,No
Doraemon no Quiz Boy,No,N/A,Shogakukan,Shogakukan,"20000420000428April 28, 2000 (JP)",,,,No
Doraemon no Quiz Boy 2,No,N/A,Shogakukan,Shogakukan,"20021020021004October 4, 2002 (JP)",,,,No
Doraemon no Study Boy: Gakushuu Kanji Game,No,N/A,Shogakukan,Shogakukan,"20010120010112January 12, 2001 (JP)",,,,No
Doraemon no Study Boy: Kanji Yomikaki Master,No,N/A,Shogakukan,Shogakukan,"20030720030718July 18, 2003 (JP)",,,,No
Doraemon no Study Boy: Kuku Game,No,N/A,Shogakukan,Shogakukan,"20001220001220December 20, 2000 (JP)",,,,No
Dr. Rin ni Kiitemite!: Koi no Rin Fuusui,No,N/A,Will,Hudson Soft,"20020220020221February 21, 2002 (JP)",,,,No
Dracula: Crazy Vampire,No,N/A,Planet Interactive,DreamCatcher Interactive NACryo Interactive EU,"20011020011009October 9, 2001 (NA, EU)",,,,No
Dragon Ball Z: Legendary Super Warriors•Dragon Ball Z: Legendäre Superkämpfer DE•Dragon Ball Z: Les Guerriers Legendaires FRA•Dragon Ball Z: I Leggendari Super Guerrieri ITA•Dragon Ball Z: Densetsu no Chou Senshi-tachi JP•Dragon Ball Z: Guerreros de Leyenda SPA,No,N/A,Banpresto,Infogrames NA/EUBanpresto  JP,"20020820020809August 9, 2002 (JP)November 8, 2002 (NA)June 30, 2002 (EU)",,,,No
Dragon Dance•Pocket Color Block JP,Yes,N/A,Natsume,Crave Entertainment NA/EUBottom Up JP,"19981219981218December 18, 1998 (JP)August 2000 (NA)September 30, 2000 (EU)",,,,No
Dragon Tales: Dragon Adventures,No,N/A,Handheld Games,NewKidCo,"20011120011115November 15, 2001 (NA)",,,,No
Dragon Tales: Dragon Wings,No,N/A,Zed Two Limited,NewKidCo NAUbi Soft EU,"20001220001216December 16, 2000 (NA, EU)",,,,No
Dragon Warrior I & II•Dragon Quest I & II JP,Yes,N/A,TOSE,Enix,"19990919990923September 23, 1999 (JP)September 27, 2000 (NA)",,,,No
Dragon Warrior III•Dragon Quest III JP,No,N/A,TOSE,Enix,"20001220001208December 8, 2000 (JP)July 7, 2001 (NA)",,,,No
Dragon Warrior Monsters•Dragon Quest Monsters: Terry no Wonderland JP,Yes,N/A,TOSE,Eidos Interactive NA/EUEnix JP,"19980919980925September 25, 1998 (JP)January 25, 2000 (NA)January 2000 (EU)",,,,No
Dragon Warrior Monsters 2: Cobi's Journey•Dragon Quest Monsters 2: Malta no Fushigina Kagi - Ruka no Tabidachi JP,Yes,N/A,TOSE,Enix,"20010320010309March 9, 2001 (JP)September 15, 2001 (NA)",,,,No
Dragon Warrior Monsters 2: Tara's Adventure•Dragon Quest Monsters 2: Malta no Fushigina Kagi - Iru no Bouken JP,Yes,N/A,TOSE,Enix,"20010320010309March 9, 2001 (JP)September 15, 2001 (NA)",,,,No
Dragon's Lair,No,N/A,Digital Eclipse,Capcom,"20010120010115January 15, 2001 (NA)August 24, 2001 (EU)",,,,No
"Driver: You Are the Wheelman
•Driver EU",No,N/A,Crawfish Interactive,Infogrames,200004April 2000 (NA)2001 (EU),,,,No
Dropzone,Yes,N/A,Awesome Developments,Acclaim Entertainment,1999 (EU),,,,No
DT: Lords of Genomes,Yes,N/A,Game Studio,Media Factory,"20010520010525May 25, 2001 (JP)",,,,No
Duke Nukem,No,N/A,Torus Games,GT Interactive,"19990919990910September 10, 1999 (NA, EU)",,,,No
"The Dukes of Hazzard: Racing for Home
•The Dukes of Hazzard EU",No,N/A,Spellbound Interactive,SouthPeak Interactive NAUbi Soft EU,"20001120001107November 7, 2000 (NA, EU)",,,,No
Dungeon Savior,Yes,N/A,J-Wing,J-Wing,"20000820000804August 4, 2000 (JP)",,,,No
DX Jinsei Game,No,N/A,Takara,Takara,"20010420010427April 27, 2001 (JP)",,,,No
DX Monopoly GB,Yes,N/A,Takara,Takara,"20000420000421April 21, 2000 (JP)",,,,No
E.T. The Extra-Terrestrial and the Cosmic Garden,No,N/A,Zed Two Limited,NewKidCo,"20020320020315March 15, 2002 (NA, EU)",,,,No
E.T. The Extra-Terrestrial: Digital Companion,No,N/A,Powerhead Games,NewKidCo,"20011020011018October 18, 2001 (NA)March 29, 2002 (EU)",,,,No
E.T. The Extra-Terrestrial: Escape from Planet Earth•E.T. The Extra-Terrestrial: The 20th Anniversary EU,No,N/A,Saffire,NewKidCo NAUbi Soft EU,"20011120011104November 4, 2001 (NA)2002 (EU)",,,,No
Earthworm Jim: Menace 2 the Galaxy,Yes,N/A,David A. Palmer Productions,Crave Entertainment,"19991119991116November 16, 1999 (NA, EU)",,,,No
ECW Hardcore Revolution,No,N/A,Crawfish Interactive,Acclaim Entertainment,"200002February 2000 (NA, EU)",,,,No
"Elevator Action EX JP
•Elevator Action EU",No,N/A,Altron,Taito JPTDK Mediactive EU,"20000920000929September 29, 2000 (JP)2000 (EU)",,,,No
Elie no Atelier GB,Yes,N/A,Tose,Imagineer,"20000120000108January 8, 2000 (JP)",,,,No
ESPN International Track & Field•International Track & Field: Summer Games EU•Ganbare Nippon! Olympic 2000 JP,No,N/A,Konami,Konami,"20000720000713July 13, 2000 (JP)October 3, 2000 (NA)September 8, 2000 (EU)",,,,No
ESPN National Hockey Night,No,N/A,Konami,Konami,"20010320010315March 15, 2001 (NA)",,,,No
European Super League,No,N/A,Aqua Pacific,Virgin Interactive,"20010320010330March 30, 2001 (EU)",,,,No
Evel Knievel,Yes,N/A,Tarantula Studios,Rockstar Games NATake 2 Interactive EU,199912December 1999 (NA)October 1999 (EU),,,,No
Extreme Ghostbusters,No,N/A,Magic Pockets,Light and Shadow Production,"20010520010530May 30, 2001 (EU)",,,,No
Extreme Sports with the Berenstain Bears,No,N/A,Magnin & Associates,Sound Source Interactive,"200011November 2000 (NA, EU)",,,,No
The F.A. Premier League Stars 2001•Bundesliga Stars 2001 DE•LNF Stars 2001 ITA,No,N/A,Krisalis Software,THQ,"20010620010629June 29, 2001 (EU)",,,,No
F1 Championship Season 2000,No,N/A,Tiertex,EA Sports,,,,"December 19, 2000",No
F1 Racing Championship,No,N/A,Ubisoft,Video System,,,,"November 10, 2000",No
F-1 World Grand Prix,No,N/A,Video System,Video System,,"October 1, 2000",,2000,No
F1 World Grand Prix II,No,N/A,ITL,Konami NA/EU>Video System JP,,"February 24, 2000",January 2000,January 2000,No
F-18 Thunder Strike,No,N/A,Morning Star Multimedia,Majesco NATake 2 Interactive EU,,,May 2000,May 2000,No
FIFA 2000,Yes,N/A,Tiertex,THQ NAEA Sports EU,,,"November 30, 1999","November 30, 1999",No
The Fish Files,No,N/A,7th Sense,Microids,,,"November 29, 2001","November 30, 2001",No
Fisher Price Rescue Heroes Fire Frenzy,No,N/A,Engine Software,Mattel Interactive,,,"November 7, 2000",,No
Fix & Foxi - Episode 1: Lupo,No,N/A,Similis,Ravensburger Interactive Media,,,,,No
The Flintstones: Burgertime in Bedrock•Familie Feuerstein: Burgertime in Bedrock DE,No,N/A,Conspiracy Entertainment,Classified Games NASwing! Entertainment Media AG DE,,,"May 30, 2001",,No
Flipper and Lopaka,No,N/A,Planet Interactive,Ubisoft,,,,"March 16, 2001",No
Force 21,No,N/A,The Code Monkeys,Red Storm Entertainment,,,December 2000,,No
Formula One 2000,No,N/A,Tarantula Studios,Take 2 Interactive,,,"December 18, 2000",,No
Fort Boyard,No,N/A,Microids,Microids,,,,"November 9, 2001",No
Frogger,Yes,N/A,Morning Star Multimedia,Majesco,,,"December 31, 1998",1997,No
Frogger 2,No,N/A,Game Titan,Hasbro Interactive,,,"September 23, 2000",,No
Fushigi no Dungeon: Fuurai no Shiren GB2: Sabaku no Majou,No,N/A,ChunSoft,ChunSoft,,"July 27, 2001",,,No
Gakuen Battle Fishers: Yoky Shiimono wa Tsure,No,N/A,Konami,Konami,"20000320000330March 30, 2000 (JP)",,,,No
Galaga: Destination Earth,No,N/A,Pipe Dream Interactive,Hasbro Interactive,,,"September 25, 2000",,No
Game & Watch Gallery 2•Game Boy Gallery 3 AU,Yes,N/A,TOSE,Nintendo,,,"November 20, 1998","November 20, 1998",Yes
Game & Watch Gallery 3•Game Boy Gallery 3 JP•Game Boy Gallery 4 AU,Yes,N/A,TOSE,Nintendo,,"April 8, 1999","December 6, 1999",February 2000,Yes
Ganbare Goemon: Hoshizorashi Dynamites Arawaru!!,No,N/A,Konami,Konami,,"December 21, 2000",,,No
Ganbare Goemon: Tengu-tou no Gyakushuu!,Yes,N/A,TOSE,Konami,,"January 14, 1999",,,No
Das Geheimnis der Happy Hippo-Insel,No,N/A,Kritzelkratz 3000,JoWooD Productions,,,,"May 17, 2001 (DE)",No
Get Mushi Club: Minna no Konchuu Daizukan,Yes,Rumble Pak,Jaleco Entertainment,Jaleco Entertainment,,"August 13, 1999",,,No
Gex: Enter the Gecko ,Yes,N/A,David A. Palmer Productions,Crave Entertainment NAInterplay Entertainment EU,,,December 1998,December 1998,No
Gex 3: Deep Pocket Gecko•Gex 3: Deep Cover Gecko EU ,No,N/A,David A. Palmer Productions,Eidos Interactive,,,"November 15, 1999",2000,No
Ghosts 'n Goblins,Yes,N/A,Digital Eclipse,Capcom,,,January 2000,"August 24, 2001",No
Gift,No,N/A,Cryo Interactive,Cryo Interactive,,,,"August 31, 2001",No
Gobs of Games•Games Frenzy EU,No,N/A,2N Productions,The 3DO Company,,,September 2000,September 2000,No
Godzilla: The Series,Yes,N/A,Crawfish Interactive,Crave Entertainment,,,December 1999,March 2000,No
Godzilla: The Series - Monster Wars,No,N/A,Crawfish Interactive,Crave Entertainment,,,"November 20, 2000","November 20, 2000",No
Gold and Glory: The Road to El Dorado,No,N/A,Planet Interactive,Ubi Soft,,,"April 30, 2000","August 4, 2000",No
Grand Theft Auto,Yes,N/A,Tarantula Studios,Rockstar Games,,,"November 22, 1999",October 1999,No
Grand Theft Auto 2,No,N/A,Tarantula Studios,Rockstar Games,,,December 2000,"November 10, 2000",No
Gremlins: Unleashed!,No,N/A,Planet Interactive,Light and Shadow Production,,,,"September 23, 2001",No
The Grinch,No,N/A,Konami,Konami,,"November 22, 2000","November 24, 2000","November 24, 2000",No
Halloween Racer,No,N/A,Visual Impact,Microids,,,,January 1999,No
Hamtaro: Tomodachi Daisakusen Dechu,No,N/A,Pax Softonica,Nintendo,,"September 8, 2000",,,No
Hamtaro: Ham-Hams Unite!•Tottoko Hamtaro 2:Hamchans Daishuugou Dechu JP,No,N/A,Pax Softonica,Nintendo,,"April 21, 2001","October 28, 2002","January 10, 2003",No
Hands of Time,No,N/A,Mirage,Titus Software,,,"October 2, 2001","June 29, 2001",No
Harley-Davidson: Race Across America,No,N/A,Running Dog Software,WizardWorks,,,"December 22, 2000",,No
Harry Potter and the Chamber of Secrets,No,N/A,Griptonite Games,Electronic Arts,,,"November 5, 2002","November 15, 2002",No
Harry Potter and the Philosopher's Stone•Harry Potter to Kenja no Ishi JP,No,N/A,Griptonite Games,Electronic Arts NA/EUEA Victor JP,,"December 1, 2001","November 15, 2001","November 16, 2001",No
Harvest Moon GBC•Harvest Moon GB EU,Yes,N/A,TOSE,Natsume NANintendo EU,,,November 1999,1999,Yes
Harvest Moon 2 GBC•Bokujo Monogatari 2 GB JP,Yes,N/A,Victor Interactive Software,Victor Interactive Software JPNatsume NAUbisoft EU,,"August 6, 1999","November 7, 2000","March 30, 2001",Yes
Harvest Moon 3 GBC•Bokujo Monogatari GB3: Boy Meets Girl JP,No,N/A,Victor Interactive Software,Victor Interactive Software JPNatsume NA,,"September 29, 2000","November 14, 2001",,Yes
Hello Kitty's Cube Frenzy,Yes,N/A,Torus Games,NewKidCo,,,"December 28, 1999","March 30, 2001",No
Hercules: The Legendary Journeys,No,N/A,Titus Software,Titus Software,,,April 2002,"September 14, 2001",No
Heroes of Might and Magic,No,N/A,KnowWonder,The 3DO Company,,,"April 29, 2000","October 20, 2000",No
Heroes of Might and Magic II,No,N/A,KnowWonder,The 3DO Company,,,December 2000,"March 16, 2001",No
Hexcite: The Shapes of Victory•Global HexCite JP,Yes,N/A,Landwarf,Ubi Soft NA/EUNEC Interchannel JP,,"October 21, 1998","January 10, 1999","January 10, 1999",No
Hole in One Golf•Golf de Oha Suta JP,Yes,Rumble Pak,Natsume,Epoch JPNatsume NA,,"April 23, 1999","August 30, 1999",,No
Hollywood Pinball,Yes,N/A,Tarantula Studios,Take-Two Interactive EUStarfish JP,,"December 23, 1999",,1999,No
Hot Wheels: Stunt Track Driver,Yes,N/A,Lucky Chicken Games,Mattel Interactive,,,January 2000,June 2000,No
Hoyle Card Games,No,N/A,Sandbox Interactive,Sierra On-Line,,,December 2000,,No
Hoyle Casino,No,N/A,Pulsar Interactive,Sierra On-Line,,,"October 24, 2000",,No
Hugo 2½,Yes,N/A,Bit Managers,Infogrames,,,,1999 (DE),Yes
Hugo: Black Diamond Fever,No,N/A,ITE Media,ITE Media,,,,"December 7, 2001",No
Hugo: The Evil Mirror,No,N/A,ITE Media,ITE Media,,,,"May 2, 2002",No
Hype: The Time Quest,No,N/A,Planet Interactive,Ubi Soft,,,,"September 15, 2000",No
Indiana Jones and the Infernal Machine,No,N/A,HotGen,THQ,,,"March 22, 2001","May 4, 2001",No
Inspector Gadget: Operation Madkactus,No,N/A,RFX Interactive,Ubi Soft,,,March 2001,"December 1, 2000",No
International Karate 2000,No,N/A,Studio 3,Studio 3,,,,"November 24, 2000",No
International Rally•Cross Country Racing EU•It's a World Rally JP,Yes,N/A,Konami,Konami,,"May 13, 1999",September 2000,September 2000,No
International Superstar Soccer '99•World Soccer GB2 JP,Yes,N/A,Konami,Konami,,"June 24, 1999",January 2000,"May 15, 1999",No
International Superstar Soccer 2000•World Soccer GB 2000 JP,No,N/A,Konami,Konami,,"July 6, 2000",December 2000,"September 15, 2000",No
International Track & Field,Yes,N/A,Konami,Konami,,"July 1, 1999","January 19, 2000",November 1999,No
Jagainu-kun,No,N/A,Pack-In-Video,Victor Interactive Software,,"March 24, 2000",,,No
Jaguar Mishin Sashi Senyou Soft: Mario Family,No,Jaguar's JN-100/JN-2000 sewing machines,Natsume,Jaguar,,"August 27, 2001",,,No
Jeff Gordon XS Racing,Yes,N/A,Natsume,ASC Games,,,"November 11, 1999",,No
Jeremy McGrath Supercross 2000,No,N/A,M4 Entertainment,Acclaim Sports,,,"April 6, 2000","November 24, 2000",No
Jim Henson's Bear in the Big Blue House,No,N/A,Ubi Soft,Ubi Soft,"20020320020321March 21, 2002 (NA)2001 (EU)",,,,No
Jim Henson's Muppets,No,N/A,Tarantula Studios,Take 2 Interactive,,,April 2000,March 2000,No
Jimmy White's Cue Ball,No,N/A,Vicarious Visions,Vatical Entertainment,,,,"December 22, 2000",No
John Romero's Daikatana,No,N/A,"Will Co., Ltd.",Kemco,"20010520010501May 1, 2001 (JP)Cancelled (NA)September 29, 2000 (EU)",,,,No
JumpStart: Dino Adventure Field Trip,No,N/A,Digital Illusions,Knowledge Adventure,,,"October 18, 2001",,No
The Jungle Book: Mowgli's Wild Adventure,No,N/A,Ubisoft,Ubisoft,,,"November 20, 2000","December 1, 2000",No
Käpt'n Blaubär: Die Verrückte Schatzsuche,No,N/A,Shin'en,Ravensburger Interactive Media,,,,"January 10, 2001 (DE)",No
Keep the Balance,No,N/A,Karma Studios,JoWooD Productions,,,,"November 2, 2001",No
Kelly Club: Clubhouse Fun•Shelly Club EU,No,N/A,Vicarious Visions,Vivendi Universal Games,,,"October 31, 2001","October 31, 2001",No
Keitai Denju Telefang - Power Version,Yes,N/A,Natsume,Smilesoft,,"November 3, 2000",,,No
Keitai Denju Telefang - Speed Version,Yes,N/A,Natsume,Smilesoft,,"November 3, 2000",,,No
Ken Griffey Jr.'s Slugfest,No,N/A,Software Creations,Nintendo,,,June 1999,,No
Ketto Transformers Beast Wars: Beast Senshi Saikyo Ketteisen,Yes,N/A,Transformer Production Company Inc.,Takara,"19990419990402April 2, 1999 (JP)",,,,No
Kirby Tilt 'n' Tumble•Koro Koro Kirby JP,No,Tilt sensor,HAL Laboratory,Nintendo NAGradiente SA,,2000,2001,,No
Kirikou,No,N/A,Planet Interactive,Wanadoo Edition,,,,"November 16, 2001",No
Klax,No,N/A,Digital Eclipse,Midway,,,April 1999,,No
Klustar,Yes,N/A,Rebellion,Infogrames,,,July 1999,July 1999,No
Knockout Kings,No,N/A,Digital Eclipse,EA Sports,,,"December 7, 1999",,No
Konami GB Collection Vol.1,Yes,N/A,Konami,Konami,,,,January 2000,No
Konami GB Collection Vol.2,Yes,N/A,Konami,Konami,,,,January 2000,No
Konami GB Collection Vol.3,Yes,N/A,Konami,Konami,,,,May 2000,No
Konami GB Collection Vol.4,Yes,N/A,Konami,Konami,,,,May 2000,No
Koto Battle: Tengai no Moribito,No,N/A,Alphadream Corporation,Alphastar,,"March 9, 2001",,,No
KRTL: Jay und Der Spielzeugdiebe,No,N/A,Eclipse,THQ,,,,"June 30, 2000 (DE)",No
The Land Before Time,No,N/A,Eclipse Entertainment,Conspiracy Entertainment,,,"July 14, 2001","June 29, 2001",No
Las Vegas Cool Hand•Cool Hand EU,Yes,N/A,Tarantula Studios,Take 2 Interactive,,,December 1998,December 1998,No
Laura,No,N/A,Planet Interactive,Ubi Soft,,,"December 6, 2000","December 8, 2000",No
Legend of the River King GBC•Legend of the River King GB EU,Yes,N/A,TOSE,Natsume,,,"November 23, 1999","December 14, 2000",Yes
Legend of the River King 2•Kawa no Nushi Tsuri 4 JP,Yes,Rumble Pak (JP only),Victor Interactive Software,Victor Interactive Software JPNatsume NAUbisoft EU,,"July 16, 1999","April 17, 2001","March 30, 2001",Yes
The Legend of Zelda: Link's Awakening DX•Zelda no Densetsu:Yume o Miru Shima JP,Yes,N/A,Nintendo,Nintendo,,"December 12, 1998","December 15, 1998",January 1999,Yes
The Legend of Zelda: Oracle of Ages•Zelda no Densetsu: Fushigi no Ki no Mi JP,No,GBA Special Features,Flagship,Nintendo,,"February 27, 2001","May 14, 2001","October 5, 2001",Yes
The Legend of Zelda: Oracle of Seasons•Zelda no Densetsu: Fushigi no Ki no Mi - Daichi no Shou JP,No,GBA Special Features,Flagship,Nintendo,,"February 27, 2001","May 14, 2001","October 5, 2001",Yes
Lego Alpha Team,No,N/A,Climax Studios,Lego Media,,,November 2000,November 2000,No
Lego Island 2: The Brickster's Revenge,No,N/A,Crawfish Interactive,Lego Media,,,"March 30, 2001","March 30, 2001",No
Lego Racers,No,N/A,Climax Studios,Lego Media,,,"December 29, 2000","December 29, 2000",No
Lego Stunt Rally,No,N/A,Graphic State Games,Lego Media,,,"December 29, 2000","December 29, 2000",No
Lemmings & Oh No! More Lemmings•Lemmings VS JP,No,N/A,J-Wing,Take 2 Interactive NAJ-Wing JP,,"April 7, 2000",December 2000,,No
Les Visiteurs,Yes,N/A,Gaumont Multimedia,Ubi Soft,,,,1999}}
Lil' Monster•Gem Gem Monster JP,Yes,N/A,Kid,Agetec NAKid JP,,"July 30, 1999",August 2000,
Little Nicky,No,N/A,Digital Eclipse,Ubisoft,,,December 2000,,No
Logical,No,N/A,Conspiracy Entertainment,Sunsoft NATHQ EU,,,April 1999,April 1999,No
Looney Tunes,Yes,N/A,Sunsoft,Sunsoft,,,September 1999,September 1999,No
Looney Tunes: Carrot Crazy•Bugs Bunny & Lola Bunny: Operation Carrot Patch EU,Yes,N/A,Bit Managers,Infogrames,,,January 1999,1998,No
Looney Tunes: Marvin Strikes Back!•Looney Tunes Collector: Martian Revenge! EU,No,N/A,Infogrames,Infogrames,,,"November 23, 2000","November 23, 2000",No
Looney Tunes: Twouble!•Sylvester & Tweety: Breakfast on the Run EU,Yes,N/A,Bit Managers,Infogrames,,,December 1998,December 1998,No
Looney Tunes Collector: Alert!•Looney Tunes Collector: Martian Alert! EU•Looney Tunes Collector: Martian Quest! JP,No,N/A,Infogrames,Infogrames NA/EUSyscom JP,,"December 14, 2001","June 24, 2000","June 24, 2000",No
Looney Tunes Racing,No,N/A,Xantera,Infogrames,,,December 2000,,No
Lucky Luke,No,N/A,Infogrames,Infogrames,,,"July 9, 1999",May 1999,No
Lucky Luke: Desperado Train,No,N/A,Infogrames,Infogrames,,,,January 2000,No
Lufia: The Legend Returns•Estpolis Denki: Yomigaeru Densetsu JP,No,N/A,Neverland,Natsume NATaito JPUbisoft EU,,"September 7, 2001","September 20, 2001","October 23, 2001",No
M&M's Mini Madness,No,N/A,Pipe Dream Interactive,Majesco NAJoWooD Productions EU,,,"December 8, 2000","September 7, 2001",No
Madden NFL 2000,Yes,N/A,Tiertex,THQ NAEA Sports EU,,,November 1999,August 1999,No
Madden NFL 2001,No,N/A,3d6 Games,EA Sports,,,"November 13, 2000",,No
Madden NFL 2002,No,N/A,3d6 Games,EA Sports,,,September 2001,,No
Magi Nation,No,N/A,Interactive Imagination,Interactive Imagination,,,"March 15, 2001",,No
Magical Drop,No,N/A,Conspiracy Entertainment,Classified Games NASwing! Entertainment AG DE,,,"October 18, 2000",,No
Magical Tetris Challenge•Tetris Adventure: Susume Mickey to Nakamatachi JP,No,N/A,Capcom,Capcom NAActivision EU,,"November 12, 1999","February 17, 2000","March 24, 2000",No
Marble Madness,No,N/A,Digital Eclipse,Midway,,,December 1999,"March 13, 2000",No
Mario Golf•Mario Golf GB JP,No,N/A,Camelot Software Planning,Nintendo,,"August 10, 1999","October 5, 1999","October 26, 1999",Yes
Mario Tennis•Mario Tennis GB JP,No,N/A,Camelot Software Planning,Nintendo,,"November 1, 2000","January 16, 2001","February 2, 2001",Yes
Mary-Kate & Ashley: Crush Course,No,N/A,Crawfish Interactive,Club Acclaim,,,November 2001,November 2001,No
Mary-Kate & Ashley: Get a Clue!,Yes,N/A,Crawfish Interactive,Club Acclaim,,,June 2000,June 2000,No
Mary-Kate & Ashley: Pocket Planner,Yes,N/A,Powerhead Games,Club Acclaim,,,"November 29, 2000","March 2, 2001",No
Mary-Kate & Ashley: Winners Circle,No,N/A,M4 Limited,Club Acclaim,,,"March 2, 2001","May 25, 2001",No
The Mask of Zorro,No,N/A,Saffire,Sunsoft NAUbi Soft EU,,,"January 14, 2000","January 14, 2000",No
Mat Hoffman's Pro BMX,No,N/A,HotGen,Activision,,,"May 14, 2001","June 15, 2001",No
Matchbox Caterpillar Construction Zone,Yes,N/A,Realtime Associates,Mattel Interactive,200001January 2000 (NA)2000 (EU),,,,No
Matchbox Emergency Patrol,No,N/A,Lucky Chicken Games,THQ,,,June 2001,June 2001 (DE),No
Maya the Bee & Her Friends•Die Biene Maja & Ihre Freunde,Yes,N/A,Crawfish Interactive,Acclaim Entertainment,,,,1999,No
Maya the Bee: Garden Adventures•Die Biene Maja: Auf Der Klatschmohnwiese DE,No,N/A,Neon Software,Acclaim Entertainment,,,,"November 17, 2000",No
Mega Man Xtreme•Rockman X: Cyber Mission JP,Yes,N/A,Capcom,Capcom,,"October 20, 2000","January 11, 2001","August 24, 2001",Yes
Mega Man Xtreme 2•Rockman X: Soul Eraser JP,No,N/A,Capcom,Capcom,,"June 19, 2001","October 30, 2001","February 8, 2002",Yes
Men in Black: The Series,Yes,N/A,Tiertex,Crave Entertainment,,,December 1998,,No
Men in Black 2: The Series,No,N/A,David A. Palmer Productions,Crave Entertainment,,,"July 9, 2000","July 9, 2000",No
Merlin,No,N/A,RFX Interactive,Electronic Arts,,,,"February 2, 2001",No
Metal Gear Solid NA•Metal Gear: Ghost Babel JP,No,N/A,TOSE,Konami,,"April 27, 2000","April 24, 2000",May 2000,No
Metal Walker NA•Bakusou Senki Metal Walker GB: Kotetsu no Yuujou JP,Yes,N/A,TOSE,Capcom,,"December 24, 1999","February 6, 2001",,No
Mia Hamm Soccer Shootout NA•Telefoot Soccer 2000 EU,No,N/A,Aqua Pacific,SouthPeak Interactive NAUbi Soft EU,,,"October 27, 2000",March 2001,No
Mickey's Racing Adventure,No,N/A,Rare,Nintendo,,,"November 22, 1999","November 25, 1999",No
Mickey's Speedway USA,No,N/A,Rare,Nintendo,,,"March 25, 2001","March 23, 2001",No
Micro Machines 1 and 2: Twin Turbo,No,N/A,Virtucraft,THQ,,,January 2000,January 2000,No
Micro Machines V3,No,N/A,Novalicious,THQ,,,"November 13, 2000","November 24, 2000",No
Micro Maniacs,No,N/A,Hyperion Studios,THQ,,,,"November 2, 2001",No
Microsoft: The 6-in-1 Puzzle Collection Entertainment Pack,No,N/A,Conspiracy Entertainment,Classified Games NAConspiracy Entertainment EU,,,"October 24, 2000","October 24, 2000",No
Microsoft: The Best of Entertainment Pack,No,N/A,Saffire,Classified Games NACryo Interactive EU,,,June 2001,"August 31, 2001",No
Microsoft Pinball Arcade,No,N/A,Saffire,Classified Games NACryo Interactive EU,,,May 2001,May 2001,No
Midway Presents Arcade Hits: Joust / Defender,Yes,N/A,Digital Eclipse,Midway,,,March 1999,April 1999,No
Midway Presents Arcade Hits: Moon Patrol / Spy Hunter,Yes,N/A,Digital Eclipse,Midway,,,May 1999,May 1999,No
Millennium Winter Sports•Hyper Olympic Winter 2000 JP•Konami Winter Games EU,No,N/A,Konami,Konami,,,April 2000,,No
Missile Command,No,Rumble Pak,The Code Monkeys,Hasbro Interactive,,,September 1999,September 1999,No
Mission: Impossible,No,N/A,Rebellion,Infogrames,,,"February 22, 2000","August 1, 2000",No
Mobile Golf,No,N/A,Camelot Software Planning,Nintendo,,"May 11, 2001",,,No
Monkey Puncher•Saru Puncher JP,Yes,N/A,Atelier Double,Event Evolution Entertainment EUTaito JP,,"March 24, 2000",,December 2000,No
Monopoly,Yes,N/A,Sculptured Software,Majesco NAHasbro Interactive JP,,"December 11, 1998",May 1999,,No
Monster Rancher Battle Card GB•Monster Farm Battle Card GB JP,Yes,N/A,Graphic Research,Tecmo,,"December 24, 1999",April 2000,,No
Monster Rancher Explorer•Solomon JP,No,N/A,Graphic Research,Tecmo,,"September 29, 2000","October 30, 2000",,No
Montezuma's Return,Yes,N/A,Tarantula Studios,Take 2 Interactive,,,December 1998,December 1998,No
Moomin's Tale•Mumin no Daibouken JP,No,N/A,Pixel (company),Sunsoft,,"June 30, 2000",,"December 1, 2000",No
Moorhuhn 2: Die Jagd Geht Weiter,No,N/A,Similis,Ravensburger Interactive Media,,,,"April 6, 2001 (DE)",No
Moorhuhn 3: ...Es Gibt Huhn!,No,N/A,Similis,Ubi Soft,,,,"July 11, 2002",No
Mortal Kombat 4,Yes,N/A,Digital Eclipse,Midway Games,,,December 1998,April 1999,No
Motocross Maniacs 2•Crazy Bikers EU,No,N/A,Konami,Konami,,,"September 14, 1999","September 10, 1999",No
Mr. Driller,No,N/A,Namco,Namco NA/JPVirgin Interactive EU,,"June 29, 2000","August 2, 2000","August 2, 2000",No
Mr. Nutz,No,N/A,Planet Interactive,Infogrames,,,December 1999,December 1999,No
Ms. Pac-Man: Special Color Edition,Yes,N/A,Namco,Namco NAAcclaim Entertainment EU,,,November 1999[11],1999,No
MTV Sports: Pure Ride,No,N/A,Visual Impact,THQ,,,"December 6, 2000","December 6, 2000",No
MTV Sports: Skateboarding featuring Andy Macdonald,No,N/A,Yellowbelly Corporation,THQ,,,"August 28, 2000","December 17, 2000",No
MTV Sports: T.J. Lavin's Ultimate BMX,No,N/A,Handheld Games,THQ,,,"December 15, 2000","December 8, 2000",No
The Mummy•Hamunaptra: Ushinawareta Sabaku no Miyako JP,No,N/A,Konami,Konami,,"November 30, 2000","December 15, 2000","December 15, 2000",No
The Mummy Returns,No,N/A,Game Brains,Universal Interactive,,,"April 26, 2001","May 18, 2001",No
NASCAR 2000,No,N/A,Software Creations,EA Sports,,,July 2000,,No
NASCAR Challenge,No,Rumble Pak,Morning Star Multimedia,Hasbro Interactive,,,December 1999,,No
NASCAR Heat,No,N/A,Game Titan,Hasbro Interactive,,,December 2000,,No
NASCAR Racers,No,N/A,Digital Eclipse,Hasbro Interactive,,,December 2000,,No
The Nations: Land of Legends,No,N/A,Neon Software,JoWooD Productions,,,,"February 8, 2002",No
NBA 3 on 3 featuring Kobe Bryant,Yes,N/A,Left Field Productions,Nintendo,,,"December 7, 1999",,No
NBA Hoopz,No,N/A,Torus Games,Midway,,,"February 25, 2001",,No
NBA in the Zone•NBA Pro '99 EU,Yes,N/A,Konami,Konami,,,May 1999,June 1999,No
NBA in the Zone 2000,No,N/A,Konami,Konami,,,"April 27, 2000","September 29, 2000",No
NBA Jam '99,Yes,N/A,Torus Games,Acclaim Sports,,,April 1999,1998,No
NBA Jam 2001,No,N/A,dc Studios,Acclaim Sports,,,December 2000,December 2000,No
NBA Showtime: NBA on NBC,No,N/A,Torus Games,Midway Games,,,January 2000,,No
The New Addams Family Series,No,N/A,7th Sense,Microids,,,,"February 8, 2002",No
The New Adventures of Mary-Kate & Ashley,Yes,N/A,Crawfish Interactive,Club Acclaim,,,December 1999,"November 16, 2001",No
NFL Blitz,Yes,N/A,Digital Eclipse,Midway Games,,,December 1998,December 1998,No
NFL Blitz 2000,No,N/A,Digital Eclipse,Midway Games,,,"December 8, 1999",,No
NFL Blitz 2001,No,N/A,Morning Star Multimedia,Midway Games,,,"September 12, 2000",,No
NHL 2000,Yes,N/A,Tiertex,THQ NAEA Sports EU,,,February 2000,August 1999,No
NHL Blades of Steel,No,N/A,Climax Studios,Konami,,,"July 6, 1999",,No
NHL Blades of Steel 2000,No,N/A,Climax Studios,Konami,,,"April 21, 2000",,No
Nicktoons Racing,No,N/A,Pipe Dream Interactive,Hasbro Interactive,,,"December 7, 2000",,No
No Fear Downhill Mountain Biking,No,N/A,Spellbound Interactive,THQ,,,,2001,No
Noddy and the Birthday Party,No,N/A,Tiertex Design Studios,BBC Multimedia,,,,"December 31, 2000",No
NSYNC: Get to the Show,No,N/A,Stunt Puppy Entertainment,Infogrames,,,"December 12, 2001",,No
NYR: New York Race,No,N/A,Kalisto,Wanadoo Edition,,,,"November 16, 2001",No
Oddworld Adventures 2,Yes,N/A,Saffire,GT Interactive NAInfogrames EU,,,January 2000,June 2000,No
Oide Rascal,No,N/A,,,,"April 25, 2001",,,No
O'Leary Manager 2000•Barca Total 2000 SP•Co Adriaanse Football Manager NL•DSF Fußball Manager 2000 DE•Guy Roux Manager 2000 FR,No,N/A,Live Media,Ubi Soft,,,,"September 15, 2000",No
Pac-Man: Special Color Edition,Yes,N/A,Namco,Namco NAAcclaim Entertainment EU,,,August 1999,August 1999,No
Paperboy,No,N/A,Digital Eclipse,Midway Games,,,1999,1999,No
Papyrus,No,N/A,Planet Interactive,Ubi Soft,,,,2000,No
Perfect Dark,No,Rumble Pak,Rare,Rare,,,"August 28, 2000","August 1, 2000",No
Pitfall: Beyond the Jungle NA/EU•Pitfall GB JP,Yes,N/A,David A. Palmer Productions,Crave Entertainment NAInterplay Entertainment EUPony Canyon JP,,"May 28, 1999",December 1998,1999,No
Planet of the Apes,No,N/A,Torus Games,Ubi Soft,,,"December 6, 2001","November 23, 2001",No
Player Manager 2001,No,N/A,G3 Interactive,THQ,,,,"September 21, 2001",No
Pocket Bomberman,Yes,N/A,Hudson Soft,Nintendo,,,1998,1999,No
Pocket Bowling,Yes,N/A,Athena,Jaleco NAAthena JP,,"October 23, 1998","August 15, 1999",,No
Pocket Densha 2,Yes,N/A,Coconuts Japan,Coconuts Japan,,"October 30, 1998",,,No
Pocket Music,No,N/A,Jester Interactive,Rage Software,,,,"February 22, 2002",No
Pocket Racing•Pocket GT JP,No,N/A,MTO,Virgin Interactive,,"October 15, 1999",,2000,No
Pocket Soccer,No,N/A,Game-Play Studios,Nintendo,,,,"March 16, 2001",No
Pokémon Card GB2,No,N/A,Hudson,The Pokémon Company,,"March 28, 2001",,,No
Pokémon Crystal Version,No,N/A,Game Freak,Nintendo,,"December 14, 2000","July 29, 2001","November 2, 2001",Yes
Pokémon Gold Version,Yes,N/A,Game Freak,Nintendo,,"November 21, 1999","October 14, 2000","April 6, 2001",Yes
Pokémon Pinball,Yes,Rumble Pak,Jupiter Corporation,Nintendo,,"April 14, 1999","June 28, 1999","October 6, 2000",No
Pokémon Puzzle Challenge •Pokémon de Panepon JP,No,N/A,Intelligent Systems,Nintendo,,"September 21, 2000","September 1, 2000","June 8, 2001",No
Pokémon Silver Version,Yes,N/A,Game Freak,Nintendo,,"November 21, 1999","October 14, 2000","April 6, 2001",Yes
Pokémon Trading Card Game•Pokémon Card GB JP,Yes,N/A,Hudson Soft,Nintendo,,"December 18, 1998","April 10, 2000","December 8, 2000",Yes
Polaris SnoCross•SnoCross EU,No,Rumble Pak,Vicarious Visions,Vatical Entertainment NAWanadoo EU,,,February 2000,"November 16, 2001",No
Pong: The Next Level,No,N/A,Morning Star Multimedia,Hasbro Interactive,,,December 1999,2000,No
Pop'n Music,No,N/A,Konami,Konami,,"March 30, 2000",,,No
Pop'n Pop,No,N/A,ITL,JVC EUJorudan JP,,"February 16, 2001",,2001,No
Portal Runner,No,N/A,Handheld Games,The 3DO Company,,,September 2001,,No
Power Quest,Yes,N/A,Japan System Supply,Sunsoft,,,December 1998,"July 20, 1999",No
Power Rangers: Lightspeed Rescue,No,N/A,Natsume,THQ,,,June 2000,"November 24, 2000",No
Power Rangers: Time Force,No,N/A,Natsume,THQ,,,"April 15, 2001","November 23, 2001",No
Power Spike Pro Beach Volleyball NA•Beach 'n Ball EU,No,N/A,Spark Creative,Infogrames,,,"December 22, 2000","May 15, 2001",No
The Powerpuff Girls: Bad Mojo Jojo,No,N/A,Sennari Interactive,Bam! Entertainment,,,"November 14, 2000","November 14, 2000",No
The Powerpuff Girls: Battle Him,No,N/A,Sennari Interactive,Bam! Entertainment,,,"February 27, 2001","July 20, 2001",No
The Powerpuff Girls: Paint the Townsville Green,No,N/A,Sennari Interactive,Bam! Entertainment,,,"November 14, 2000","November 14, 2000",No
Poyon no Dungeon Room,Yes,N/A,Birthday,Hudson Soft,,"February 26, 1999",,,No
Poyon no Dungeon Room 2,No,N/A,Birthday,Hudson Soft,,"June 2, 2000",,,No
Prince Naseem Boxing,No,N/A,Virtucraft,THQ,,,,"August 3, 2001",No
Prince of Persia,Yes,N/A,Magnin & Associates,Red Orb Entertainment,,,"July 20, 1999","July 20, 1999",No
Pro Darts,No,N/A,Vicarious Visions,Vatical Entertainment,,,"February 7, 2002",,No
Pro Pool,No,N/A,Blade Interactive,Codemasters,,,"September 12, 2000","September 12, 2000",Maybe
Project S-11,No,N/A,Paragon 5,Sunsoft,,,"December 11, 2000",,No
Puchi Carat,Yes,N/A,ITL,Event Evolution Entertainment EUTaito JP,,"April 23, 1999",,"December 8, 2000",No
Puyo Puyo SUN,Yes,N/A,Compile,Compile,,"November 27, 1998",,,No
Puyo Puyo~n,No,N/A,Compile,Compile,,"September 22, 2000",,,No
Puzzle Master,Yes,N/A,Metro3D,Metro3D,,,December 1999,,No
Puzzled,No,N/A,Elo Interactive,Conspiracy Entertainment NASwing! Entertainment AG EU,,,"March 9, 2001","March 9, 2001",No
Q-Bert,No,N/A,Pipe Dream Interactive,Hasbro Interactive,,,"September 25, 2000",,No
Qix Adventure,No,N/A,Taito,Event Evolution Entertainment EUTaito JP,,"October 22, 1999",,"December 15, 2000",No
Quest: Brian's Journey NA•Elemental Tale - Jack no Daibouken: Daimaou no Gyakushuu JP,Yes,N/A,Atelier Double,Sunsoft NAImagineer JP,,"January 15, 2000","January 23, 2000",,No
Quest: Fantasy Challenge NA•Holy Magic Century EU,Yes,N/A,Imagineer,Sunsoft NAVirgin Games EU,,,April 1999,April 1999,No
Quest for Camelot,Yes,N/A,Titus Intertactive,Titus InteractiveNintendo,,,December 1998,1999,No
Qui Qui,Yes,N/A,Magical Company (Mahou),Magical Company (Mahou),,"March 26, 1999",,,No
R-Type DX,Yes,N/A,Bits Studios,Nintendo NA/EUEpoch JP,,"November 22, 1999",June 1999,"July 20, 1999",No
Rainbow Six,No,N/A,Crawfish Interactive,Red Storm Entertainment,,,"April 3, 2000","April 3, 2000",No
Rainbow Islands,No,N/A,Taito,TDK Mediactive,,,,2001,No
Rampage: World Tour,Yes,N/A,Digital Eclipse,Midway,,,December 1998,December 1998,No
Rampage 2: Universal Tour,No,N/A,Digital Eclipse,Midway,,,November 1999,November 1999,No
Rampart,No,N/A,Digital Eclipse,Midway,,,"November 17, 1999",,No
Rats! NA•Reservoir Rat EU,Yes,N/A,Tarantula Studios,Take 2 Interactive,,,December 1998,1999,No
Rayman•Rayman: Mister Dark no Wana JP,No,N/A,Digital Eclipse,Ubi Soft,,"March 24, 2000","March 29, 2000","July 24, 2000",Yes
Rayman 2: The Great Escape•Rayman 2 Forever EU,No,N/A,Ubi Soft Milan,Ubi Soft,,,"January 1, 2002","December 14, 2001",No
Razor Freestyle Scooter•Freestyle Scooter EU,No,N/A,Crawfish Interactive,Crave Entertainment,,,"June 12, 2001","June 15, 2001",No
Ready 2 Rumble Boxing,No,Rumble Pak,Crawfish Interactive,Midway,,,December 1999,December 1999,No
Resident Evil Gaiden•BioHazard Gaiden JP,No,N/A,M4 Limited,Capcom NA/JPVirgin Interactive EU,,"March 29, 2002","June 3, 2002","December 14, 2001",No
Return of the Ninja,No,N/A,Act Japan,Natsume NAUbi Soft EU,,,June 2001,"March 30, 2001",No
Revelations: The Demon Slayer•Megami Tensei Gaiden: Last Bible JP,Yes,N/A,Multimedia Intelligence Transfer,Atlus,,"March 19, 1999",August 1999,,No
Rhino Rumble,No,N/A,Formula,Telegames,,,"March 29, 2002",2000,No
Rip-Tide Racer,Yes,N/A,Cryo Interactive,Cryo Interactive,,,,July 2000,No
Road Champs: BXS Stunt Biking,No,N/A,HotGen,Activision,,,"December 5, 2000","February 23, 2001",No
Road Rash,No,N/A,3d6 Games,Electronic Arts,,,"November 29, 2000","December 15, 2000",No
Roadsters '98,Yes,N/A,Genetic Fantasia,Titus Software,,,1998,,No
Roadsters Trophy•Roadsters '99 EU,Yes,N/A,Titus Software,Titus Software,,,January 2000,,No
Robin Hood,No,N/A,Planet Interactive,Electronic Arts,,,,"March 30, 2001",No
RoboCop,No,N/A,Mirage Interactive,Titus Software,,,,2001,No
Robopon: Sun Version•Robot Ponkottsu: Sun Version JP,Yes,Infrared Receiver,"Will Co., Ltd.",Atlus NAHudson Soft JP,,"December 4, 1998","December 14, 2000",,No
Robot Wars: Metal Mayhem,No,N/A,Tiertex Design Studios,BBC Multimedia,,,,"December 7, 2000",No
Rocket Power: Gettin' Air,No,N/A,Tiertex,THQ,,,"March 27, 2001","May 4, 2001",No
Rocky Mountain Trophy Hunter,No,N/A,Xantera,WizardWorks,,,"September 6, 2000",,No
Roland Garros French Open,No,N/A,Visual Impact,Cryo Interactive,,,,"June 9, 2000",No
Ronaldo V-Soccer•Ronaldo V-Football EU,Yes,N/A,Bit Managers,Infogrames,,,June 2001,June 2001,No
"Roswell Conspiracies: Aliens, Myths & Legends",No,N/A,Crawfish Interactive,Red Storm Entertainment,,,"May 28, 2001","May 28, 2001",No
Rox,Yes,N/A,Altron,Titus Software,,"March 5, 1999",2000,"March 9, 2001",No
Rugrats: Time Travelers,Yes,N/A,Software Creations,THQ,,,November 1999,April 2000,No
Rugrats: Totally Angelica,No,N/A,Tiertex,THQ,,,"May 5, 2000","September 8, 2000",No
Rugrats in Paris: The Movie,No,N/A,Software Creations,THQ,,,"November 15, 2000","March 30, 2001",No
The Rugrats Movie,Yes,N/A,Software Creations,THQ,,,"February 28, 1999",1999,No
Sabrina the Animated Series: Spooked!,No,N/A,WayForward,Simon & Schuster Interactive,,,"November 6, 2001","November 16, 2001",No
Sabrina the Animated Series: Zapped!,No,N/A,WayForward,Simon & Schuster Interactive,,,November 2000,"November 17, 2000",No
San Francisco Rush 2049,No,N/A,Handheld Games,Midway,,,"September 7, 2000","December 1, 2000",No
Santa Claus Junior,No,N/A,Neon Studios,JoWooD Productions,,,,"November 30, 2001",No
Scrabble,No,N/A,Runecraft,Ubi Soft,,,,"November 30, 2001",No
Scooby-Doo! Classic Creep Capers,No,N/A,Software Creations,THQ,,,"February 20, 2001","March 30, 2001",No
Sesame Street: Elmo's 123s,Yes,N/A,Bonsai Entertainment Corporation,NewKidCo NAUbi Soft EU,,,March 1999,"April 6, 2001",No
Sesame Street: Elmo's ABCs,Yes,N/A,Bonsai Entertainment Corporation,NewKidCo NAUbi Soft EU,,,March 1999,"April 6, 2001",No
Sesame Street: The Adventures of Elmo in Grouchland,Yes,N/A,Bonsai Entertainment Corporation,NewKidCo NAUbi Soft EU,,,October 1999,November 2000,No
Sesame Street Sports,No,N/A,Bonsai Entertainment Corporation,NewKidCo NAUbi Soft EU,,,"November 15, 2001","December 13, 2001",No
Sgt. Rock: On the Frontline,No,N/A,Altron,Bam! Entertainment,,,"December 17, 2000",,No
Shadowgate Classic•Shadowgate Returns JP,Yes,N/A,Infinite Ventures,Nintendo NA/EUKemco JP,,"August 13, 1999",January 1999,1999,No
Shamus,Yes,N/A,Junglevision Software,Vatical Entertainment NATelegames EU,,,March 2000,October 2000,No
Shanghai Pocket,Yes,N/A,Sunsoft,Sunsoft,,,December 1998,December 1998,No
Shantae,No,GBA Special Features,WayForward,Capcom,,,"June 2, 2002",,Yes
Shaun Palmer's Pro Snowboarder,No,N/A,I.T.L.,Activision,,,November 2001,,No
Shrek: Fairy Tale Freakdown,No,N/A,Prolific,TDK Mediactive,,,"May 29, 2001","May 29, 2001",No
The Simpsons: Night of the Living Treehouse of Horror,No,N/A,Software Creations,THQ,,,"March 26, 2001","April 20, 2001",No
"Smurfs' Nightmare, The NA•Die Schlumpfe: Im Alptraumland EU",No,N/A,Bit Managers,Infogrames,,,"February 28, 1999",1999,No
Snoopy Tennis,No,N/A,Mermaid Studios,Infogrames,,"June 20, 2001","April 6, 2001","October 26, 2001",No
Snow White and the Seven Dwarfs,No,N/A,Planet Interactive,Ubi Soft,,,"June 15, 2001","June 16, 2001",No
Soccer Manager,No,N/A,Broadsword Interactive,Acclaim Entertainment,,,,"July 7, 2000",No
Space Invaders•Space Invaders X JP,Yes,N/A,Crawfish Interactive,Activision NA/EUTaito JP,,"September 29, 2000","October 27, 1999","October 27, 1999",No
Space Marauder•Burai Fighter Color JP,No,N/A,KID,Agetec NAKID JP,,"July 23, 1999","August 28, 2000",,No
Space Station Silicon Valley,Yes,N/A,Tarantula Studios,Take-Two Interactive,,,,July 1999,No
Spawn,No,N/A,Konami,Konami,,,"September 15, 1999",,No
Speedy Gonzales: Aztec Adventure,Yes,N/A,Sunsoft,Sunsoft,,,"December 26, 1999",February 2000,No
Spider-Man,No,N/A,Vicarious Visions,Activision NA/EUSuccess JP,,"April 27, 2001",August 2000,"September 15, 2000",No
Spider-Man 2: The Sinister Six•Spider-Man 2: Enter the Sinister Six EU,No,N/A,Torus Games,Activision,,,"May 30, 2001","June 15, 2001",No
Spirou: The Robot Invasion,No,N/A,Planet Interactive,Ubi Soft,,,,2000,No
SpongeBob SquarePants: Legend of the Lost Spatula,No,N/A,Vicarious Visions,THQ,,,"March 14, 2001","May 4, 2001",No
Spy vs. Spy,No,N/A,Kemco,Vatical Entertainment NAKemco EU/JP,,"July 23, 1999",June 1999,June 1999,No
Star Ocean: Blue Sphere,Yes,N/A,tri-Ace,Enix,,"June 28, 2001",,,No
Star Wars: Yoda Stories,Yes,N/A,Torus Games,THQ,,,December 1999,December 1999,No
Star Wars Episode I: Obi-Wan's Adventures,No,N/A,HotGen,THQ,,,"November 27, 2000","December 8, 2000",No
Star Wars Episode I: Racer,No,Rumble Pak,Pax Softonica,Nintendo,,,"December 6, 1999","December 6, 1999",No
Street Fighter Alpha: Warriors' Dreams,No,N/A,Crawfish Interactive,Capcom NA/JPVirgin Interactive EU,,"March 30, 2001",March 2000,1999,No
Stuart Little: The Journey Home,No,N/A,Tiertex,Activision,,,"August 24, 2001","September 7, 2001",No
Super Black Bass: Real Fight,No,Rumble Pak,HOT B,Starfish Inc.(ja),,"December 10, 1999",,,No
Super Breakout,Yes,N/A,Morning Star Multimedia,Majesco,,,December 1998,1999,No
Super Mario Bros. Deluxe,No,N/A,Nintendo,Nintendo,,"March 1, 2000","May 10, 1999","July 1, 1999",No
Super Real Fishing,No,Rumble Pak,Bottom Up,Bottom Up,,"October 8, 1999",,,No
Super Robot Wars – Link Battler,Yes,N/A,Amble,Banpresto,,"October 1, 1999",,,No
Supercross Freestyle,No,N/A,Velez & Dubail,Infogrames,,,,2000,No
Survival Kids,Yes,N/A,Konami,Konami,,"June 17, 1999",October 1999,"December 10, 1999",No
Survival Kids 2,Yes,N/A,Konami,Konami,,"July 19, 2000",,,No
Suzuki Alstare Extreme Racing,No,N/A,Visual Impact,Ubi Soft,,,,1999,No
SWIV,No,N/A,The Conversion Company,Sales Curve Interactive,,,,"March 16, 2001",No
Tasmanian Devil: Munching Madness,Yes,N/A,M4 Limited,Sunsoft,,,November 1999,November 1999,No
Taxi 2,No,N/A,Visual Impact,Ubi Soft,,,,June 2000 (FR),No
Taxi 3,No,N/A,Visual Impact,Ubi Soft,,,,2002 (FR),No
Tech Deck Skateboarding,No,N/A,Handheld Games,Activision,,,"March 25, 2001","April 6, 2001",No
Test Drive 6,Yes,N/A,Xantera,Infogrames NACryo Interactive EU,,,"November 16, 1999",July 2000,No
Test Drive 2001,No,N/A,Xantera,Infogrames,,,"December 5, 2000",,No
Test Drive Cycles,No,N/A,Xantera,Infogrames,,,August 2000,,No
Test Drive Le Mans•Le Mans 24 Hours EU,No,N/A,Velez & Dubail,Infogrames,,,"June 2, 2000","June 2, 2000",No
Test Drive Off-Road 3•4x4 World Trophy EU,Yes,Rumble Pak,Xantera,Infogrames,,,November 1999,"April 19, 2000",No
Tetris DX,Yes,N/A,Nintendo,Nintendo,,"October 21, 1998","November 18, 1998","July 1, 1999",No
Thomas the Tank Engine & Friends: The Friends of Sodor,No,N/A,Tamsoft,Tamsoft,,2001,,,No
Three Lions•Golden Goal DE•Pro Foot FR,Yes,N/A,Tarantula Studios,Take 2 Interactive,,,,1999,No
Thunderbirds,No,N/A,Pukka Games,Sales Curve Interactive,,,,"December 1, 2000",No
Tiger Woods PGA Tour 2000,Yes,N/A,Xantera,THQ NAEA Sports EU,,,January 2000,1999,No
Tintin: Le Temple Du Soleil,No,N/A,Bit Managers,Infogrames,,,,"September 8, 2000",No
Tintin in Tibet,No,N/A,Bit Managers,Infogrames,,,,"December 3, 2001",No
Tiny Toon Adventures: Buster Saves the Day,No,N/A,Warthog,Conspiracy Entertainment,,,"July 29, 2001","June 29, 2001",No
Tiny Toon Adventures: Dizzy's Candy Quest,No,N/A,Formula,Conspiracy Entertainment,,,,"November 2, 2001",No
Titus the Fox,Yes,N/A,Aqua Pacific,Titus Software,,,November 2000,"September 22, 2000",No
TNN Outdoors Fishing Champ•Super Black Bass Pocket 3 JP,Yes,N/A,Starfish,ASC Games NAStarfish JP,,"November 27, 1998",December 1999,,No
TOCA Touring Car Championship,No,N/A,Spellbound Interactive,THQ,,,"November 14, 2001","November 24, 2001",No
Toki Tori,No,N/A,Two Tribes Interactive,Capcom,,,"September 12, 2001","March 1, 2002",Yes
Tom and Jerry,No,N/A,Morning Star Multimedia,Majesco,,,"September 27, 1999","July 6, 2000",No
Tom and Jerry: Mouse Hunt,No,N/A,Conspiracy Entertainment,Conspiracy EntertainmentSwing! Entertainment Media AG EU,,,"March 14, 2001","December 15, 2000",No
Tom and Jerry in Mouse Attacks!,No,N/A,Warthog,NewKidCo NAUbi Soft EU,,,"December 8, 2000","December 8, 2000",No
Tomb Raider,No,N/A,Core Design,THQ,,,"June 8, 2000","July 8, 2000",No
Tomb Raider: Curse of the Sword,No,N/A,Core Design,Activision,,,"June 1, 2001","August 17, 2001",No
Tonic Trouble,No,N/A,RFX Interactive,Ubi Soft,,,,2000,No
Tonka Construction Site,No,N/A,Sunset Entertainment,TDK Mediactive,,,"May 30, 2002",,No
Tonka Raceway,No,Rumble Pak,Morning Star Multimedia,Hasbro Interactive,,,December 1999,December 1999,No
Tony Hawk's Pro Skater NA•Tony Hawk's Skateboarding EU,No,N/A,Natsume,Activision,,,March 2000,March 2000,No
Tony Hawk's Pro Skater 2,No,N/A,Natsume,Activision,,,"November 7, 2000","November 17, 2000",No
Tony Hawk's Pro Skater 3,No,N/A,HotGen,Activision,,,"November 15, 2001","November 23, 2001",No
Toobin',No,N/A,Digital Eclipse,Midway,,,"May 18, 2000",,No
Toonsylvania,No,N/A,RFX Interactive,Ubi Soft,,,June 2000,June 2000,No
Tootuff,No,N/A,Planet Interactive,Infogrames,,,,"June 15, 2001",No
Top Gear Pocket NA/JP•Top Gear Rally EU,No,Rumble Pak,Vision Works,Kemco,,"April 23, 1999","April 23, 1999",1999,No
Top Gear Pocket 2 NA/JP•Top Gear Rally 2 EU,No,Rumble Pak (Japan only),Vision Works,Vatical Entertainment NAKemco EU/JP,,"December 17, 1999",January 2000,2000,No
Top Gun: Firestorm,No,N/A,Fluid Studios,Titus Software,,,"December 4, 2001","July 20, 2001",No
Towers: Lord Baniff's Deceit,No,N/A,JV Games,Vatical Entertainment NATelegames EU,,,"June 20, 2000","June 20, 2000",No
Trick Boarder•Trickboarder GP JP,No,N/A,Natsume,Athena JPNatsume NA,,"March 31, 2000","June 14, 2000",2000,No
Triple Play 2001,No,N/A,Handheld Games,THQ,,,"May 8, 2000","May 8, 2000",No
Trouballs,No,N/A,Paragon 5,Capcom,,,"October 2, 2001",,No
Turok: Rage Wars,No,N/A,Bit Managers,Acclaim Entertainment,,,June 2000,June 2000,No
Turok 2: Seeds of Evil•Turok 2: Jikku Senshi JP,Yes,N/A,Bit Managers,Acclaim Entertainment,,"September 10, 1999",December 1998,October 1998,No
Turok 3: Shadow of Oblivion,No,N/A,Bit Managers,Acclaim Entertainment,,,"July 27, 2000","September 8, 2000",No
Tweenies: Doodles' Bones,No,N/A,Tiertex Design Studios,BBC Multimedia,,,,"October 19, 2001",No
Tweety's High-Flying Adventure•Titi: Le Tour du Monde en 80 Chats FR•Tweety Sekai Isshuu: 80-Hiki no Segase JP,No,N/A,Kemco,Kemco,,"August 11, 2000",November 2000,November 2000,No
Tyco R/C Racin' Ratz,No,N/A,KnowWonder,Mattel Interactive,,,2000,,No
Ultimate Fighting Championship,No,N/A,Fluid Studios,Crave Entertainment,,,"November 27, 2000",2001,No
Ultimate Paintball,No,N/A,Morning Star Multimedia,Majesco,,,September 2000,September 2000,No
Ultimate Surfing•Naminori Yarou!! JP,No,N/A,Act Japan,Natsume,,"July 1, 2001","June 5, 2001","June 18, 2001",No
Uno,Yes,N/A,HotGen,Mattel Interactive,,,"December 16, 1999","December 15, 2000",No
Vegas Games,No,N/A,Digital Eclipse,3DO,,,February 2000,2000,No
Vigilante 8,No,Rumble Pak,Vicarious Visions,Vatical Entertainment,,,"December 15, 1999",,No
VIP,No,N/A,Planet Interactive,Ubi Soft,,,"August 24, 2001","August 24, 2001",No
V-Rally: Edition '99•V-Rally: Championship Edition EU/JP,No,N/A,Bit Managers,Infogrames NA/EUSpike JP,,"October 14, 1999",June 1999,June 1999,No
Wacky Races•Chiki Chiki Machine Mou Race JP,No,N/A,Velez & Dubail,Infogrames NA/EUSyscom JP,,"November 22, 2001","June 9, 2000","June 30, 2000",No
Walt Disney Pictures Presents: Dinosaur,No,N/A,Digital Eclipse,Ubisoft,,,"May 19, 2000","October 6, 2000",No
Walt Disney World Quest: Magical Racing Tour,No,N/A,Prolific,Activision NAEidos Interactive EU,,,"December 7, 2000","December 15, 2000",No
Wario Land II,Yes,N/A,Nintendo,Nintendo,,"October 21, 1998","March 31, 1999",1999,Yes
Wario Land 3,No,N/A,Nintendo R&D1,Nintendo,,"March 21, 2000","May 30, 2000","April 14, 2000",Yes
Warlocked,No,N/A,Bits Studios,Nintendo,,"July 24, 2000",,,No
Warriors of Might and Magic,No,N/A,Climax Studios,The 3DO Company,,,"December 22, 2000","April 6, 2001",No
WCW Mayhem,No,N/A,2n Productions,Electronic Arts,,,"May 10, 2000","August 3, 2000",No
Wendy: Every Witch Way,No,GBA Special Features,WayForward Technologies,TDK Mediactive,,"April 28, 2001","April 28, 2001","April 28, 2001",No
Wetrix GB,Yes(JP only),N/A,Zed Two Ltd.,Infogrames EUImagineer JP,,"October 29, 1999",,"September 29, 2000",No
Who Wants to Be a Millionaire: 2nd Edition,No,N/A,Valleycrest Productions,THQ,,,"September 25, 2000",,No
The Wild Thornberrys: Rambler,No,N/A,Vicarious Visions,Mattel Interactive,,,"October 31, 2000",,No
Wings of Fury,Yes,N/A,Magnin & Associates,Red Orb Entertainment,,,December 1999,December 1999,No
Winnie the Pooh: Adventures in the 100 Acre Wood•Kuma no Pooh-san: Mori no Takaramono JP,No,N/A,TOSE,NewKidCo NATomy JP,,"July 7, 2000",June 2000,,No
Woody Woodpecker: Escape from Buzz Buzzard Park,No,N/A,Planet Interactive,DreamCatcher Interactive NACryo Interactive EU,,,September 2001,September 2001,No
Woody Woodpecker Racing•Woody Woodpecker no Go! Go! Racing JP,No,N/A,Konami,Konami,,"March 15, 2001","December 15, 2000","December 15, 2000",No
World Destruction League: Thunder Tanks,No,N/A,Sunset Entertainment,The 3DO Company,,,"December 12, 2000","April 6, 2001",No
Worms: Armageddon,No,N/A,Infogrames,Infogrames,,,January 2000,2000,No
WWF Attitude,No,N/A,Crawfish Interactive,Acclaim Sports,,,June 1999,1999,No
WWF Betrayal,No,N/A,WayForward,THQ,,,"August 7, 2001","August 24, 2001",No
WWF WrestleMania 2000,Yes,N/A,Natsume,THQ,,,November 1999,November 1999,No
X-Men: Mutant Academy,No,N/A,Crawfish Interactive,Activision NASuccess JP,,"April 27, 2001",July 2000,,No
X-Men: Mutant Wars,No,N/A,"Avit, Inc.",Activision,,,"November 17, 2000","November 17, 2000",No
X-Men: Wolverine's Rage,No,N/A,Digital Eclipse,Activision,,,"May 15, 2001","June 15, 2001",No
Xena: Warrior Princess,No,N/A,Titus Software,Titus Software,,,August 2001,"September 14, 2001",No
Xtreme Sports,No,N/A,WayForward,Infogrames,,,"June 28, 2000",,Yes
Xtreme Wheels,No,N/A,Spike,Bam! Entertainment NABergsala EU,,,"April 26, 2001","November 23, 2000",No
Yars' Revenge,Yes,N/A,Telegames,Telegames,,,September 1999,2000,No
Yogi Bear: Great Balloon Blast,No,N/A,ITL,Bam! Entertainment,,,"December 17, 2000",,No
Yu-Gi-Oh! Duel Monsters II: Dark Duel Stories,Yes,N/A,Konami,Konami,,"July 8, 1999",,,No
Yu-Gi-Oh! Dark Duel Stories•Yu-Gi-Oh! Duel Monsters III: Tri-Holy God Advent JP•Yu-Gi-Oh! Das Dunkle Duell DE•Yu-Gi-Oh! Duel des Tenebres FR•Yu-Gi-Oh! Racconti Oscuri ITA•Yu-Gi-Oh! Duelo en las Tinieblas SPA,No,N/A,Konami,Konami,,"July 13, 2000","March 18, 2002",March 2003,No
Yu-Gi-Oh! Duel Monsters 4: Battle of Great Duelists,No,N/A,Konami,Konami,,"December 7, 2000",,,No
Yu-Gi-Oh! Monster Capsule GB,Yes,N/A,Konami,Konami,,"April 13, 2000",,,No
Zebco Fishing!,No,Rumble Pak,Vicarious Visions,Vatical Entertainment,,,September 1999,"October 20, 2000",No
Zidane: Football Generation,No,N/A,Aqua Pacific,Cryo Interactive,,,,"June 14, 2002",No
Zoboomafoo: Playtime in Zobooland,No,N/A,Vicarious Visions,Encore Software,,,October 2001,,No
Zoids: Jashin Fukkatsu! Genobreaker Hen,Yes,N/A,Tomy Corporation,Tomy Corporation,,"August 4, 2000",,,No
Zoids: Shirogane no Jukishin Liger Zero,No,N/A,Will,Tomy Corporation,,"June 15, 2001",,,No
