GoldenEye 007,First-person shooter
The Legend of Zelda: Ocarina of Time,Action-adventure
MediEvil 2,Action-adventure
Gran Turismo 3: A-Spec,Racing
Halo: Combat Evolved,First-person shooter
Call of Duty,First-person shooter
Half-Life 2,First-person shooter
Tom Clancy's Ghost Recon Advanced Warfighter,Tactical shooter
BioShock,First-person shooter
Super Mario Galaxy,Platformer
Batman: Arkham Asylum,Action-adventure
Mass Effect 2,Action role-playing
Portal 2,Puzzle-platformer
Dishonored,Action-adventure
The Last of Us,Action-adventure
Destiny,Action role-playing
Fallout 4,Action role-playing
Uncharted 4: A Thief's End,Action-adventure
What Remains of Edith Finch,Adventure
God of War,Action-adventure
Outer Wilds,Action-adventure
Mafia II,Action-adventure game
Family Farm,Strategy video game
Dead Trigger,First-person shooter
ArmA III,Tactical shooter
Medieval Engineers,Sandbox
Factorio,Real-time strategy
Samorost 3,Adventure
Attentat 1942,Adventure
Beat Saber,Rhythm
GoldenEye 007,First-person shooter
The Legend of Zelda: Ocarina of Time,Action-adventure
The Sims,Life simulation
Diablo II,Action role-playing
Halo: Combat Evolved,First-person shooter
Battlefield 1942,First-person shooter
Call of Duty,First-person shooter
Half-Life 2,First-person shooter
God of War,Action-adventure
Gears of War,Third-person shooter
Call of Duty 4: Modern Warfare,First-person shooter
LittleBigPlanet,Puzzle-platformer
Uncharted 2: Among Thieves,Action-adventure
Mass Effect 2,Action role-playing
The Elder Scrolls V: Skyrim,Action role-playing
Journey,Adventure
The Last of Us,Action-adventure
Dragon Age: Inquisition,Action role-playing
Fallout 4,Action role-playing
Overwatch,First-person shooter
The Legend of Zelda: Breath of the Wild,Action-adventure
God of War,Action-adventure
Untitled Goose Game,Puzzle
Space Invaders
Asteroids,Superman
Pac-Man,Asteroids
Tron,Galaxian
Star Wars,Zaxxon
Street Fighter II,NHLPA Hockey '93
Street Fighter II Turbo,Genesis
Madden NFL 2004,Sports
Grand Theft Auto: San Andreas,Action-adventure
Resident Evil 4,Survival horror
The Elder Scrolls IV: Oblivion,Action role-playing
BioShock,First-person shooter
Grand Theft Auto IV,Action-adventure
Uncharted 2: Among Thieves,Action-adventure
Red Dead Redemption,Action-adventure
The Elder Scrolls V: Skyrim,Action role-playing
The Walking Dead,Graphic adventure
Grand Theft Auto V,Action-adventure
Dragon Age: Inquisition,Action role-playing
The Witcher 3: Wild Hunt,Action role-playing
Overwatch,First-person shooter
The Legend of Zelda: Breath of the Wild,Action-adventure
God of War,Action-adventure
Sekiro: Shadows Die Twice,Action-adventure
The Sims,Life simulation
Grand Theft Auto III,Action-adventure
Metroid Prime,Action-adventure
Star Wars: Knights of the Old Republic,Role-playing
Half-Life 2,First-person shooter
Shadow of the Colossus,Action-adventure
Gears of War,Third-person shooter
Portal,Puzzle-platformer
Fallout 3,Action role-playing
Uncharted 2: Among Thieves,Action-adventure
Red Dead Redemption,Action-adventure
The Elder Scrolls V: Skyrim,Action role-playing
Journey,Adventure
The Last of Us,Action-adventure
Middle-earth: Shadow of Mordor,Action-adventure
The Witcher 3: Wild Hunt,Action role-playing
Overwatch,First-person shooter
The Legend of Zelda: Breath of the Wild,Action-adventure
God of War,Action-adventure
Jetpac,Shooter
Knight Lore,Action-adventure
Way of the Exploding Fist,Fighting
Gauntlet,Hack & Slash
Out Run,Racing
Operation Wolf,Shooting gallery
Sports,Amiga
The Untouchables,Shooter
Sports,"Amiga, Amstrad CPC, Atari ST, ZX Spectrum"
Rick Dangerous 2,Platformer
Sports,"Amiga, Amstrad CPC, Atari ST, ZX Spectrum"
Sonic the Hedgehog,Platformer
Super Mario 64,Platformer
Grand Theft Auto III,Action-adventure
Grand Theft Auto: Vice City,Action-adventure
Doom 3,First-person shooter
Grand Theft Auto: San Andreas,Action-adventure
The Elder Scrolls IV: Oblivion,Action role-playing
Gears of War,Third-person shooter
Call of Duty 4: Modern Warfare,First-person shooter
Fallout 3,Action role-playing
Mass Effect 2,Action role-playing
Portal 2,Puzzle-platformer
The Elder Scrolls V: Skyrim,Action role-playing
Grand Theft Auto V,Action-adventure
Dark Souls II,Action role-playing
The Witcher 3: Wild Hunt,Action role-playing
Dark Souls III,Action role-playing
The Legend of Zelda: Breath of the Wild,Action-adventure
Fortnite Battle Royale,Battle royale
Resident Evil 2,Survival horror
Sakura Wars,Tactical role-playing
Final Fantasy VII,Role-playing
The Legend of Zelda: Ocarina of Time,Action-adventure
Doko Demo Issyo,Strategy
Role-playing,PlayStation
Phantasy Star Online,Action role-playing
Final Fantasy X,Role-playing
Final Fantasy XI,MMORPG
Rhythm,PlayStation 2
Monster Hunter,Action role-playing
Dragon Quest VIII,Role-playing
Final Fantasy XII,Role-playing
Wii Sports,Sports
Action role-playing,PlayStation Portable
Wii Fit,Fitness
Action role-playing,PlayStation Portable
Metal Gear Solid 4: Guns of the Patriots,Action-adventure
Racing,Wii
New Super Mario Bros. Wii,Platformer
Monster Hunter Portable 3rd,Action role-playing
Gravity Rush,Action-adventure
Fighting,PlayStation 3
Animal Crossing: New Leaf,Social simulation
Monster Hunter 4,Action role-playing
Yo-kai Watch 2,Role-playing
Splatoon,Third-person shooter
The Legend of Zelda: Breath of the Wild,Action-adventure
Monster Hunter: World,Action role-playing
Super Smash Bros. Ultimate,Fighting
Animal Crossing: New Horizons,Social simulation
The Last of Us,Action-adventure
Dragon Age: Inquisition,Action role-playing
The Witcher 3: Wild Hunt,Action role-playing
Uncharted 4: A Thief's End,Action-adventure
The Legend of Zelda: Breath of the Wild,Action-adventure
God of War,Action-adventure
Pac-Man,Maze
NBA Jam,Sports
Donkey Kong Country,Platformer
Donkey Kong Country 2: Diddy's Kong Quest,Platformer
GoldenEye 007,First-person shooter
The Legend of Zelda: Ocarina of Time,Action-adventure
Pokémon Stadium,Strategy
Tony Hawk's Pro Skater 2,Sports
Dishonored,Action-adventure
"Papers, Please",Puzzle
Dragon Age: Inquisition,Action role-playing
Rocket League,Sports
Overwatch,First-person shooter
Super Mario Odyssey,Platformer
Celeste,Platformer
Control,Action-adventure
BioShock,First-person shooter
Left 4 Dead,First-person shooter
Uncharted 2: Among Thieves,Action-adventure
Super Mario Galaxy 2,Platform
Portal 2,Puzzle-platform
The Walking Dead,Graphic adventure
The Last of Us,Action-adventure
Bayonetta 2,Hack 'n' slash
Bloodborne,Action role-playing
Overwatch,First-person shooter
The Legend of Zelda: Breath of the Wild,Action-adventure
God of War,Action-adventure
The Outer Worlds,Action role-playing
Resident Evil 4,Survival horror
The Legend of Zelda: Twilight Princess,Action-adventure
Super Mario Galaxy,Platformer
Grand Theft Auto IV,Action-adventure
Call of Duty: Modern Warfare 2,First-person shooter
Mass Effect 2,Action role-playing
Uncharted 3: Drake's Deception,Action-adventure
XCOM: Enemy Unknown,Turn-based tactics
The Last of Us,Action-adventure
Hearthstone: Heroes of Warcraft,Collectible card
Bloodborne,Action role-playing
The Last Guardian,Action-adventure
The Legend of Zelda: Breath of the Wild,Action-adventure
God of War,Action-adventure
Sekiro: Shadows Die Twice,Action-adventure
The Legend of Zelda: Ocarina of Time,Action-adventure
Metroid Prime,Action-adventure
Half-Life 2,First-person shooter
Resident Evil 4,Survival horror
Final Fantasy XII,Role-playing
Super Mario Galaxy,Platformer
Grand Theft Auto IV,Action-adventure
Borderlands,Action role-playing
Super Mario Galaxy 2,Platformer
The Legend of Zelda: Skyward Sword,Action-adventure
Dishonored,Action-adventure
Grand Theft Auto V,Action-adventure
Bayonetta 2,Action
Bloodborne,Action role-playing
The Last Guardian,Action-adventure
The Legend of Zelda: Breath of the Wild,Action-adventure
Red Dead Redemption 2,Action-adventure
Outer Wilds,Action-adventure
Double Dragon,Beat 'em up
Ghouls 'n Ghosts,Platform
Strider,Platform
Sonic the Hedgehog,Platformer
Street Fighter II: The World Warrior,Fighting
Samurai Shodown,Fighting
Donkey Kong Country,Platformer
Twisted Metal,Vehicular combat
Super Mario 64,Platformer
GoldenEye 007,First-person shooter
The Legend of Zelda: Ocarina of Time,Action-adventure
Soul Calibur,Fighting
Tony Hawk's Pro Skater 2,Sports
Halo: Combat Evolved,First-person shooter
Metroid Prime,Action-adventure
Prince of Persia: The Sands of Time,Action-adventure
Halo 2,First-person shooter
Resident Evil 4,Survival horror
The Legend of Zelda: Twilight Princess,Action-adventure
BioShock,First-person shooter
Grand Theft Auto IV,Action-adventure
Uncharted 2: Among Thieves,Action-adventure
Red Dead Redemption,Action-adventure
The Elder Scrolls V: Skyrim,Action role-playing
Far Cry 3,First-person shooter
BioShock Infinite,First-person shooter
Dragon Age: Inquisition,Action role-playing
The Witcher 3: Wild Hunt,Action role-playing
Overwatch,First-person shooter
The Legend of Zelda: Breath of the Wild,Action-adventure
Red Dead Redemption 2,Action-adventure
Control,Action-adventure
Dark Souls II,Action role-playing
Bloodborne,Action role-playing
Uncharted 4: A Thief's End,Action-adventure
Super Mario Odyssey,Platform
God of War,Action-adventure
Resident Evil 2,Action-adventure
BioShock,First-person shooter
Wii Fit,Fitness game
Red Dead Redemption,Action-adventure
Journey,Adventure
BioShock Infinite,First-person shooter
Metal Gear Solid V: The Phantom Pain,Action-adventure
Inside,Puzzle-platformer
The Legend of Zelda: Breath of the Wild,Action-adventure
God of War,Action-adventure
Unreal Tournament,First-person shooter
Deus Ex,Action role-playing
Grand Theft Auto III,Action-adventure
Ico,Action-adventure
Grand Theft Auto: Vice City,Action-adventure
Half-Life 2,First-person shooter
Psychonauts,Platformer
Guitar Hero,Rhythm
Portal,Puzzle-platformer
LittleBigPlanet,Puzzle-platformer
Uncharted 2: Among Thieves,Action-adventure
Mass Effect 2,Action role-playing
Portal 2,Puzzle-platformer
Fez,Puzzle-platformer
Super Mario 3D World,Platformer
Mario Kart 8,Racing
Bloodborne,Action role-playing
Overwatch,First-person shooter
The Legend of Zelda: Breath of the Wild,Action-adventure
Tetris Effect,Puzzle
Outer Wilds,Action-adventure
Dragon Quest IV: Chapters of the Chosen,Role-playing
Monster Hunter,Action role-playing
Resident Evil 4,Survival horror
Action role-playing,PlayStation 2
Final Fantasy XII,Role-playing
Super Mario Galaxy,Platformer
Action role-playing,PlayStation Portable
Monster Hunter Portable 2nd G,Action role-playing
Dragon Quest IX: Sentinels of the Starry Skies,Role-playing
Monster Hunter Portable 3rd,Action role-playing
Monster Hunter Tri G,Action role-playing
Animal Crossing: New Leaf,Life simulation
Monster Hunter 4,Action role-playing
Splatoon,Third-person shooter
Pokémon Sun and Moon,Role-playing
The Legend of Zelda: Breath of the Wild,Action-adventure
Monster Hunter: World,Action role-playing
Street Fighter II,Fighting
Mortal Kombat,Fighting
Donkey Kong Country,Platformer
Donkey Kong Country 2: Diddy Kong's Quest,Platformer
Super Mario 64,Platformer
Final Fantasy VII,Role-playing
The Legend of Zelda: Ocarina of Time,Action-adventure
Tony Hawk's Pro Skater,Sports
Tony Hawk's Pro Skater 2,Sports
Metal Gear Solid 2: Sons of Liberty,Action-adventure
Grand Theft Auto: Vice City,Action-adventure
The Legend of Zelda: The Wind Waker,Action-adventure
Halo 2,First-person shooter
Resident Evil 4,Survival horror
The Legend of Zelda: Twilight Princess,Action-adventure
BioShock,First-person shooter
Grand Theft Auto IV,Action-adventure
Uncharted 2: Among Thieves,Action-adventure
Red Dead Redemption,Action-adventure
The Elder Scrolls V: Skyrim,Action role-playing
Mass Effect 3,Action role-playing
The Last of Us,Action-adventure
Dragon Age: Inquisition,Action role-playing
The Witcher 3: Wild Hunt,Action role-playing
Overwatch,First-person shooter
The Legend of Zelda: Breath of the Wild,Action-adventure
God of War,Action-adventure
Control,Action-adventure
Diablo,Action role-playing
Total Annihilation,Real-time strategy
The Legend of Zelda: Ocarina of Time,Action-adventure
Soulcalibur,Fighting
Chrono Cross,Role-playing
Grand Theft Auto III,Action-adventure
Metroid Prime,Action-adventure
The Legend of Zelda: The Wind Waker,Action-adventure
World of Warcraft,MMORPG
Resident Evil 4,Survival horror
Gears of War,Third-person shooter
Super Mario Galaxy,Platformer
Metal Gear Solid 4: Guns of the Patriots,Action-adventure
Demon's Souls,Action role-playing
Red Dead Redemption,Action-adventure
The Elder Scrolls V: Skyrim,Action role-playing
Journey,Adventure
The Legend of Zelda: A Link Between Worlds,Action-adventure
Middle-earth: Shadow of Mordor,Action-adventure
The Witcher 3: Wild Hunt,Action role-playing
Overwatch,First-person shooter
The Legend of Zelda: Breath of the Wild,Action-adventure
Red Dead Redemption 2,Action-adventure
Sekiro: Shadows Die Twice,Action-adventure
The Legend of Zelda: Twilight Princess,Action-adventure
The Orange Box,First-person shooter
Fallout 3,Action role-playing
Batman: Arkham Asylum,Action-adventure
Red Dead Redemption,Action-adventure
Portal 2,Puzzle-platformer
The Walking Dead,Graphic adventure
The Last of Us,Action-adventure
Destiny,Action role-playing
Metal Gear Solid V: The Phantom Pain,Action-adventure
Titanfall 2,First-person shooter
The Legend of Zelda: Breath of the Wild,Action-adventure
God of War,Action-adventure
Control,Action-adventure
Grand Theft Auto IV,Action-adventure
Uncharted 2: Among Thieves,Action-adventure
Mass Effect 2,Action role-playing
The Elder Scrolls V: Skyrim,Action role-playing
XCOM: Enemy Unknown,Turn-based tactics
The Last of Us,Action-adventure
Middle-earth: Shadow of Mordor,Action-adventure
Super Mario Maker,Platformer
Hitman,Stealth
PlayerUnknown's Battlegrounds,Battle royale
Tetris Effect,Puzzle
Outer Wilds,Action-adventure
Far Cry 3,First-person shooter
The Last of Us,Action-adventure
Dragon Age: Inquisition,Action role-playing
Tales from the Borderlands,Graphic adventure
Owlboy,Platform-adventure
Nier: Automata,Action role-playing
God of War,Action-adventure
Resident Evil 2,Survival horror
Halo: Combat Evolved,First-person shooter
Battlefield 1942,First-person shooter
Star Wars: Knights of the Old Republic,Role-playing
Half-Life 2,First-person shooter
God of War,Action-adventure
Ōkami,Action-adventure
Super Mario Galaxy,Platformer
Fallout 3,Action role-playing
Uncharted 2: Among Thieves,Action-adventure
Mass Effect 2,Action role-playing
Portal 2,Puzzle-platformer
Journey,Adventure
The Last of Us,Action-adventure
Dragon Age: Inquisition,Action role-playing
The Witcher 3: Wild Hunt,Action role-playing
Overwatch,First-person shooter
The Legend of Zelda: Breath of the Wild,Action-adventure
God of War,Action-adventure
Control,Action-adventure
The Walking Dead,Graphic adventure
Gone Home,Adventure
Dragon Age: Inquisition,Action role-playing
Her Story,Interactive movie
Doom,First-person shooter
The Legend of Zelda: Breath of the Wild,Action-adventure
God of War,Action-adventure
Outer Wilds,Action-adventure
Wii Sports,Sports
Halo 3,First-person shooter
Grand Theft Auto IV,Action-adventure
Call of Duty: Modern Warfare 2,First-person shooter
Alan Wake,Action-adventure
Minecraft,Sandbox
Guild Wars 2,MMORPG
Grand Theft Auto V,Action-adventure
80 Days,Interactive fiction
Prune,Puzzle
The Witness,Puzzle
The Legend of Zelda: Breath of the Wild,Action-adventure
God of War,Action-adventure
Super Mario Maker,Platform
Overwatch,First-person shooter
The Legend of Zelda: Breath of the Wild,Action-adventure
Red Dead Redemption 2,Action-adventure
Disco Elysium,Role-playing
Super Mario Galaxy,Platformer
Fallout 3,Action role-playing
Uncharted 2: Among Thieves,Action-adventure
Red Dead Redemption,Action-adventure
Batman: Arkham City,Action-adventure
The Walking Dead,Graphic adventure
The Last of Us,Action-adventure
Dragon Age: Inquisition,Action role-playing
The Witcher 3: Wild Hunt,Action role-playing
The Legend of Zelda: Breath of the Wild,Action-adventure
