Symbol,Name,Sector
AOS,A.O. Smith Corp,Industrials
ABBV,AbbVie Inc.,Health Care
ACN,Accenture plc,Information Technology
ADBE,Adobe Inc.,Information Technology
AMD,Advanced Micro Devices Inc,Information Technology
AFL,AFLAC Inc,Financials
APD,Air Products & Chemicals Inc,Materials
ALK,Alaska Air Group Inc,Industrials
ARE,Alexandria Real Estate Equities,Real Estate
ALGN,Align Technology,Health Care
LNT,Alliant Energy Corp,Utilities
GOOGL,Alphabet Inc. (Class A),Communication Services
MO,Altria Group Inc,Consumer Staples
AMCR,Amcor plc,Materials
AAL,American Airlines Group,Industrials
AXP,American Express Co,Financials
AMT,American Tower Corp.,Real Estate
AMP,Ameriprise Financial,Financials
AME,AMETEK Inc.,Industrials
APH,Amphenol Corp,Information Technology
ANSS,ANSYS,Information Technology
AON,Aon plc,Financials
AIV,Apartment Investment & Management,Real Estate
AMAT,Applied Materials Inc.,Information Technology
ADM,Archer-Daniels-Midland Co,Consumer Staples
AJG,Arthur J. Gallagher & Co.,Financials
T,AT&T Inc.,Communication Services
ADSK,Autodesk Inc.,Information Technology
AZO,AutoZone Inc,Consumer Discretionary
AVY,Avery Dennison Corp,Materials
BLL,Ball Corp,Materials
BAX,Baxter International Inc.,Health Care
BRK.B,Berkshire Hathaway,Financials
BIO,Bio-Rad Laboratories,Health Care
BLK,BlackRock,Financials
BKNG,Booking Holdings Inc,Consumer Discretionary
BXP,Boston Properties,Real Estate
BMY,Bristol-Myers Squibb,Health Care
BR,Broadridge Financial Solutions,Information Technology
CHRW,C. H. Robinson Worldwide,Industrials
CDNS,Cadence Design Systems,Information Technology
COF,Capital One Financial,Financials
KMX,Carmax Inc,Consumer Discretionary
CARR,Carrier Global,Industrials
CBOE,Cboe Global Markets,Financials
CDW,CDW,Information Technology
CNC,Centene Corporation,Health Care
CTL,CenturyLink Inc,Communication Services
CF,CF Industries Holdings Inc,Materials
CHTR,Charter Communications,Communication Services
CMG,Chipotle Mexican Grill,Consumer Discretionary
CHD,Church & Dwight,Consumer Staples
CINF,Cincinnati Financial,Financials
CSCO,Cisco Systems,Information Technology
CFG,Citizens Financial Group,Financials
CME,CME Group Inc.,Financials
KO,Coca-Cola Company,Consumer Staples
CL,Colgate-Palmolive,Consumer Staples
CMA,Comerica Inc.,Financials
CXO,Concho Resources,Energy
ED,Consolidated Edison,Utilities
CPRT,Copart Inc,Industrials
CTVA,Corteva,Materials
COTY,Coty Inc,Consumer Staples
CSX,CSX Corp.,Industrials
CVS,CVS Health,Health Care
DHR,Danaher Corp.,Health Care
DVA,DaVita Inc.,Health Care
DAL,Delta Air Lines Inc.,Industrials
DVN,Devon Energy,Energy
FANG,Diamondback Energy,Energy
DFS,Discover Financial Services,Financials
DISCK,Discovery Inc. (Class C),Communication Services
DG,Dollar General,Consumer Discretionary
D,Dominion Energy,Utilities
DOV,Dover Corporation,Industrials
DTE,DTE Energy Co.,Utilities
DRE,Duke Realty Corp,Real Estate
DXC,DXC Technology,Information Technology
EMN,Eastman Chemical,Materials
EBAY,eBay Inc.,Consumer Discretionary
EIX,Edison Int'l,Utilities
EA,Electronic Arts,Communication Services
ETR,Entergy Corp.,Utilities
EFX,Equifax Inc.,Industrials
EQR,Equity Residential,Real Estate
EL,Estée Lauder Companies,Consumer Staples
EVRG,Evergy,Utilities
EXC,Exelon Corp.,Utilities
EXPD,Expeditors,Industrials
XOM,Exxon Mobil Corp.,Energy
FB,Facebook Inc.,Communication Services
FRT,Federal Realty Investment Trust,Real Estate
FIS,Fidelity National Information Services,Information Technology
FRC,First Republic Bank,Financials
FISV,Fiserv Inc,Information Technology
FLIR,FLIR Systems,Information Technology
FMC,FMC Corporation,Materials
FTNT,Fortinet,Information Technology
FBHS,Fortune Brands Home & Security,Industrials
FOX,Fox Corporation (Class B),Communication Services
FCX,Freeport-McMoRan Inc.,Materials
GRMN,Garmin Ltd.,Consumer Discretionary
GD,General Dynamics,Industrials
GIS,General Mills,Consumer Staples
GPC,Genuine Parts,Consumer Discretionary
GPN,Global Payments Inc.,Information Technology
GS,Goldman Sachs Group,Financials
HRB,H&R Block,Consumer Discretionary
HBI,Hanesbrands Inc,Consumer Discretionary
HAS,Hasbro Inc.,Consumer Discretionary
PEAK,Healthpeak Properties,Real Estate
HES,Hess Corporation,Energy
HLT,Hilton Worldwide Holdings Inc,Consumer Discretionary
HOLX,Hologic,Health Care
HON,Honeywell Int'l Inc.,Industrials
HST,Host Hotels & Resorts,Real Estate
HPQ,HP Inc.,Information Technology
HBAN,Huntington Bancshares,Financials
IEX,IDEX Corporation,Industrials
INFO,IHS Markit Ltd.,Industrials
ILMN,Illumina Inc,Health Care
IR,Ingersoll Rand,Industrials
ICE,Intercontinental Exchange,Financials
IFF,International Flavors & Fragrances,Materials
IPG,Interpublic Group,Communication Services
ISRG,Intuitive Surgical Inc.,Health Care
IPGP,IPG Photonics Corp.,Information Technology
IRM,Iron Mountain Incorporated,Real Estate
JKHY,Jack Henry & Associates,Information Technology
SJM,JM Smucker,Consumer Staples
JCI,Johnson Controls International,Industrials
JNPR,Juniper Networks,Information Technology
K,Kellogg Co.,Consumer Staples
KEYS,Keysight Technologies,Information Technology
KIM,Kimco Realty,Real Estate
KLAC,KLA Corporation,Information Technology
KHC,Kraft Heinz Co,Consumer Staples
LB,L Brands Inc.,Consumer Discretionary
LH,Laboratory Corp. of America Holding,Health Care
LW,Lamb Weston Holdings Inc,Consumer Staples
LEG,Leggett & Platt,Consumer Discretionary
LEN,Lennar Corp.,Consumer Discretionary
LNC,Lincoln National,Financials
LYV,Live Nation Entertainment,Communication Services
LMT,Lockheed Martin Corp.,Industrials
LOW,Lowe's Cos.,Consumer Discretionary
MTB,M&T Bank Corp.,Financials
MPC,Marathon Petroleum,Energy
MAR,Marriott Int'l.,Consumer Discretionary
MLM,Martin Marietta Materials,Materials
MA,Mastercard Inc.,Information Technology
MKC,McCormick & Co.,Consumer Staples
MCK,McKesson Corp.,Health Care
MRK,Merck & Co.,Health Care
MTD,Mettler Toledo,Health Care
MCHP,Microchip Technology,Information Technology
MSFT,Microsoft Corp.,Information Technology
MHK,Mohawk Industries,Consumer Discretionary
MDLZ,Mondelez International,Consumer Staples
MCO,Moody's Corp,Financials
MSI,Motorola Solutions Inc.,Information Technology
MYL,Mylan N.V.,Health Care
NOV,National Oilwell Varco Inc.,Energy
NFLX,Netflix Inc.,Communication Services
NEM,Newmont Corporation,Materials
NWS,News Corp. Class B,Communication Services
NLSN,Nielsen Holdings,Industrials
NI,NiSource Inc.,Utilities
NSC,Norfolk Southern Corp.,Industrials
NOC,Northrop Grumman,Industrials
NCLH,Norwegian Cruise Line Holdings,Consumer Discretionary
NUE,Nucor Corp.,Materials
NVR,NVR Inc.,Consumer Discretionary
OXY,Occidental Petroleum,Energy
OMC,Omnicom Group,Communication Services
ORCL,Oracle Corp.,Information Technology
PCAR,PACCAR Inc.,Industrials
PH,Parker-Hannifin,Industrials
PAYC,Paycom,Information Technology
PNR,Pentair plc,Industrials
PEP,PepsiCo Inc.,Consumer Staples
PRGO,Perrigo,Health Care
PM,Philip Morris International,Consumer Staples
PNW,Pinnacle West Capital,Utilities
PNC,PNC Financial Services,Financials
PPL,PPL Corp.,Utilities
PG,Procter & Gamble,Consumer Staples
PLD,Prologis,Real Estate
PEG,Public Service Enterprise Group (PSEG),Utilities
PHM,PulteGroup,Consumer Discretionary
QRVO,Qorvo,Information Technology
PWR,Quanta Services Inc.,Industrials
RL,Ralph Lauren Corporation,Consumer Discretionary
RTX,Raytheon Technologies,Industrials
REG,Regency Centers Corporation,Real Estate
RF,Regions Financial Corp.,Financials
RMD,ResMed,Health Care
ROK,Rockwell Automation Inc.,Industrials
ROP,Roper Technologies,Industrials
RCL,Royal Caribbean Group,Consumer Discretionary
CRM,Salesforce.com,Information Technology
SLB,Schlumberger Ltd.,Energy
SEE,Sealed Air,Materials
NOW,ServiceNow,Information Technology
SPG,Simon Property Group Inc,Real Estate
SLG,SL Green Realty,Real Estate
SO,Southern Company,Utilities
SWK,Stanley Black & Decker,Industrials
STT,State Street Corp.,Financials
SYK,Stryker Corp.,Health Care
SYF,Synchrony Financial,Financials
SYY,Sysco Corp.,Consumer Staples
TROW,T. Rowe Price Group,Financials
TPR,Tapestry Inc.,Consumer Discretionary
TEL,TE Connectivity Ltd.,Information Technology
TDY,Teledyne Technologies,Industrials
TXN,Texas Instruments,Information Technology
BK,The Bank of New York Mellon,Financials
COO,The Cooper Companies,Health Care
MOS,The Mosaic Company,Materials
DIS,The Walt Disney Company,Communication Services
TIF,Tiffany & Co.,Consumer Discretionary
TSCO,Tractor Supply Company,Consumer Discretionary
TDG,TransDigm Group,Industrials
TWTR,Twitter Inc.,Communication Services
TSN,Tyson Foods,Consumer Staples
UDR,UDR Inc.,Real Estate
UAA,Under Armour (Class A),Consumer Discretionary
UNP,Union Pacific Corp,Industrials
UNH,United Health Group Inc.,Health Care
URI,United Rentals Inc.,Industrials
UNM,Unum Group,Financials
VAR,Varian Medical Systems,Health Care
VRSN,Verisign Inc.,Information Technology
VZ,Verizon Communications,Communication Services
VFC,VF Corporation,Consumer Discretionary
V,Visa Inc.,Information Technology
VMC,Vulcan Materials,Materials
WAB,Wabtec Corporation,Industrials
WMT,Walmart,Consumer Staples
WAT,Waters Corporation,Health Care
WFC,Wells Fargo,Financials
WST,West Pharmaceutical Services,Health Care
WU,Western Union Co,Information Technology
WY,Weyerhaeuser,Real Estate
WMB,Williams Companies,Energy
WYNN,Wynn Resorts Ltd,Consumer Discretionary
XRX,Xerox,Information Technology
XYL,Xylem Inc.,Industrials
ZBRA,Zebra Technologies,Information Technology
ZION,Zions Bancorp,Financials
