MMM,3M Company,Industrials
ABT,Abbott Laboratories,Health Care
ABMD,ABIOMED Inc,Health Care
ATVI,Activision Blizzard,Communication Services
AAP,Advance Auto Parts,Consumer Discretionary
AES,AES Corp,Utilities
A,Agilent Technologies Inc,Health Care
AKAM,Akamai Technologies Inc,Information Technology
ALB,Albemarle Corp,Materials
ALXN,Alexion Pharmaceuticals,Health Care
ALLE,Allegion,Industrials
ALL,Allstate Corp,Financials
GOOG,Alphabet Inc. (Class C),Communication Services
AMZN,Amazon.com Inc.,Consumer Discretionary
AEE,Ameren Corp,Utilities
AEP,American Electric Power,Utilities
AIG,American International Group,Financials
AWK,American Water Works Company Inc,Utilities
ABC,AmerisourceBergen Corp,Health Care
AMGN,Amgen Inc.,Health Care
ADI,Analog Devices Inc.,Information Technology
ANTM,Anthem,Health Care
APA,Apache Corporation,Energy
AAPL,Apple Inc.,Information Technology
APTV,Aptiv PLC,Consumer Discretionary
ANET,Arista Networks,Information Technology
AIZ,Assurant,Financials
ATO,Atmos Energy,Utilities
ADP,Automatic Data Processing,Information Technology
AVB,AvalonBay Communities,Real Estate
BKR,Baker Hughes Co,Energy
BAC,Bank of America Corp,Financials
BDX,Becton Dickinson,Health Care
BBY,Best Buy Co. Inc.,Consumer Discretionary
BIIB,Biogen Inc.,Health Care
BA,Boeing Company,Industrials
BWA,BorgWarner,Consumer Discretionary
BSX,Boston Scientific,Health Care
AVGO,Broadcom Inc.,Information Technology
BF.B,Brown-Forman Corp.,Consumer Staples
COG,Cabot Oil & Gas,Energy
CPB,Campbell Soup,Consumer Staples
CAH,Cardinal Health Inc.,Health Care
CCL,Carnival Corp.,Consumer Discretionary
CAT,Caterpillar Inc.,Industrials
CBRE,CBRE Group,Real Estate
CE,Celanese,Materials
CNP,CenterPoint Energy,Utilities
CERN,Cerner,Health Care
SCHW,Charles Schwab Corporation,Financials
CVX,Chevron Corp.,Energy
CB,Chubb Limited,Financials
CI,CIGNA Corp.,Health Care
CTAS,Cintas Corporation,Industrials
C,Citigroup Inc.,Financials
CTXS,Citrix Systems,Information Technology
CMS,CMS Energy,Utilities
CTSH,Cognizant Technology Solutions,Information Technology
CMCSA,Comcast Corp.,Communication Services
CAG,Conagra Brands,Consumer Staples
COP,ConocoPhillips,Energy
STZ,Constellation Brands,Consumer Staples
GLW,Corning Inc.,Information Technology
COST,Costco Wholesale Corp.,Consumer Staples
CCI,Crown Castle International Corp.,Real Estate
CMI,Cummins Inc.,Industrials
DHI,D. R. Horton,Consumer Discretionary
DRI,Darden Restaurants,Consumer Discretionary
DE,Deere & Co.,Industrials
XRAY,Dentsply Sirona,Health Care
DXCM,DexCom,Health Care
DLR,Digital Realty Trust Inc,Real Estate
DISCA,Discovery Inc. (Class A),Communication Services
DISH,Dish Network,Communication Services
DLTR,Dollar Tree,Consumer Discretionary
DPZ,Domino's Pizza,Consumer Discretionary
DOW,Dow Inc.,Materials
DUK,Duke Energy,Utilities
DD,DuPont de Nemours Inc,Materials
ETFC,E*Trade,Financials
ETN,Eaton Corporation,Industrials
ECL,Ecolab Inc.,Materials
EW,Edwards Lifesciences,Health Care
EMR,Emerson Electric Company,Industrials
EOG,EOG Resources,Energy
EQIX,Equinix,Real Estate
ESS,Essex Property Trust Inc.,Real Estate
RE,Everest Re Group Ltd.,Financials
ES,Eversource Energy,Utilities
EXPE,Expedia Group,Consumer Discretionary
EXR,Extra Space Storage,Real Estate
FFIV,F5 Networks,Information Technology
FAST,Fastenal Co,Industrials
FDX,FedEx Corporation,Industrials
FITB,Fifth Third Bancorp,Financials
FE,FirstEnergy Corp,Utilities
FLT,FleetCor Technologies Inc,Information Technology
FLS,Flowserve Corporation,Industrials
F,Ford Motor Company,Consumer Discretionary
FTV,Fortive Corp,Industrials
FOXA,Fox Corporation (Class A),Communication Services
BEN,Franklin Resources,Financials
GPS,Gap Inc.,Consumer Discretionary
IT,Gartner Inc,Information Technology
GE,General Electric,Industrials
GM,General Motors,Consumer Discretionary
GILD,Gilead Sciences,Health Care
GL,Globe Life Inc.,Financials
GWW,Grainger (W.W.) Inc.,Industrials
HAL,Halliburton Co.,Energy
HIG,Hartford Financial Svc.Gp.,Financials
HCA,HCA Healthcare,Health Care
HSIC,Henry Schein,Health Care
HPE,Hewlett Packard Enterprise,Information Technology
HFC,HollyFrontier Corp,Energy
HD,Home Depot,Consumer Discretionary
HRL,Hormel Foods Corp.,Consumer Staples
HWM,Howmet Aerospace,Industrials
HUM,Humana Inc.,Health Care
HII,Huntington Ingalls Industries,Industrials
IDXX,IDEXX Laboratories,Health Care
ITW,Illinois Tool Works,Industrials
INCY,Incyte,Health Care
INTC,Intel Corp.,Information Technology
IBM,International Business Machines,Information Technology
IP,International Paper,Materials
INTU,Intuit Inc.,Information Technology
IVZ,Invesco Ltd.,Financials
IQV,IQVIA Holdings Inc.,Health Care
JBHT,J. B. Hunt Transport Services,Industrials
J,Jacobs Engineering Group,Industrials
JNJ,Johnson & Johnson,Health Care
JPM,JPMorgan Chase & Co.,Financials
KSU,Kansas City Southern,Industrials
KEY,KeyCorp,Financials
KMB,Kimberly-Clark,Consumer Staples
KMI,Kinder Morgan,Energy
KSS,Kohl's Corp.,Consumer Discretionary
KR,Kroger Co.,Consumer Staples
LHX,L3Harris Technologies,Industrials
LRCX,Lam Research,Information Technology
LVS,Las Vegas Sands,Consumer Discretionary
LDOS,Leidos Holdings,Information Technology
LLY,Lilly (Eli) & Co.,Health Care
LIN,Linde plc,Materials
LKQ,LKQ Corporation,Consumer Discretionary
L,Loews Corp.,Financials
LYB,LyondellBasell,Materials
MRO,Marathon Oil Corp.,Energy
MKTX,MarketAxess,Financials
MMC,Marsh & McLennan,Financials
MAS,Masco Corp.,Industrials
MXIM,Maxim Integrated Products Inc,Information Technology
MCD,McDonald's Corp.,Consumer Discretionary
MDT,Medtronic plc,Health Care
MET,MetLife Inc.,Financials
MGM,MGM Resorts International,Consumer Discretionary
MU,Micron Technology,Information Technology
MAA,Mid-America Apartments,Real Estate
TAP,Molson Coors Beverage Company,Consumer Staples
MNST,Monster Beverage,Consumer Staples
MS,Morgan Stanley,Financials
MSCI,MSCI Inc,Financials
NDAQ,Nasdaq Inc.,Financials
NTAP,NetApp,Information Technology
NWL,Newell Brands,Consumer Discretionary
NWSA,News Corp. Class A,Communication Services
NEE,NextEra Energy,Utilities
NKE,Nike Inc.,Consumer Discretionary
NBL,Noble Energy,Energy
NTRS,Northern Trust Corp.,Financials
NLOK,NortonLifeLock,Information Technology
NRG,NRG Energy,Utilities
NVDA,Nvidia Corporation,Information Technology
ORLY,O'Reilly Automotive,Consumer Discretionary
ODFL,Old Dominion Freight Line,Industrials
OKE,ONEOK,Energy
OTIS,Otis Worldwide,Industrials
PKG,Packaging Corporation of America,Materials
PAYX,Paychex Inc.,Information Technology
PYPL,PayPal,Information Technology
PBCT,People's United Financial,Financials
PKI,PerkinElmer,Health Care
PFE,Pfizer Inc.,Health Care
PSX,Phillips 66,Energy
PXD,Pioneer Natural Resources,Energy
PPG,PPG Industries,Materials
PFG,Principal Financial Group,Financials
PGR,Progressive Corp.,Financials
PRU,Prudential Financial,Financials
PSA,Public Storage,Real Estate
PVH,PVH Corp.,Consumer Discretionary
QCOM,QUALCOMM Inc.,Information Technology
DGX,Quest Diagnostics,Health Care
RJF,Raymond James Financial Inc.,Financials
O,Realty Income Corporation,Real Estate
REGN,Regeneron Pharmaceuticals,Health Care
RSG,Republic Services Inc,Industrials
RHI,Robert Half International,Industrials
ROL,Rollins Inc.,Industrials
ROST,Ross Stores,Consumer Discretionary
SPGI,S&P Global Inc.,Financials
SBAC,SBA Communications,Real Estate
STX,Seagate Technology,Information Technology
SRE,Sempra Energy,Utilities
SHW,Sherwin-Williams,Materials
SWKS,Skyworks Solutions,Information Technology
SNA,Snap-on,Industrials
LUV,Southwest Airlines,Industrials
SBUX,Starbucks Corp.,Consumer Discretionary
STE,STERIS plc,Health Care
SIVB,SVB Financial,Financials
SNPS,Synopsys Inc.,Information Technology
TMUS,T-Mobile US,Communication Services
TTWO,Take-Two Interactive,Communication Services
TGT,Target Corp.,Consumer Discretionary
FTI,TechnipFMC,Energy
TFX,Teleflex,Health Care
TXT,Textron Inc.,Industrials
CLX,The Clorox Company,Consumer Staples
HSY,The Hershey Company,Consumer Staples
TRV,The Travelers Companies Inc.,Financials
TMO,Thermo Fisher Scientific,Health Care
TJX,TJX Companies Inc.,Consumer Discretionary
TT,Trane Technologies plc,Industrials
TFC,Truist Financial,Financials
TYL,Tyler Technologies,Information Technology
USB,U.S. Bancorp,Financials
ULTA,Ulta Beauty,Consumer Discretionary
UA,Under Armour (Class C),Consumer Discretionary
UAL,United Airlines Holdings,Industrials
UPS,United Parcel Service,Industrials
UHS,Universal Health Services,Health Care
VLO,Valero Energy,Energy
VTR,Ventas Inc,Real Estate
VRSK,Verisk Analytics,Industrials
VRTX,Vertex Pharmaceuticals Inc,Health Care
VIAC,ViacomCBS,Communication Services
VNO,Vornado Realty Trust,Real Estate
WRB,W. R. Berkley Corporation,Financials
WBA,Walgreens Boots Alliance,Consumer Staples
WM,Waste Management Inc.,Industrials
WEC,WEC Energy Group,Utilities
WELL,Welltower Inc.,Real Estate
WDC,Western Digital,Information Technology
WRK,WestRock,Materials
WHR,Whirlpool Corp.,Consumer Discretionary
WLTW,Willis Towers Watson,Financials
XEL,Xcel Energy Inc,Utilities
XLNX,Xilinx,Information Technology
YUM,Yum! Brands Inc,Consumer Discretionary
ZBH,Zimmer Biomet Holdings,Health Care
ZTS,Zoetis,Health Care
