6,Judy Garland,"865,586","28,852",C,Top
7,Cardi B,"845,713","28,190",B,Low
12,Freddie Mercury,"635,992","21,199",GA,Top
14,Michael Jackson,"600,346","20,011",FA,Top
18,Tupac Shakur,"545,561","18,185",B,High
19,Taylor Swift,"542,711","18,090",FA,High
21,Ozzy Osbourne,"514,720","17,157",B,High
22,Lady Gaga,"505,686","16,856",FA,High
23,Juice Wrld,"502,878","16,762",B,Low
26,Elvis Presley,"488,805","16,293",FA,Top
34,Jimi Hendrix,"443,624","14,787",FA,Top
35,Mariah Carey,"424,202","14,140",FA,Top
38,Eminem,"397,748","13,258",B,High
42,Katy Perry,"376,456","12,548",FA,High
45,John Lennon,"371,914","12,397",FA,Top
46,Bob Marley,"368,681","12,289",GA,Top
49,Johnny Cash,"361,346","12,044",B,High
50,Betty White,"360,687","12,022",C,Low
55,Dua Lipa,"345,211","11,507",B,Low
58,Mark Wahlberg,"342,485","11,416",C,Low
59,Elton John,"341,719","11,390",C,Top
67,David Bowie,"331,641","11,054",FA,Top
69,James Brown,"325,363","10,845",C,Top
70,Emma Roberts,"321,277","10,709",B,Low
72,Brie Larson,"317,356","10,578",FA,Low
74,Dr. Dre,"314,853","10,495",GA,High
75,Cher,"313,645","10,454",GA,High
78,The Notorious B.I.G.,"307,320","10,244",FA,High
79,SB19,"300,040","10,001",Start,Low
80,Amy Winehouse,"300,005","10,000",GA,High
82,Whitney Houston,"298,522","9,950",B,High
83,Alicia Keys,"298,365","9,945",B,High
84,John Cena,"293,333","9,777",B,Low
85,Madonna,"292,251","9,741",GA,Top
88,Rick Moranis,"288,416","9,613",C,Low
89,Idris Elba,"288,207","9,606",B,Low
92,Kurt Cobain,"280,097","9,336",C,Top
94,Post Malone,"275,685","9,189",C,Low
95,Fleetwood Mac,"274,702","9,156",C,High
97,Bob Dylan,"269,394","8,979",FA,Top
98,Jungkook,"269,324","8,977",C,Low
102,Stevie Nicks,"258,313","8,610",C,Top
103,Shakira,"257,600","8,586",B,High
108,ABBA,"249,393","8,313",B,Top
111,Pink Floyd,"247,930","8,264",FA,Top
112,Gwen Stefani,"245,811","8,193",FA,High
113,Elizabeth Gillies,"244,061","8,135",C,Low
115,Tina Turner,"241,855","8,061",GA,High
116,Led Zeppelin,"241,619","8,053",GA,Top
118,George Harrison,"240,005","8,000",FA,Top
119,Eddie Murphy,"239,013","7,967",B,Low
120,Zoë Kravitz,"238,745","7,958",C,Low
123,Jay-Z,"236,631","7,887",B,High
125,Marvin Gaye,"235,299","7,843",B,Top
126,George Michael,"233,292","7,776",B,High
134,Wolfgang Amadeus Mozart,"224,055","7,468",B,Top
136,Bruce Springsteen,"219,936","7,331",C,High
141,Nicole Richie,"214,811","7,160",B,Low
142,Mick Jagger,"214,768","7,158",GA,Top
143,Selena,"212,384","7,079",GA,High
145,Christina Aguilera,"211,730","7,057",B,High
158,Bee Gees,"197,471","6,582",B,Top
165,Justin Timberlake,"194,511","6,483",B,High
166,Janis Joplin,"193,563","6,452",B,High
170,Cat Stevens,"191,721","6,390",B,High
171,Jennifer Love Hewitt,"190,666","6,355",B,Low
176,Kylie Minogue,"187,813","6,260",FA,High
177,Keith Urban,"187,794","6,259",C,Low
178,Eric Clapton,"187,687","6,256",B,Top
188,Barbra Streisand,"181,164","6,038",B,High
192,John Bonham,"177,668","5,922",B,High
202,Billy Joel,"172,846","5,761",C,High
209,Quincy Jones,"168,239","5,607",B,High
210,Jim Morrison,"168,193","5,606",C,Top
213,Stevie Wonder,"166,137","5,537",B,Top
215,Black Sabbath,"164,682","5,489",GA,High
216,Ringo Starr,"164,620","5,487",FA,High
221,Neil Young,"162,370","5,412",C,High
224,Audie Murphy,"161,241","5,374",FA,Low
225,Little Mix,"161,082","5,369",C,Low
227,Linda Ronstadt,"160,577","5,352",B,High
234,Yoko Ono,"155,631","5,187",GA,Top
236,Van Morrison,"155,347","5,178",GA,Top
238,J-Hope,"154,916","5,163",Start,Low
239,Yungblud,"154,841","5,161",Start,Low
241,Katey Sagal,"153,858","5,128",Start,Low
242,Janet Jackson,"153,210","5,107",FA,High
243,Beastie Boys,"152,921","5,097",C,High
244,Jared Leto,"152,766","5,092",C,High
247,Exo,"151,910","5,063",GA,High
248,Logan Paul,"151,003","5,033",C,Low
253,Leonard Nimoy,"150,355","5,011",B,Low
276,Ray Charles,"141,545","4,718",C,High
286,Jeff Bridges,"138,174","4,605",C,Low
287,Dorothy Dandridge,"137,958","4,598",C,Low
289,Patti LaBelle,"137,287","4,576",B,High
291,Blink-182,"136,941","4,564",GA,High
294,The Beach Boys,"135,594","4,519",B,Top
299,Elle King,"134,112","4,470",Start,Low
301,Barry Gibb,"133,714","4,457",C,High
308,Steven Tyler,"131,175","4,372",B,High
313,Guns N' Roses,"130,484","4,349",B,Top
314,Hayden Panettiere,"129,898","4,329",B,Low
327,Joni Mitchell,"126,951","4,231",B,Top
330,Hugh Laurie,"126,620","4,220",B,Low
332,Bon Jovi,"126,094","4,203",B,High
334,The Temptations,"126,004","4,200",B,High
335,Jon Bon Jovi,"125,911","4,197",C,High
339,Louis Tomlinson,"125,252","4,175",C,Low
342,Kenny Rogers,"124,241","4,141",B,High
344,Derek Hough,"123,483","4,116",Start,Low
346,Rod Stewart,"123,293","4,109",B,Top
349,Traci Lords,"122,654","4,088",B,Low
350,Keith Richards,"122,362","4,078",GA,High
352,Shania Twain,"122,212","4,073",C,High
355,Swizz Beatz,"120,953","4,031",Start,Low
356,Leonard Cohen,"120,747","4,024",B,High
357,B.B. King,"120,686","4,022",B,High
362,Little Richard,"119,720","3,990",B,High
364,The Who,"119,638","3,987",GA,Top
366,Jeezy,"119,273","3,975",C,Low
369,Stevie Ray Vaughan,"118,717","3,957",B,High
370,Buddy Holly,"118,607","3,953",C,High
375,Frank Zappa,"118,025","3,934",FA,High
379,Jerry Lee Lewis,"116,514","3,883",C,High
395,Miles Davis,"114,032","3,801",B,Top
398,Brian May,"113,394","3,779",B,High
401,Kate Bush,"113,133","3,771",C,High
409,Iron Maiden,"111,867","3,728",GA,High
410,Method Man,"111,561","3,718",B,Low
411,Meat Loaf,"111,358","3,711",C,High
414,Johann Sebastian Bach,"111,067","3,702",B,Top
422,Otis Redding,"109,499","3,649",GA,High
427,Toots and the Maytals,"108,984","3,632",C,Low
431,Van Halen,"108,715","3,623",B,High
434,Louis Armstrong,"108,283","3,609",B,High
435,Pat Boone,"108,146","3,604",B,High
438,Phil Spector,"107,954","3,598",C,High
439,Roy Orbison,"107,920","3,597",B,High
442,Green Day,"107,637","3,587",GA,High
443,The Mamas and the Papas,"106,817","3,560",C,High
454,Sam Cooke,"105,616","3,520",B,High
455,David Gilmour,"105,512","3,517",B,Top
456,Robin Thicke,"104,544","3,484",B,Low
457,Victoria Justice,"104,539","3,484",B,Low
461,Eiza González,"103,944","3,464",C,Low
462,The Smashing Pumpkins,"103,912","3,463",FA,High
463,Dionne Warwick,"103,808","3,460",B,High
464,John Williams,"103,782","3,459",B,High
466,Kishore Kumar,"103,664","3,455",C,High
469,Murder of John Lennon,"103,101","3,436",GA,Top
472,LL Cool J,"102,943","3,431",C,High
483,Deep Purple,"101,340","3,378",B,Top
486,Adam Lambert,"101,028","3,367",C,Low
488,Auliʻi Cravalho,"100,653","3,355",C,Low
489,Tom Waits,"100,541","3,351",B,High
495,Brian Wilson,"99,660","3,322",B,Top
497,Adam Levine,"99,446","3,314",GA,Low
510,Coldplay,"98,209","3,273",GA,High
516,John Lydon,"97,100","3,236",C,High
519,Destiny's Child,"96,097","3,203",GA,High
520,U2,"95,915","3,197",FA,Top
31,Andrea Bocelli,"94,872","3,162",B,Top
533,Ramones,"94,738","3,157",GA,High
537,Tim McGraw,"94,216","3,140",B,High
543,Bing Crosby,"93,462","3,115",B,Top
547,Chuck Berry,"93,039","3,101",GA,Top
548,Lemmy,"92,884","3,096",C,High
552,Lizzo,"92,613","3,087",C,Low
568,Ravi Shankar,"91,161","3,038",GA,High
592,Don Henley,"89,369","2,978",C,High
595,Frédéric Chopin,"89,268","2,975",FA,High
596,Talking Heads,"89,193","2,973",B,High
599,Billie Joe Armstrong,"88,628","2,954",B,High
606,Pentatonix,"87,856","2,928",B,Low
608,Luciano Pavarotti,"87,788","2,926",B,High
609,Simon & Garfunkel,"87,601","2,920",GA,High
611,Anderson Paak,"87,433","2,914",Start,Low
618,Enya,"86,849","2,894",B,High
621,Chynna Phillips,"86,572","2,885",Start,Low
622,Ezra Koenig,"86,569","2,885",Start,Low
634,Sex Pistols,"85,532","2,851",FA,High
637,ASAP Mob,"85,479","2,849",Start,Low
639,Aerosmith,"85,261","2,842",GA,Top
640,Billie Holiday,"85,247","2,841",B,Top
655,The Doors,"83,515","2,783",C,Top
674,Lou Reed,"82,338","2,744",B,High
686,Chris Jericho,"80,606","2,686",B,Low
688,Riz Ahmed,"80,539","2,684",C,Low
690,Geri Halliwell,"80,246","2,674",C,Low
692,Claude Debussy,"79,940","2,664",FA,High
695,Édith Piaf,"79,783","2,659",B,High
701,Iggy Pop,"79,358","2,645",B,High
709,Mark Knopfler,"78,626","2,620",C,High
724,John Carpenter,"77,482","2,582",B,High
730,Gloria Estefan,"77,233","2,574",B,High
732,Noel Gallagher,"77,170","2,572",GA,High
39,Megadeth,"76,375","2,545",FA,High
749,Laura Branigan,"75,582","2,519",C,High
753,Young Thug,"75,369","2,512",C,Low
754,Becky G,"75,316","2,510",B,Low
755,Rammstein,"75,300","2,510",C,High
757,Bryan Adams,"75,230","2,507",B,High
758,Fred Astaire,"75,228","2,507",B,Top
759,Bono,"75,101","2,503",B,High
760,Art Garfunkel,"75,039","2,501",C,High
764,Shirley Jones,"74,657","2,488",C,High
765,Frank Stallone,"74,570","2,485",Start,Low
769,Michael Bublé,"74,272","2,475",B,Low
772,Robert Johnson,"74,139","2,471",B,High
775,Nine Inch Nails,"74,108","2,470",FA,High
779,Action Bronson,"73,946","2,464",C,Low
781,John Coltrane,"73,784","2,459",B,High
782,Tears for Fears,"73,761","2,458",C,High
783,Barry White,"73,727","2,457",Start,High
785,Katie Cassidy,"73,419","2,447",C,Low
788,Imagine Dragons,"73,360","2,445",C,Low
789,Gavin Rossdale,"73,355","2,445",C,Low
795,Richard Wagner,"72,640","2,421",FA,High
798,Bring Me the Horizon,"72,251","2,408",B,Low
799,Def Leppard,"72,244","2,408",C,High
815,Public Enemy,"70,959","2,365",B,Top
818,Duran Duran,"70,862","2,362",B,High
822,Stormzy,"70,384","2,346",Start,Low
825,The Band,"70,264","2,342",B,High
840,Rebecca Black,"69,210","2,307",B,Low
854,Teddy Pendergrass,"68,544","2,284",C,High
856,Troy Baker,"68,385","2,279",Start,Low
857,Electric Light Orchestra,"68,318","2,277",B,High
862,Ian Curtis,"67,890","2,263",C,High
878,The Smiths,"66,929","2,230",C,High
879,Elvis Costello,"66,895","2,229",C,High
886,Grey DeLisle,"66,402","2,213",Start,Low
887,Fifth Harmony,"66,387","2,212",C,Low
889,Brian Eno,"66,225","2,207",B,Top
891,Liberace,"66,181","2,206",B,High
899,Pyotr Ilyich Tchaikovsky,"65,549","2,184",FA,High
924,Jeff Lynne,"64,501","2,150",B,High
934,Troye Sivan,"63,761","2,125",C,Low
942,The Clash,"63,250","2,108",GA,High
963,Slayer,"62,025","2,067",FA,High
971,Eric Burdon,"61,740","2,058",C,Top
992,Cliff Richard,"60,663","2,022",C,Top
995,Franz Schubert,"60,454","2,015",GA,High
999,The Velvet Underground,"60,125","2,004",C,Top
