1,Taylor Swift,"542,711","18,090",Unknown,Unknown
2,Johnny Cash,"361,346","12,044",Unknown,Unknown
3,Mac Davis,"336,845","11,228",Unknown,Unknown
4,Kevin Costner,"310,234","10,341",Unknown,Unknown
5,Dolly Parton,"243,051","8,101",Unknown,Unknown
6,Loretta Lynn,"238,461","7,948",Unknown,Unknown
7,Kane Brown,"218,591","7,286",Unknown,Unknown
9,Keith Urban,"187,794","6,259",Unknown,Unknown
10,John Denver,"180,165","6,005",Unknown,Unknown
11,Kid Rock,"173,045","5,768",Unknown,Unknown
13,Billy Ray Cyrus,"152,109","5,070",Unknown,Unknown
16,Ray Charles,"141,545","4,718",Unknown,Unknown
17,Julianne Hough,"140,872","4,695",Unknown,Unknown
18,Carrie Underwood,"140,771","4,692",Unknown,Unknown
19,Dean Martin,"139,129","4,637",Unknown,Unknown
20,Jeff Bridges,"138,174","4,605",Unknown,Unknown
21,Kris Kristofferson,"134,728","4,490",Unknown,Unknown
23,Marie Osmond,"131,544","4,384",Unknown,Unknown
24,June Carter Cash,"128,981","4,299",Unknown,Unknown
25,Kenny Rogers,"124,241","4,141",Unknown,Unknown
28,Reba McEntire,"115,677","3,855",Unknown,Unknown
30,Hank Williams,"109,855","3,661",Unknown,Unknown
31,LeAnn Rimes,"103,697","3,456",Unknown,Unknown
32,Miranda Lambert,"101,625","3,387",Unknown,Unknown
34,Tim McGraw,"94,216","3,140",Unknown,Unknown
35,Jennette McCurdy,"93,554","3,118",Unknown,Unknown
36,Waylon Jennings,"89,782","2,992",Unknown,Unknown
37,Lil Nas X,"82,886","2,762",Unknown,Unknown
38,Maren Morris,"79,447","2,648",Unknown,Unknown
39,Glen Campbell,"78,383","2,612",Unknown,Unknown
40,Tyler Childers,"78,254","2,608",Unknown,Unknown
43,Kenny Chesney,"77,506","2,583",Unknown,Unknown
44,Jewel,"76,085","2,536",Unknown,Unknown
45,Mickey Guyton,"75,914","2,530",Unknown,Unknown
46,Garth Brooks,"75,821","2,527",Unknown,Unknown
47,Jerry Garcia,"73,960","2,465",Unknown,Unknown
48,Sissy Spacek,"73,912","2,463",Unknown,Unknown
50,Thomas Rhett,"70,733","2,357",Unknown,Unknown
51,Luke Bryan,"69,558","2,318",Unknown,Unknown
52,Maggie Baird,"67,540","2,251",Unknown,Unknown
53,Kacey Musgraves,"64,366","2,145",Unknown,Unknown
54,Randy Travis,"64,280","2,142",Unknown,Unknown
56,Brad Paisley,"62,272","2,075",Unknown,Unknown
57,Faith Hill,"62,143","2,071",Unknown,Unknown
58,George Strait,"61,820","2,060",Unknown,Unknown
59,Barbara Mandrell,"61,108","2,036",Unknown,Unknown
60,John Prine,"60,598","2,019",Unknown,Unknown
62,Jimmy Dean,"58,385","1,946",Unknown,Unknown
63,Merle Haggard,"58,139","1,937",Unknown,Unknown
66,Alan Jackson,"55,231","1,841",Unknown,Unknown
67,Jimmy Buffett,"54,811","1,827",Unknown,Unknown
68,Trisha Yearwood,"54,062","1,802",Unknown,Unknown
69,Emmylou Harris,"53,553","1,785",Unknown,Unknown
70,Jana Kramer,"52,632","1,754",Unknown,Unknown
72,Eric Church,"52,385","1,746",Unknown,Unknown
74,John Schneider ,"52,176","1,739",Unknown,Unknown
76,Vince Gill,"51,546","1,718",Unknown,Unknown
77,Dwight Yoakam,"50,941","1,698",Unknown,Unknown
78,Clint Black,"50,800","1,693",Unknown,Unknown
79,Marty Stuart,"50,628","1,687",Unknown,Unknown
80,Lauren Alaina,"48,638","1,621",Unknown,Unknown
83,David Allan Coe,"47,583","1,586",Unknown,Unknown
84,Crystal Gayle,"47,570","1,585",Unknown,Unknown
85,Jerry Reed,"47,056","1,568",Unknown,Unknown
86,Tammy Wynette,"46,769","1,558",Unknown,Unknown
87,Steve Earle,"46,690","1,556",Unknown,Unknown
88,Charlie Daniels,"46,459","1,548",Unknown,Unknown
89,Conway Twitty,"46,025","1,534",Unknown,Unknown
90,George Jones,"45,636","1,521",Unknown,Unknown
91,Lyle Lovett,"44,332","1,477",Unknown,Unknown
92,Alison Krauss,"43,499","1,449",Unknown,Unknown
93,Jason Aldean,"43,115","1,437",Unknown,Unknown
94,Gram Parsons,"42,498","1,416",Unknown,Unknown
96,Rosanne Cash,"42,150","1,405",Unknown,Unknown
98,Bonnie Tyler,"40,304","1,343",Unknown,Unknown
101,Trace Adkins,"40,057","1,335",Unknown,Unknown
102,Sturgill Simpson,"39,893","1,329",Unknown,Unknown
103,Marty Robbins,"39,725","1,324",Unknown,Unknown
104,Darius Rucker,"39,084","1,302",Unknown,Unknown
105,Hunter Hayes,"38,420","1,280",Unknown,Unknown
110,Lorrie Morgan,"36,236","1,207",Unknown,Unknown
112,Bobbie Gentry,"35,502","1,183",Unknown,Unknown
114,Tanya Tucker,"35,286","1,176",Unknown,Unknown
116,Randy Meisner,"33,911","1,130",Unknown,Unknown
117,Travis Tritt,"33,887","1,129",Unknown,Unknown
118,Toby Keith,"33,371","1,112",Unknown,Unknown
120,Keith Whitley,"33,000","1,100",Unknown,Unknown
123,Sara Evans,"31,784","1,059",Unknown,Unknown
130,Roy Clark,"29,624",987,Unknown,Unknown
132,Charley Pride,"29,310",977,Unknown,Unknown
133,Michelle Branch,"29,279",975,Unknown,Unknown
134,Jennifer Nettles,"29,082",969,Unknown,Unknown
135,Joe Diffie,"28,889",962,Unknown,Unknown
137,Wynonna Judd,"28,405",946,Unknown,Unknown
139,Mindy McCready,"27,926",930,Unknown,Unknown
140,Martina McBride,"27,318",910,Unknown,Unknown
146,Les Paul,"25,459",848,Unknown,Unknown
148,Jon Pardi,"24,856",828,Unknown,Unknown
150,Brenda Lee,"24,733",824,Unknown,Unknown
152,Tex Ritter,"24,628",820,Unknown,Unknown
154,Roger Miller,"24,502",816,Unknown,Unknown
155,Rhett Akins,"24,415",813,Unknown,Unknown
156,Bernie Leadon,"24,168",805,Unknown,Unknown
157,Chet Atkins,"23,736",791,Unknown,Unknown
159,Gene Autry,"22,882",762,Unknown,Unknown
161,Upchurch"22,386",746,Unknown,Unknown
163,Buck Owens,"22,325",744,Unknown,Unknown
169,Kellie Pickler,"21,492",716,Unknown,Unknown
170,Johnny Rebel,"21,438",714,Unknown,Unknown
171,Don Williams,"21,350",711,Unknown,Unknown
172,Juice Newton,"21,209",706,Unknown,Unknown
173,Ronnie Milsap,"21,189",706,Unknown,Unknown
176,Jim Reeves,"21,031",701,Unknown,Unknown
178,Brantley Gilbert,"20,698",689,Unknown,Unknown
182,Richard Manuel,"20,020",667,Unknown,Unknown
187,Eddie Rabbitt,"19,614",653,Unknown,Unknown
192,Scotty McCreery,"18,854",628,Unknown,Unknown
194,Jimmie Rodgers,"18,767",625,Unknown,Unknown
201,Chris LeDoux,"17,765",592,Unknown,Unknown
202,Skeeter Davis,"17,676",589,Unknown,Unknown
203,Joan Osborne,"17,630",587,Unknown,Unknown
204,Slim Dusty,"17,620",587,Unknown,Unknown
205,Tennessee Ernie Ford,"17,557",585,Unknown,Unknown
206,Tommy Cash,"17,511",583,Unknown,Unknown
207,Ricky Skaggs,"17,481",582,Unknown,Unknown
208,Ray Stevens,"17,312",577,Unknown,Unknown
211,Hoyt Axton,"16,847",561,Unknown,Unknown
216,Johnny Paycheck,"16,470",549,Unknown,Unknown
218,Gene Clark,"16,427",547,Unknown,Unknown
219,Amanda Shires,"16,406",546,Unknown,Unknown
224,Johnny Horton,"15,987",532,Unknown,Unknown
232,Mickey Gilley,"15,296",509,Unknown,Unknown
233,Lee Brice,"15,217",507,Unknown,Unknown
234,Josh Turner,"15,183",506,Unknown,Unknown
241,Lynn Anderson,"14,400",480,Unknown,Unknown
242,Kip Moore,"14,379",479,Unknown,Unknown
247,Chris Thile,"14,096",469,Unknown,Unknown
248,Brett Eldredge,"13,898",463,Unknown,Unknown
249,Dierks Bentley,"13,848",461,Unknown,Unknown
250,Neko Case,"13,833",461,Unknown,Unknown
255,Charlie Rich,"13,141",438,Unknown,Unknown
257,Sheb Wooley,"13,077",435,Unknown,Unknown
258,Patty Loveless,"13,037",434,Unknown,Unknown
259,Dottie West,"12,999",433,Unknown,Unknown
263,Mel Tillis,"12,817",427,Unknown,Unknown
274,Bill Monroe,"12,291",409,Unknown,Unknown
277,Billy Currington,"12,030",401,Unknown,Unknown
278,Lee Hazlewood,"11,983",399,Unknown,Unknown
279,Lee Ann Womack,"11,911",397,Unknown,Unknown
280,Deana Carter,"11,908",396,Unknown,Unknown
285,Danny Gokey,"11,740",391,Unknown,Unknown
287,Bill Anderson,"11,659",388,Unknown,Unknown
288,Guy Clark,"11,596",386,Unknown,Unknown
291,Brian Kelley,"11,533",384,Unknown,Unknown
295,At Folsom Prison,"11,428",380,Unknown,Unknown
297,Tom T. Hall,"11,346",378,Unknown,Unknown
303,Chris Young,"11,063",368,Unknown,Unknown
304,Chely Wright,"10,985",366,Unknown,Unknown
305,Granger Smith,"10,848",361,Unknown,Unknown
306,Holly Williams,"10,838",361,Unknown,Unknown
308,Ray Price,"10,797",359,Unknown,Unknown
317,Louise Mandrell,"10,349",344,Unknown,Unknown
318,Doc Watson,"10,344",344,Unknown,Unknown
319,Lucille Starr,"10,250",341,Unknown,Unknown
328,Chris Janson,"9,945",331,Unknown,Unknown
332,Justin Moore,"9,833",327,Unknown,Unknown
333,Iris DeMent,"9,823",327,Unknown,Unknown
341,Lefty Frizzell,"9,586",319,Unknown,Unknown
343,Billy Gilman,"9,530",317,Unknown,Unknown
347,Pam Tillis,"9,209",306,Unknown,Unknown
352,Natalie Hemby,"9,151",305,Unknown,Unknown
358,Johnny Lee,"8,952",298,Unknown,Unknown
359,Wanda Jackson,"8,905",296,Unknown,Unknown
362,Cole Swindell,"8,811",293,Unknown,Unknown
366,Tracy Lawrence,"8,670",289,Unknown,Unknown
375,Danielle Bradbery,"8,523",284,Unknown,Unknown
377,Ernest Tubb,"8,497",283,Unknown,Unknown
378,RaeLynn,"8,482",282,Unknown,Unknown
394,Earl Thomas Conley,"7,944",264,Unknown,Unknown
395,Shane McAnally,"7,917",263,Unknown,Unknown
