1901,Sully Prudhomme,France,French,"poetry, essay"
1902,Theodor Mommsen,Germany,German,"history, law"
1903,Bjørnstjerne Bjørnson,Norway,Norwegian,"poetry, novel, drama"
1904,Frédéric Mistral,France,Provençal,philology,Spain,Spanish,[19]
1905,Henryk Sienkiewicz,Poland,Polish,novel
1906,Giosuè Carducci,Italy,Italian,poetry
1907,Rudyard Kipling,United Kingdom,English,"novel, short story, poetry"
1908,Rudolf Christoph Eucken,Germany,German,philosophy
1909,Selma Lagerlöf,Sweden,Swedish,"novel, short story"
1910,Paul von Heyse,Germany,German,"poetry, drama, novel, short story"
1911,Maurice Maeterlinck,Belgium,French,"drama, poetry, essay"
1912,Gerhart Hauptmann,Germany,German,"drama, novel"
1913,Rabindranath Tagore,India,Bengali,"poetry, novel, drama, short story, music, essay, philosophy, literary criticism, translation"
1915,Romain Rolland,France,French,novel
1916,Verner von Heidenstam,Sweden,Swedish,"poetry, novel"
1917,Karl Adolph Gjellerup,Denmark,Danish,poetry,Denmark,Danish,[30]
1919,Carl Spitteler,Switzerland,German,poetry
1920,Knut Hamsun,Norway,Norwegian,novel
1921,Anatole France,France,French,"novel, poetry"
1922,Jacinto Benavente,Spain,Spanish,drama
1923,William Butler Yeats,Ireland,English,poetry
1924,Władysław Reymont,Poland,Polish,novel
1925,George Bernard Shaw,Ireland,English,literary criticism
1926,Grazia Deledda,Italy,Italian,"poetry, novel"
1927,Henri Bergson,France,French,philosophy
1928,Sigrid Undset,Norway,Norwegian,novel
1929,Thomas Mann,Germany,German,"novel, short story, essay"
1930,Sinclair Lewis,United States,English,"novel, short story, drama"
1931,Erik Axel Karlfeldt,Sweden,Swedish,poetry
1932,John Galsworthy,United Kingdom,English,novel
1933,Ivan Bunin,Russian Empire,Russian,"short story, poetry, novel"
1934,Luigi Pirandello,Italy,Italian,"drama, novel, short story"
1936,Eugene O'Neill,United States,English,drama
1937,Roger Martin du Gard,France,French,novel
1938,Pearl Buck,United States,English,"novel, biography"
1939,Frans Eemil Sillanpää,Finland,Finnish,novel
1944,Johannes Vilhelm Jensen,Denmark,Danish,"novel, short story"
1945,Gabriela Mistral,Chile,Spanish,poetry
1946,Hermann Hesse,Germany,German,"novel, poetry"
1947,André Gide,France,French,"novel, essay"
1948,Thomas Stearns Eliot,United Kingdom,English,poetry
1949,William Faulkner,United States,English,"novel, short story"
1950,Bertrand Russell,United Kingdom,English,philosophy
1951,Pär Lagerkvist,Sweden,Swedish,"poetry, novel, short story, drama"
1952,François Mauriac,France,French,"novel, short story"
1953,Winston Churchill,United Kingdom,English,memoirs
1954,Ernest Hemingway,United States,English,"novel, short story, screenplay"
1955,Halldór Laxness,Iceland,Icelandic,"novel, short story, drama, poetry"
1956,Juan Ramón Jiménez,Spain,Spanish,poetry
1957,Albert Camus,France,French,"novel, short story, drama, philosophy, essay"
1958,Boris Pasternak,Soviet Union,Russian,"novel, poetry, translation"
1959,Salvatore Quasimodo,Italy,Italian,poetry
1960,Saint-John Perse,France,French,poetry
1961,Ivo Andrić,Yugoslavia,Serbo-Croatian,"novel, short story"
1962,John Steinbeck,United States,English,"novel, short story, screenplay"
1963,Giorgos Seferis,Greece,Greek,"poetry, essay, memoirs"
1964,Jean-Paul Sartre,France,French,"novel, short story, philosophy, drama, literary criticism, screenplay"
1965,Mikhail Sholokhov,Soviet Union,Russian,novel
1966,Shmuel Yosef Agnon,Israel,Hebrew,"novel, short story",Germany,German,[73]
1967,Miguel Ángel Asturias,Guatemala,Spanish,"novel, poetry"
1968,Yasunari Kawabata,Japan,Japanese,"novel, short story"
1969,Samuel Beckett,Ireland,French,"novel, drama, poetry"
1970,Aleksandr Solzhenitsyn,Soviet Union,Russian,novel
1971,Pablo Neruda,Chile,Spanish,poetry
1972,Heinrich Böll,West Germany,German,"novel, short story"
1973,Patrick White,Australia,English,"novel, short story, drama"
1974,Eyvind Johnson,Sweden,Swedish,novel,Sweden,Swedish,[81]
1975,Eugenio Montale,Italy,Italian,poetry
1976,Saul Bellow,United States,English,"novel, short story"
1977,Vicente Aleixandre,Spain,Spanish,poetry
1978,Isaac Bashevis Singer,United States,Yiddish,"novel, short story, memoirs"
1979,Odysseas Elytis,Greece,Greek,"poetry, essay"
1980,Czesław Miłosz,United States,Polish,"poetry, essay"
1981,Elias Canetti,United Kingdom,German,"novel, drama, memoirs, essay"
1982,Gabriel García Márquez,Colombia,Spanish,"novel, short story, screenplay"
1983,William Golding,United Kingdom,English,"novel, poetry, drama"
1984,Jaroslav Seifert,Czechoslovakia,Czech,poetry
1985,Claude Simon,France,French,"novel, literary criticism"
1986,Wole Soyinka,Nigeria,English,"drama, novel, poetry, screenplay"
1987,Joseph Brodsky,United States,Russian,"poetry, essay"
1988,Naguib Mahfouz,Egypt,Arabic,"novel, short story"
1989,Camilo José Cela,Spain,Spanish,"novel, short story, essay, poetry"
1990,Octavio Paz,Mexico,Spanish,"poetry, essay"
1991,Nadine Gordimer,South Africa,English,"novel, short story, essay, drama"
1992,Derek Walcott,Saint Lucia,English,"poetry, drama"
1993,Toni Morrison,United States,English,novel
1994,Kenzaburō Ōe,Japan,Japanese,"novel, short story, essay"
1995,Seamus Heaney,Ireland,English,"poetry, drama, translation"
1996,Wisława Szymborska,Poland,Polish,"poetry, essay, translation"
1997,Dario Fo,Italy,Italian,"drama, songwriting"
1998,José Saramago,Portugal,Portuguese,"novel, drama, poetry"
1999,Günter Grass,Germany,German,"novel, drama, poetry"
2000,Gao Xingjian,France,Chinese,"novel, drama, literary criticism"
2001,Vidiadhar Surajprasad Naipaul,United Kingdom,English,"novel, essay"
2002,Imre Kertész,Hungary,Hungarian,novel
2003,John Maxwell Coetzee,Australia,English,"novel, essay, translation"
2004,Elfriede Jelinek,Austria,German,"novel, drama"
2005,Harold Pinter,United Kingdom,English,"drama, screenplay"
2006,Orhan Pamuk,Turkey,Turkish,"novel, screenplay, autobiography, essay"
2007,Doris Lessing,United Kingdom,English,"novel, drama, poetry, short story, memoirs, autobiography"
2008,Jean-Marie Gustave Le Clézio,France,French,"novel, short story, essay, translation"
2009,Herta Müller,Germany,German,"novel, short story, poetry, essay"
2010,Mario Vargas Llosa,Peru,Spanish,"novel, short story, essay, drama, memoirs"
2011,Tomas Tranströmer,Sweden,Swedish,"poetry, translation"
2012,Mo Yan,China,Chinese,"novel, short story"
2013,Alice Munro,Canada,English,short story
2014,Patrick Modiano,France,French,"novel, screenplay"
2015,Svetlana Alexievich,Belarus,Russian,"history, essay"
2016,Bob Dylan,United States,English,"poetry, songwriting"
2017,Kazuo Ishiguro,United Kingdom,English,"novel, screenplay, short story"
2018,Olga Tokarczuk,Poland,Polish,"novel, short story, poetry, essay, screenplay"
2019,Peter Handke,Austria,German,"novel, short story, drama, translation, screenplay"
2020,Louise Glück,United States,English,"poetry, essay"