Franco Lamanna,1991-,rugby,,
François Moubandje,1990-,soccer,,
Franjo Mihalić,1920-2015,track,,
Frank Boucher,1901-1977,ice hockey,,
Frank Chance,1876-1924,baseball,,
Frank Foyston,1891-1966,ice hockey,,
Frank Gatski,1921-2005,football,,
"Frank ""Moose"" Goheen",1894-1979,ice hockey,,
Frank Grant,1865-1937,baseball,,
Frank Lampard,1978-,soccer,,
Frank McCormick,1911-1982,baseball,,
Frank Nighbor,1893-1966,ice hockey,,
Frank Rankin,1891-1932,ice hockey,,
Frank Robinson,1935-2019,baseball,,
Franka Dietzsch,1968-,track,,
Franko Škugor,1987-,tennis,,
Frans Malherbe,1991-,rugby,"(Jozua, Francois)",
František Plánička,1904-1996,soccer,,
Fraser Brown,1989-,rugby,"(James, Macgregor)",
Fred,1983-,soccer,(Frederico),
Fred Clarke,1872-1960,baseball,,
Fred Dean,1952-,football,,
Fred Manrique,1961-,baseball,(Eloy),
Fred Perry,1909-1995,tennis,,
"Fred ""Cyclone"" Taylor",1884-1979,ice hockey,,
Freddie Veseli,1992-,soccer,(Frédéric),
Frederick Whitcroft,1882-1931,ice hockey,,
Fredy Guarín,1986-,soccer,(Alejandro),
Fres Oquendo,1973-,boxing,,
Frida Hansdotter,1985-,skiing,,
Frido Frey,1921-2000,basketball,,
Fritz Dopfer,1987-,skiing,,
Fritz Walter,1920-2002,soccer,,
Fulgence Ouedraogo,1986-,rugby,,
Fumiaki Tanaka,1985-,rugby,,
Fyodor Smolov,1990-,soccer,,
Gabby Perea,2002-,gymnastics,(Gabrielle),
Gabiriele Lovobalavu,1985-,rugby,(Voduadua),
Gabriel Achilier,1985-,soccer,(Eduardo),
Gabriel Torje,1989-,soccer,(Andrei),
Gabriela Dabrowski,1992-,tennis,,
Gaël Monfils,1986-,tennis,(Sébastien),
Gail Goodrich,1943-,basketball,,
Galeazzo Dondi,1915-2004,basketball,,
Garbiñe Muguruza,1993-,tennis,,
Gareth Anscombe,1991-,rugby,(William),
Gareth Davies,1990-,rugby,,
Garfield Sobers,1936-,cricket,,
Garnet Exelby,1981-,ice hockey,,
Garnet Lee,1887-1976,cricket,(Morley),
Garrincha,1933-1983,soccer,,
Garry Gilliam,1990-,football,(Montzell),
Gary Cahill,1985-,soccer,,
Gary Lineker,1960-,soccer,,
Gary Payton,1968-,basketball,,
Gary Woodland,1984-,golf,,
Gastón Gaudio,1978-,tennis,,
Gastón Ramírez,1990-,soccer,(Exequiel),
Gata Kamsky,1974-,chess,"(Gataulla, Rustemovich)",
Gauthier Boccard,19xx-,field hockey,,
Gaydarbek Gaydarbekov,1976-,boxing,(Abdulovich),
Gbenga Oloukun,1983-,boxing,,
Gene Hickerson,1935-2008,football,,
Gene Upshaw,1945-2008,football,,
Género Zeefuik,1990-,soccer,,
Geno Atkins,1988-,football,"(Gene, Renard)",
Genzebe Dibaba,1991-,track,,
Geoff Hurst,1941-,soccer,,
Geoff Swaim,1993-,football,,
George Bell,1959-,baseball,,
George Blanda,1927-2010,football,,
George Burns,1893-1978,baseball,,
George Davis,1870-1940,baseball,(Stacey),
George Foreman,1949-,boxing,,
George Gervin,1952-,basketball,,
George Halas,1895-1983,football,,
George Kell,1922-2009,baseball,,
George Kruis,1990-,rugby,,
George McGinnis,1950-,basketball,,
George Mikan,1924-2005,basketball,,
George North,1992-,rugby,(Philip),
George Richardson,1886-1916,ice hockey,,
George Sisler,1893-1973,baseball,,
George Williams,1995-,soccer,,
George Yardley,1928-2004,basketball,,
Georges Vézina,1887-1926,ice hockey,,
Georgia Dabritz,1992-,gymnastics,(Lee),
Georgios Samaras,1985-,soccer,,
Gerald Vanenburg,1964-,soccer,,
Gerard Piqué,1987-,soccer,,
Gerd Müller,1945-,soccer,,
Geremy Davis,1992-,football,,
Germán Kessler,1994-,rugby,,
Gerónimo Berroa,1965-,baseball,(Emiliano),
Gerrie Snyman,1981-,cricket,,
Gerson Acevedo,1988-,soccer,(Elías),
Gertrude Kolar,1926-2014,gymnastics,,
Gethin Jenkins,1980-,rugby,,
Ghasem Haddadifar,1983-,soccer,,
Giacinto Facchetti,1942-2002,soccer,,
Giancarlo González,1988-,soccer,,
Gianluigi Buffon,1978-,soccer,(Gigi),
Giannis Antetokounmpo,1994-,basketball,,
Giannis Maniatis,1986-,soccer,(Ioannis),
Funakoshi Gichin,1868-1957,martial arts,,
Gilberto Silva,1976-,soccer,,
Gilles Simon,1984-,tennis,,
Gilmar,1930-2013,soccer,(Gylmar),
Gino Marchetti,1927-2019,football,,
Gioele Pellino,1983-,driving,,
Giora Spiegel,1947-,soccer,,
Giorgi Chkhaidze,1981-,rugby,,
Giorgi Pruidze,1994-,rugby,,
Giorgio Chiellini,1984-,soccer,,
Giovanbattista Venditti,1990-,rugby,,
Giovani dos Santos,1989-,soccer,,
Giovanni van Bronckhorst,1975-,soccer,,
Giuseppe Meazza,1910-1979,soccer,,
Gleb Rassadkin,1995-,soccer,,
Glen Johnson,1984-,soccer,"(McLeod, Cooper)",
Glenn Dorsey,1985-,football,(Jamon),
Glenn Whelan,1984-,soccer,,
Go Soeda,1984-,tennis,,
Gojko Ivković,1990-,soccer,,
Gökhan Inler,1984-,soccer,,
Golden Tate,1988-,football,,
Gonzalo García,1984-,rugby,,
Gonzalo Jara,1985-,soccer,(Alejandro),
Goran Ivanišević,1971-,tennis,,
Goran Prpić,1964-,tennis,,
Goran Vlaović,1972-,soccer,,
Gordan Kožulj,1976-,swimming,,
Gordie Howe,1928-2016,ice hockey,(Gordon),
"Gordon ""Duke"" Keats",1895-1972,ice hockey,,
Gordon Reid,1987-,rugby,,
Gordon Schildenfeld,1985-,soccer,,
Gosder Cherilus,1984-,football,,
Grace Glenn,1998-,gymnastics,,
Grace McLaughlin,1995-,gymnastics,(Taylor),
Grady Jarrett,1993-,football,,
Graeme Rutjes,1960-,soccer,,
Graham Farmer,1935-2019,football,(Vivian),
Graham Zusi,1986-,soccer,,
Grant Fuhr,1962-,ice hockey,,
Grant Hill,1972-,basketball,,
Greg Hardy,1988-,football,"(Gregory, McKarl)",
Greg Maddux,1966-,baseball,,
Greg Rusedski,1973-,tennis,(Gregory),
Gregory van der Wiel,1988-,soccer,,
Grigor Dimitrov,1991-,tennis,,
Grzegorz Krychowiak,1990-,soccer,,
Guglielmo Palazzani,1991-,rugby,,
Guilhem Guirado,1986-,rugby,,
Guilherme Marinato,1985-,soccer,,
Guillaume Joli,1985-,handball,,
Guillermo García López,1983-,tennis,,
Guillermo Stábile,1905-1966,soccer,,
Günther Weidlinger,1978-,track,,
Gustavo Canales,1982-,soccer,(Javier),
Guusje van Mourik,1956-,martial arts,,
Guy Carbonneau,1960-,ice hockey,,
Guy Lafleur,1951-,ice hockey,,
Guy N'Dy Assembé,1986-,soccer,(Roland),
Gylfi Sigurðsson,1989-,soccer,(Þór),
György Sárosi,1912-1993,soccer,,
Hack Wilson,1900-1948,baseball,,
Håkan Algotsson,1966-,ice hockey,,
Hakan Çalhanoğlu,1994-,soccer,,
Hakeem Olajuwon,1963-,basketball,,
Hal Newhouser,1921-1998,baseball,,
Halani Aulika,1983-,rugby,,
Hale T-Pole,1979-,rugby,"(Tevita, Nai)",
Hallam Amos,1994-,rugby,,
Hamish Bennett,1987-,cricket,(Kyle),
Hamit Altıntop,1982-,soccer,,
Hamza Tariq,1990-,cricket,,
Hanae Yokoya,1978-,skating,,
Hanife Demiryol,1992-,soccer,,
Hank Greenberg,1911-1986,baseball,,
Hannes Þór Halldórsson,1984-,soccer,,
Hans Gillhaus,1963-,soccer,,
Hans van Breukelen,1956-,soccer,,
Chan Hao-ching,1993-,tennis,,
Haris Medunjanin,1985-,soccer,,
Haris Sohail,1989-,cricket,,
Harmon Killebrew,1936-2011,baseball,,
Harold Carmichael,1949-,football,,
"Harold ""Pee Wee"" Reese",1918-1999,baseball,,
Haroon Rahim,1949-,tennis,,
Harrison Afful,1986-,soccer,,
"Harry ""Punch"" Broadbent",1892-1971,ice hockey,,
Harry Carson,1953-,football,,
Harry Heilmann,1894-1951,baseball,,
Harry Hooper,1887-1974,baseball,,
Harry Hyland,1889-1969,ice hockey,,
Harry Jones,1989-,rugby,,
Harry Lumley,1926-1998,ice hockey,,
Harry Trihey,1877-1942,ice hockey,,
"Harry ""Whipper"" Watson",1923-2002,ice hockey,"(Harold, Percival)",
Harumichi Tatekawa,1989-,rugby,,
Harvey Pulford,1875-1940,ice hockey,,
Hashem Beikzadeh,1984-,soccer,,
Hasim Rahman,1972-,boxing,(Sharif),
Haukur Heiðar Hauksson,1991-,soccer,,
D. J. Hayden,1990-,football,"(Derek, Sherrard)",
Hayley Wickenheiser,1978-,ice hockey,,
Heath Streak,1974-,cricket,(Hilton),
Héctor Bellerín,1995-,soccer,,
Héctor Herrera,1990-,soccer,(Miguel),
Héctor Scarone,1898-1967,soccer,,
Heidi Løke,1982-,handball,,
Heinz Lindner,1990-,soccer,,
Helen Wills,1905-1998,tennis,,
Helga Nadire İnan Ertürk,1984-,soccer,(Nadija),
Helmut Rahn,1929-2003,soccer,,
Henk Fräser,1966-,soccer,,
Henno Mentz,1979-,rugby,(Hendrik),
Henri Kontinen,1990-,tennis,,
Henri Richard,1936-,ice hockey,,
Henrik Sedin,1980-,ice hockey,,
Henrique,1986-,soccer,(Adriano),
"Henry ""Dutch"" Dehnert",1898-1979,basketball,,
Henry Pyrgos,1989-,rugby,,
Henry Slade,1993-,rugby,,
Herb Adderley,1939-,football,,
Herb Pennock,1894-1948,baseball,,
Herbie Lewis,1906-1991,ice hockey,,
Herschelle Gibbs,1974-,cricket,(Herman),
Son Heung-min,1992-,soccer,,
Hideto Takahashi,1987-,soccer,,
Hilton Smith,1907-1983,baseball,,
Hiram Mier,1989-,soccer,(Ricardo),
Hiroki Mizumoto,1985-,soccer,,
Hiromi Hara,1958-,soccer,,
Hiroshi Yamashita,1986-,rugby,,
Hjörtur Hermannsson,1995-,soccer,,
Hod Stuart,1879-1907,ice hockey,,
Hollie Grima,1983-,basketball,,
Honus Wagner,1874-1955,baseball,,
Horacio Zeballos,1985-,tennis,,
Horia Tecău,1985-,tennis,,
Hörður Björgvin Magnússon,1993-,soccer,,
Hossein Mahini,1986-,soccer,,
Houston Bates,1991-,football,(William),
Howie Morenz,1902-1937,ice hockey,,
Hristo Stoichkov,1966-,soccer,,
Hrvoje Milić,1989-,soccer,,
Hugh Duffy,1866-1954,baseball,,
Hughie Jennings,1869-1928,baseball,(Hugh),
Hugo Almeida,1984-,soccer,,
Hugo Hovenkamp,1950-,soccer,,
Huang Huidan,1996-,gymnastics,,
Hulk Hogan,1953-,wrestling,"(Terry, Gene)",
Husain Abdullah,1985-,football,,
Chung Hyeon,1996-,tennis,,
Iain Henderson,1992-,rugby,,
Ian Redford,1960-2014,soccer,(Petrie),
Ibrahim Afellay,1986-,soccer,,
Ida Alstad,1985-,handball,,
Ido Levy,1990-,soccer,,
Idriss Carlos Kameni,1984-,soccer,,
Ifo Ekpre-Olomu,1993-,football,(Ifomeno),
Igor Akinfeev,1986-,soccer,,
Igor Denisov,1984-,soccer,,
Igor Karačić,1988-,handball,,
Igor Smolnikov,1988-,soccer,,
Iiro Järvi,1965-,ice hockey,(Petteri),
Ikechi 'Chi Chi' Ariguzo,1992-,football,,
Iker Iturbe,1976-,basketball,,
Ilias Haddad,1989-,soccer,,
Ilona Korstin,1980-,basketball,(Kalyuvna),
İlyas Kahraman,1976-,soccer,,
Iman Shumpert,1990-,basketball,(Asante),
Imrul Kayes,1987-,cricket,,
Indrek Zelinski,1974-,soccer,,
Ingvar Jónsson,1989-,soccer,,
Ionuț Botezatu,1987-,rugby,(Cătălin),
İrfan Başaran,1989-,soccer,,
Irfan Smajlagić,1961-,handball,,
Irina Khromacheva,1995-,tennis,,
"Irvine ""Ace"" Bailey",1903-1992,ice hockey,,
Isaác Brizuela,1990-,soccer,,
Isabelle Yacoubou,1986-,basketball,,
Isame Faciane,1991-,football,,
Isei Colati,1983-,rugby,,
Ishant Sharma,1988-,cricket,(Vijay),
Isiah Thomas,1961-,basketball,,
Ismaeel Mohammad,1990-,soccer,,
İsmail Köybaşı,1989-,soccer,,
Israel Folau,1989-,rugby,,
Issac Blakeney,1992-,football,,
Iva Majoli,1977-,tennis,,
Ivan Dodig,1985-,tennis,,
"Ivan ""Ching"" Johnson",1898-1979,ice hockey,,
Ivan Ljubičić,1979-,tennis,,
Ivan Rakitić,1988-,soccer,,
Ivan Slišković,1991-,handball,,
Ivan Vargić,1987-,soccer,,
Ivana Hong,1992-,gymnastics,,
Ivana Kapitanović,1994-,handball,,
Ivana Petković,1985-,handball,,
Ivica Kostelić,1979-,skiing,,
Ivo Iličević,1986-,soccer,,
Izet Hajrović,1991-,soccer,,
Izudin Dervić,1963-,soccer,,
Jaba Bregvadze,1987-,rugby,,
Jabari Price,1992-,football,,
Jace Amaro,1992-,football,,
Jack Adams,1895-1968,ice hockey,,
Jack Butler,1927-2013,football,,
Jack Christiansen,1928-1986,football,,
Jack Dempsey,1895-1983,boxing,,
Jack Johnson,1878-1946,boxing,,
Jack Lambert,1952-,football,,
Jack Marshall,1877-1965,ice hockey,,
Jack McGrath,1989-,rugby,,
Jack Nicklaus,1940-,golf,,
Jack Ruttan,1889-1973,ice hockey,,
Jack Sock,1992-,tennis,,
Jack Walker,1888-1950,ice hockey,,
Jack Youngblood,1950-,football,,
Jackie Klein,1937-,gymnastics,"(Jacquelyn, Joyce)",
Jackie Slater,1954-,football,,
Jackie Stewart,1939-,driving,,
Jacoby Glenn,1993-,football,,
Jacques Zoua,1991-,soccer,,
Jacques Brunel,1954-,rugby,,
Jacques Laperrière,1941-,ice hockey,,
Jacques McClendon,1987-,football,(Rashaud),
Jacquies Smith,1990-,football,,
Jade Carey,2000-,gymnastics,(Ashtyn),
Jade North,1982-,soccer,(Bronson),
Jádson,1983-,soccer,,
Jaelen Strong,1994-,football,,
Jahleel Addae,1990-,football,,
Jahwan Edwards,1992-,football,,
Jaimee Fourlis,1999-,tennis,,
Jair Pereira,1986-,soccer,(Estuardo),
Jairus Byrd,1986-,football,(Keelon),
Jake Ball,1991-,rugby,,
Jake Grey,1984-,rugby,,
Jakob Jantscher,1989-,soccer,,
Jakub Kawa,1988-,soccer,,
Jakub Wawrzyniak,1983-,soccer,,
Jalen Collins,1993-,football,(Carnell),
Jalston Fowler,1990-,football,,
Jamaal Wilkes,1953-,basketball,,
Jamari Lattimore,1988-,football,,
Jameill Showers,1991-,football,,
Jamell Fleming,1989-,football,,
"James Thomas ""Cool Papa"" Bell",1903-1991,baseball,,
James Collins,1983-,soccer,,
James Hanson,1988-,rugby,,
James Haskell,1985-,rugby,"(Andrew, Welbon)",
James Hook,1985-,rugby,(William),
James Ihedigbo,1983-,football,(Ugochu),
James Lofton,1956-,football,,
James McClean,1989-,soccer,(Joseph),
James Pritchard,1979-,rugby,(Gordon),
James Slipper,1989-,rugby,,
James Troisi,1988-,soccer,,
Jamie Baker,1986-,tennis,,
Jamie Dantzscher,1982-,gymnastics,(Annette),
Jamie George,1990-,rugby,,
Jamie Mackenzie,1989-,rugby,,
Jamie Roberts,1986-,rugby,(Huw),
Jamie Ward,1986-,soccer,,
Jamison Crowder,1993-,football,,
Jamon Brown,1993-,football,,
Jan Ceulemans,1957-,soccer,,
Ján Greguš,1991-,soccer,,
Jan Jongbloed,1940-,soccer,,
Ján Novota,1983-,soccer,,
Jan Poortvliet,1955-,soccer,,
Jan Siemerink,1970-,tennis,,
Jan Stenerud,1942-,football,,
Jan Vennegoor of Hesselink,1978-,soccer,,
Jan Wouters,1960-,soccer,,
Jana Čepelová,1993-,tennis,,
Janica Kostelić,1982-,skiing,,
Jannie du Plessis,1982-,rugby,"(Jan, Nathaniël)",
Jaquiski Tartt,1992-,football,,
Jared Payne,1985-,rugby,,
Jarius Wright,1989-,football,,
Jarome Iginla,1977-,ice hockey,"(Arthur, Leigh, Adekunle, Tig, Junior, Elvis)",
Jaron Brown,1990-,football,,
Jaroslav Plašil,1982-,soccer,,
Jarrod Lyle,1981-2018,golf,,
Jarvis Harrison,1991-,football,,
Jasmin Fejzić,1986-,soccer,,
Jason Avant,1983-,football,(Raye),
Jason Denayer,1995-,soccer,,
Jason Hatcher,1982-,football,(Dewayne),
Jason Kenny,1988-,cycling,,
Jason Marshall,1985-,rugby,,
Jason Taylor,1974-,football,,
Jasper Cillessen,1989-,soccer,,
Javad Nekounam,1980-,soccer,,
Javi Martínez,1988-,soccer,(Javier),
Javier Beirán,1987-,basketball,,
Javier Hernández,1988-,soccer,(Chicharito),
Javier Ortega Desio,1990-,rugby,,
Javontee Herndon,1991-,football,,
Ja'Wuan James,1992-,football,(Amir),
"Jay Hanna ""Dizzy"" Dean",1910-1974,baseball,(Dizzy),
Jayden Daniels,2000-,football,,
Jaylen Watkins,1992-,football,,
Jayron Hosley,1990-,football,(Todd),
Jayson Nix,1982-,baseball,"(Truitt, Edward)",
Jazz Richards,1991-,soccer,"(Ashley, Darel)",
Jean-Patrick Abouna,1990-,soccer,,
Jean Beausejour,1984-,soccer,"(André, Emanuel)",
Jean de Villiers,1981-,rugby,,
Jean-François Gillet,1979-,soccer,,
Jean Makoun,1983-,soccer,,
Jean Ratelle,1940-,ice hockey,,
Jeanette Antolin,1981-,gymnastics,,
Jebb Sinclair,1986-,rugby,,
Jeff Bagwell,1968-,baseball,,
Jeff Cumberland,1987-,football,"(Jeffrey, Lionell)",
Jeff Hassler,1991-,rugby,,
Jeff Kent,1968-,baseball,,
Jefferson,1983-,soccer,,
Jekon Edness,1983-,cricket,,
Jelena Janković,1985-,tennis,,
Jenna O'Hea,1987-,basketball,,
Jennifer Brady,1995-,tennis,,
Jennifer Screen,1983-,basketball,(Jenni),
Jenson Button,1980-,driving,,
Hong Jeong-ho,1989-,soccer,,
Jeremain Lens,1987-,soccer,(Marciano),
Jeremiah Masoli,1988-,football,(Taeatafa),
Jeremy Bates,1962-,tennis,,
Jeremy Kerley,1988-,football,(Dashon),
Jerick McKinnon,1992-,football,(Deshun),
Jermaine Kearse,1990-,football,,
Jermelle Cudjo,1986-,football,,
Jerneja Perc,1971-2009,track,,
Jeroen Zoet,1991-,soccer,,
Jérôme Boateng,1988-,soccer,(Agyenim),
Jérôme Fernandez,1977-,handball,,
Jerome Kersey,1962-2015,basketball,,
Jeron Johnson,1988-,football,,
Jerónimo Etcheverry,1988-,rugby,(Juan),
Jerraud Powers,1987-,football,,
Jerricho Cotchery,1982-,football,,
Jerry Bengtson,1987-,soccer,,
Jerry Lucas,1940-,basketball,(Ray),
Jerry Rice,1962-,football,,
Jerzy Janowicz,1990-,tennis,,
Jesper Drost,1993-,soccer,,
Jesse Burkett,1868-1953,baseball,,
Jesse Kriel,1994-,rugby,(André),
Jessica Alonso Bernardo,1983-,handball,,
Jesús Codina,1938-1999,basketball,,
Jesús Molina,1988-,soccer,(Antonio),
Jetro Willems,1994-,soccer,,
Jim Bottomley,1900-1959,baseball,,
Jim Bunning,1931-2017,baseball,,
Jim Covert,1960-,football,,
"Jim ""Catfish"" Hunter",1946-1999,baseball,,
Jim Konstanty,1917-1976,baseball,,
Jim O'Rourke,1850-1919,baseball,,
Jim Palmer,1945-,baseball,,
Jim Pollard,1922-1993,basketball,(James),
Jim Ringo,1931-2007,football,,
Jim Thome,1970-,baseball,,
Jimmie Foxx,1907-1967,baseball,,
Jimmy Collins,1870-1943,baseball,,
Jimmy Conzelman,1898-1970,football,,
Jimmy Gardner,1881-1940,ice hockey,,
Jimmy Johnson,1938-,football,,
Yao Jinnan,1995-,gymnastics,,
J'Marcus Webb,1988-,football,,
Jo-Wilfried Tsonga,1985-,tennis,,
Joan Crawford,1937-,basketball,,
João Mário,1993-,soccer,,
João Pereira,1984-,soccer,,
João Sousa,1989-,tennis,(Pedro),
Joaquín Tuculet,1989-,rugby,,
Jochen Rindt,1942-1970,driving,,
"""Smokey"" Joe Williams",1886-1951,baseball,,
Joe Barksdale,1989-,football,"(Joseph, Brennen)",
Joe Cronin,1906-1984,baseball,,
Joe DiMaggio,1914-1999,baseball,,
Joe Frazier,1944-2011,boxing,,
Joe Gaetjens,1924-1964,soccer,,
Joe Greene,1946-,football,,
Joe Hall,1881-1919,ice hockey,,
Joe Kelley,1871-1943,baseball,,
Joe Launchbury,1991-,rugby,"(Joseph, Oliver)",
Joe Louis,1914-1981,boxing,,
Joe Marler,1990-,rugby,,
Joe McGinnity,1871-1929,baseball,,
Joe Montana,1956-,football,,
Joe Morgan,1943-,baseball,,
Joe Namath,1943-,football,,
Joe Perry,1927-2011,football,,
"""Bullet"" Joe Rogan",1893-1967,baseball,,
Joe Schmidt,1932-,football,,
