René Lacoste,1904-1996,tennis,,
Rennae Stubbs,1971-,tennis,,
Reshad Jones,1988-,football,(Monquez),
Resit Schuurman,1979-,soccer,,
Reuben Gabriel,1990-,soccer,(Shalu),
Rey Lee-Lo,1986-,rugby,(Reynold),
Reza Haghighi,1989-,soccer,,
Rhett Ellison,1988-,football,(Marshall),
Rhys Priestland,1987-,rugby,,
Rhys Webb,1988-,rugby,,
Ric Flair,1949-,wrestling,(Richard),
Ricardo Costa,1981-,soccer,,
Ricardo Quaresma,1983-,soccer,,
Ricardo van Rhijn,1991-,soccer,,
Rich Gannon,1965-,football,,
Richard Gasquet,1986-,tennis,,
Richárd Guzmics,1987-,soccer,,
Richard Krajicek,1971-,tennis,,
Richard Wigglesworth,1983-,rugby,"(Eric, Peter)",
Richardt Strauss,1986-,rugby,(Conrad),
Richèl Hogenkamp,1992-,tennis,,
Richie Gray,1989-,rugby,(Richard),
Richie McCaw,1980-,rugby,"(Richard, Hugh)",
Richmond Mutumbami,1989-,cricket,,
Rick Ferrell,1905-1995,baseball,,
Rickey Jackson,1958-,football,,
Ricky Álvarez,1988-,soccer,"(Ricardo, Gabriel)",
Ricky Rubio,1990-,basketball,(Ricard),
Ridgeciano Haps,1993-,soccer,,
Riley Hern,1880-1929,ice hockey,,
Rinat Abdulin,1982-,soccer,,
Rini Coolen,1967-,soccer,,
Rinus Israël,1942-,soccer,,
Rio Ferdinand,1978-,soccer,(Gavin),
Rishard Matthews,1989-,football,,
Riyad Mahrez,1991-,soccer,(Karim),
Rob Blake,1969-,ice hockey,,
Rob Kearney,1986-,rugby,,
Rob Simmons,1989-,rugby,(Robert),
Rob Witschge,1966-,soccer,,
Robbie Henshaw,1993-,rugby,,
Robenson Therezie,1991-,football,,
Robert Brazile,1953-,football,,
"Robert Moses ""Lefty"" Grove",1900-1975,baseball,,
Robert Jarni,1968-,soccer,,
Robert Lewandowski,1988-,soccer,,
Robert Nelson,1990-,football,(Chevis),
"Robert ""Fuzzy"" Vandivier",1903-1983,basketball,,
Robertino Pugliara,1984-,soccer,(Gabriel),
Roberto Alomar,1968-,baseball,,
Roberto Bautista Agut,1988-,tennis,,
Roberto Merhi,1991-,driving,,
Roberts Zvejnieks,1997-,skating,(Jānis),
Robin Haase,1987-,tennis,,
Robin Roberts,1926-2010,baseball,,
Robin Yount,1955-,baseball,,
Rocky Marciano,1923-1969,boxing,,
Rod Gilbert,1941-,ice hockey,,
Rod Laver,1938-,tennis,,
Rodger Saffold,1988-,football,,
Rodoljub Marjanović,1988-,soccer,,
Rodrigo Muñoz,1982-,soccer,(Martín),
Rodrigo Silva,1992-,rugby,,
Roger Bresnahan,1879-1944,baseball,,
Roger Clemens,1962-,baseball,,
Roger Espinoza,1986-,soccer,(Aníbal),
Roger Maris,1934-1985,baseball,,
Roger Peckinpaugh,1891-1977,baseball,,
Roger Wehrli,1947-,football,,
Rogério Lobo,1971-2006,boxing,,
Rogie Vachon,1945-,ice hockey,"(Rogatien, Rosaire)",
Rohan Kanhai,1935-,cricket,(Bholalall),
Rohit Sharma,1987-,cricket,(Gurunath),
Roland Juhász,1983-,soccer,,
Rollie Fingers,1946-,baseball,,
Romain Grosjean,1986-,driving,,
Roman Gabriel,1940-,football,,
Roman Jebavý,1989-,tennis,,
Roman Shirokov,1981-,soccer,,
Roman Weidenfeller,1980-,soccer,,
Romaric,1983-,soccer,"(Koffi, Christian)",
Romed Baumann,1986-,skiing,,
Rômulo Borges Monteiro,1990-,soccer,,
Ron Mix,1938-,football,,
Ron Saunders,1932-2019,soccer,(Ronald),
Ron Yary,1946-,football,,
Ronald de Boer,1970-,soccer,,
Ronald Martin,1993-,football,(Jermaine),
Ronaldo,1976-,soccer,(Luís),
Ronnie Lott,1959-,football,,
Rontez Miles,1988-,football,(Lamotte),
Roosevelt Nix,1992-,football,(Delbert),
Rory Best,1982-,rugby,,
Rory Sutherland,1992-,rugby,,
Ross Barkley,1993-,soccer,,
Ross Hutchins,1985-,tennis,,
Ross Youngs,1897-1927,baseball,,
Roy Campanella,1921-1993,baseball,,
Roy Conacher,1916-1984,ice hockey,,
Roy Halladay,1977-2017,baseball,,
Roy Makaay,1975-,soccer,,
Roy Worters,1900-1957,ice hockey,,
Ruan Pienaar,1984-,rugby,,
Rube Marquard,1886-1980,baseball,,
Rubel Hossain,1990-,cricket,(Mohammad),
Ruben Bemelmans,1988-,tennis,,
Rubén Galván,1952-2018,soccer,,
Ruben Zadkovich,1986-,soccer,(Anton),
Rudi Kapeli,1957-,rugby,,
Rūdolfs Bārda,1903-1991,soccer,,
Rudy Paige,1989-,rugby,,
Rui Patrício,1988-,soccer,(Pedro),
Rúnar Már Sigurjónsson,1990-,soccer,,
Rune Johansson,1920-1998,ice hockey,"(Arnold, Georg)",
Rushmi Chakravarthi,1977-,tennis,,
Ruslan Ponomariov,1983-,chess,,
Russ Grimm,1959-,football,,
Russell Westbrook,1988-,basketball,,
Rustam Kasimdzhanov,1979-,chess,,
Rusty Crawford,1885-1971,ice hockey,(Samuel),
Ruud Geels,1948-,soccer,,
Ruud Krol,1949-,soccer,,
Ruvindu Gunasekera,1991-,cricket,,
Ryan Babel,1986-,soccer,,
Ryan Bertrand,1989-,soccer,(Dominic),
Ryan Grant,1985-,rugby,,
Ryan Harrison,1992-,tennis,,
Ryan Mathews,1987-,football,(Jefforey),
Ryan Succop,1986-,football,(Barrow),
Rydell Booker,1981-,boxing,,
Ryne Sandberg,1959-,baseball,,
Sabahattin Usta,1990-,soccer,,
Sabin Strătilă,1995-,rugby,(Florin),
Sabri Lamouchi,1971-,soccer,,
Sachithra Senanayake,1985-,cricket,,
Safet Sušić,1955-,soccer,,
Zheng Saisai,1994-,tennis,,
Sakaria Taulafo,1983-,rugby,,
Saleem Mukuddem,1972-,cricket,,
Salesi Ma'afu,1983-,rugby,,
Salomon Kalou,1985-,soccer,(Armand),
Salvatore Sirigu,1987-,soccer,,
Sam Barrington,1990-,football,"(Samuel, Kofi)",
Sam Burgess,1988-,rugby,(Samuel),
Sam Carter,1989-,rugby,,
Sam Hidalgo-Clyne,1993-,rugby,,
Sam Jones,1933-,basketball,,
Sam Rice,1890-1974,baseball,,
Sam Thompson,1860-1922,baseball,,
Sam Whitelock,1988-,rugby,"(Samuel, Lawrence)",
Samantha Peszek,1991-,gymnastics,,
Samantha Stosur,1984-,tennis,,
Samed Kılıç,1996-,soccer,(Hakan),
Sami Khedira,1987-,soccer,,
Sammie Coates,1993-,football,,
Sammy Baugh,1914-2008,football,,
Sammy N'Djock,1990-,soccer,,
Samson Lee,1992-,rugby,,
Samu Manoa,1985-,rugby,,
Samuel Honrubia,1986-,handball,,
Samuel Umtiti,1993-,soccer,,
Samuele Preisig,1984-,soccer,,
Sander Westerveld,1974-,soccer,,
Sandra Perković,1990-,track,,
Sandrine Testud,1972-,tennis,,
Sandro Sukno,1990-,water polo,,
Sandy Koufax,1935-,baseball,,
Sania Mirza,1986-,tennis,,
Sanja Malagurski,1990-,volleyball,,
Sanjin Bezdrob,1979-,volleyball,,
Sanju Samson,1994-,cricket,,
Santiago Arias,1992-,soccer,,
Santiago García Botta,1992-,rugby,,
Santiago González,1983-,tennis,,
Santiago Vilaseca,1984-,rugby,,
Sara Errani,1987-,tennis,,
Sarel Burger,1983-,cricket,,
Šárka Strachová,1985-,skiing,,
Saša Ognenovski,1979-,soccer,,
Sateki Tu'ipulotu,1971-,rugby,,
Schalk Brits,1981-,rugby,(Burger),
Scott Baldwin,1988-,rugby,,
Scott LaValla,1988-,rugby,(Coble),
Scott Sio,1991-,rugby,,
Scott Stevens,1964-,ice hockey,,
Scottie Pippen,1965-,basketball,,
Sead Kolašinac,1993-,soccer,,
Séamus Coleman,1988-,soccer,,
Seán Cronin,1986-,rugby,,
Sean Maitland,1988-,rugby,,
Seán O'Brien,1987-,rugby,,
Sean Weatherspoon,1987-,football,"(Franklin, De'Sean)",
Seantrel Henderson,1992-,football,,
Sebastian Larsson,1985-,soccer,"(Bengt, Ulf)",
Sebastian Prödl,1987-,soccer,,
Sébastien Grosjean,1978-,tennis,(René),
Seekkuge Prasanna,1985-,cricket,,
Seimone Augustus,1984-,basketball,(Delicia),
Sekope Kepu,1986-,rugby,,
Selena Milošević,1989-,handball,,
Semih Kaya,1991-,soccer,,
Semir Pepic,1972-,martial arts,,
Semyon Antonov,1989-,basketball,,
Sen'Derrick Marks,1987-,football,,
Senijad Ibričić,1985-,soccer,,
Senorise Perry,1991-,football,,
Hwang Seok-ho,1989-,soccer,,
Sercan Yıldırım,1990-,soccer,,
Serdar Tasci,1987-,soccer,,
Seren Waters,1990-,cricket,(Robert),
Serey Die,1984-,soccer,,
Serge Ibaka,1989-,basketball,"(Sergeballu, LaMu, Sayonga, Loom, Walahas, Jonas, Hugo)",
Sergei Belov,1944-2013,basketball,,
Sergei Ignashevich,1979-,soccer,,
Sergei Monia,1983-,basketball,(Alexandrovich),
Sergey Karasev,1993-,basketball,(Vasiliyevich),
Sergi Bruguera,1971-,tennis,,
Sergio Busquets,1988-,soccer,,
Sergio Parisse,1983-,rugby,"(Francesco, Antonio)",
Sergio Ramos,1986-,soccer,,
Sergio Rodríguez,1986-,basketball,,
Sergio Scariolo,1961-,basketball,,
Serhiy Klymentiev,1975-,ice hockey,,
Serhiy Sydorchuk,1991-,soccer,,
Seti Kiole,1980-,rugby,,
Severo Meza,1986-,soccer,(Efraín),
Seyi Ajirotutu,1987-,football,(Oluseyi),
Shaan Masood,1989-,cricket,,
Shahadat Hossain,1986-,cricket,(Kazi),
Shakib Al Hasan,1987-,cricket,,
Shalom Suniula,1988-,rugby,,
Shalva Sutiashvili,1984-,rugby,,
Shamarko Thomas,1991-,football,(Lanell),
Shammond Williams,1975-,basketball,(Omar),
Shane Ferguson,1991-,soccer,,
Shane Warne,1969-,cricket,(Keith),
Shannon Miller,1977-,gymnastics,(Lee),
Shaq Mason,1993-,football,"(Shaquille, Olajuwon)",
Shaquelle Evans,1991-,football,,
Shaquille O'Neal,1972-,basketball,(Rashaun),
Sharrif Floyd,1991-,football,(Karnell),
Shavahn Church,1989-,gymnastics,,
Shay Given,1976-,soccer,"(Séamus, John, James)",
Shea McClellin,1989-,football,(Keegan),
Shelby Rogers,1992-,tennis,,
Shem Ngoche,1989-,cricket,(Obado),
Sherrick McManis,1987-,football,(Terravis),
Sheryl Swoopes,1971-,basketball,,
Shikha Uberoi,1983-,tennis,,
Shilese Jones,2002-,gymnastics,,
Shingirai Masakadza,1986-,cricket,(Winston),
Shintaro Kurumaya,1992-,soccer,,
Shinya Makabe,1987-,rugby,,
Shkëlzen Gashi,1988-,soccer,(Taib),
Shoji Ito,1980-,rugby,,
Shota Horie,1986-,rugby,,
Zhang Shuai,1989-,tennis,,
Shunsuke Nakamura,1978-,soccer,,
Shuvagata Hom,1986-,cricket,,
Siaka Tiéné,1982-,soccer,,
Siarhei Liakhovich,1976-,boxing,(Siarhiej),
Sid Luckman,1916-1998,football,,
Sidney Moncrief,1957-,basketball,,
Sil Campusano,1965-,baseball,(Silvestre),
Sililo Martens,1977-,rugby,(Victor),
Silvia Navarro,1979-,handball,,
Silviu Lung Jr.,1989-,soccer,,
Simen Agdestein,1967-,chess,,
Simon Maisuradze,1986-,rugby,,
Simon Zebo,1990-,rugby,,
Simone Biles,1997-,gymnastics,(Arianne),
Simone Favaro,1988-,rugby,,
Simone Zaza,1991-,soccer,,
Sindarius Thornwell,1994-,basketball,,
Sinem Doğu,1987-,ice hockey,,
Sio Moore,1990-,football,"(Snorsio, Alston)",
Sione Kalamafoni,1988-,rugby,(Maake),
Siya Kolisi,1991-,rugby,(Siyamthanda),
Sjoerd Ars,1984-,soccer,"(Adrianus, Theodorus)",
Sjoerd Hoekstra,1959-,boating,(Evert),
Sjoerd Huisman,1986-2013,skating,,
Sjoerd Vollebregt,1954-,boating,(Steven),
Sjoerd Winkens,1983-,soccer,,
Slaven Bilić,1968-,soccer,,
Slavoljub Muslin,1953-,soccer,,
Slobodan Kačar,1957-,boxing,,
Sócrates,1954-2011,soccer,,
Sofiane Guitoune,1989-,rugby,,
Sohaib Maqsood,1987-,cricket,(Malik),
Soheil Ayari,1970-,driving,,
Sokol Cikalleshi,1990-,soccer,,
Sol Bamba,1985-,soccer,(Souleymane),
Solomon Mire,1989-,cricket,,
Sonatane Takulua,1991-,rugby,,
Sonja Bašić,1987-,handball,,
Sonny Bill Williams,1985-,rugby,(William),
Sorana Cîrstea,1990-,tennis,(Mihaela),
Soroush Rafiei,1990-,soccer,,
Sosuke Takatani,1989-,wrestling,,
Soumya Sarkar,1993-,cricket,,
Spencer Haywood,1949-,basketball,,
Sprague Cleghorn,1890-1956,ice hockey,,
Spyridon Louis,1873-1940,track,"(Spiridon, Spyros)",
Stacy McGee,1990-,football,,
Stan Jones,1931-2010,football,,
Stan Musial,1920-2013,baseball,,
Stan Wawrinka,1985-,tennis,(Stanislas),
Stanko Lorger,1931-2014,track,,
Stanley Matthews,1915-2000,soccer,,
Star Lotulelei,1989-,football,(Starlite),
Stedman Bailey,1990-,football,,
Stefan Ilsanker,1989-,soccer,,
Stefano Sturaro,1993-,soccer,,
Stefanos Kapino,1994-,soccer,,
Steffi Graf,1969-,tennis,"(Stefanie, Maria)",
Stela Posavec,1996-,handball,,
Steliano Filip,1994-,soccer,,
Stephan El Shaarawy,1992-,soccer,(Kareem),
Stéphane Mbia,1986-,soccer,,
Stéphane Ruffier,1986-,soccer,,
Stephen Curry,1988-,basketball,,
Stephen Jackson,1978-,basketball,(Jesse),
Stephen Quinn,1986-,soccer,,
Stephon Marbury,1977-,basketball,(Xavier),
Stephone Anthony,1992-,football,,
Stevan Ridley,1989-,football,,
Steve Blakeley,1972-,rugby,,
Steve Garvey,1948-,baseball,,
Steve Hutchinson,1977-,football,,
Steve Largent,1954-,football,,
Steve Mandanda,1985-,soccer,,
Steve Missillier,1984-,skiing,,
Steve Owen,1898-1964,football,,
Steve Van Buren,1920-2012,football,,
Steve Williams,1991-,football,"(Steven, Dwain)",
Steve Yzerman,1965-,ice hockey,,
Steven Davis,1985-,soccer,,
Steven Gerrard,1980-,soccer,,
Stiaan van Zyl,1987-,cricket,,
Stipe Drviš,1973-,boxing,,
Stirling Moss,1929-,driving,,
Stratos Apostolakis,1964-,soccer,(Efstratios),
Stuart Hogg,1992-,rugby,,
Sue Bird,1980-,basketball,"(Suzanne, Brigit)",
Sulieman Benn,1981-,cricket,(Jamaal),
Sultan Ibragimov,1975-,boxing,"(Ahmed, Magomedsalihovich)",
Jung Sung-ryong,1985-,soccer,,
Sunia Koto,1980-,rugby,,
Sunisa Lee,2003-,gymnastics,,
Suresh Raina,1986-,cricket,,
Suriya Prasathinphimai,1980-,boxing,,
Suzana Lazović,1992-,handball,,
Suzy Batkovic,1980-,basketball,,
Sven-Göran Eriksson,1948-,soccer,,
Svetlana Khorkina,1979-,gymnastics,,
Swayze Waters,1987-,football,,
Syd Howe,1911-1976,ice hockey,,
Syl Apps,1915-1998,ice hockey,(Sylvanus),
Sylvia Fowles,1985-,basketball,(Shaqueria),
Tadhg Furlong,1992-,rugby,,
Kwak Tae-hwi,1981-,soccer,,
Tagenarine Chanderpaul,1996-,cricket,(Brandon),
Taiwan Jones,1993-,football,,
Takashi Inui,1988-,soccer,,
Takeshi Kizu,1988-,rugby,,
Takumi Minamino,1995-,soccer,,
Takuya Takagi,1967-,soccer,,
Talita Antunes,1982-,volleyball,,
Talita Rodrigues,1934-,swimming,,
Tam Nsaliwa,1982-,soccer,"(Tamandani, Wazayo, Phillip)",
Tamás Priskin,1986-,soccer,,
Tamba Hali,1983-,football,(Boimah),
Tamika Catchings,1979-,basketball,(Devonne),
Tanel Sokk,1985-,basketball,,
Tanja Poutiainen,1980-,skiing,(Tuulia),
Tanner Hawkinson,1990-,football,,
Taras Bidenko,1980-,boxing,,
Tarek El-Said,1978-,soccer,,
Tarvaris Jackson,1983-2020,football,(D'Andre),
Tasha Danvers,1977-,track,(De'Anka),
Tatafu Polota-Nau,1985-,rugby,"(Sione, 'Utukiveisini)",
Tatjana Maria,1987-,tennis,,
Taulant Xhaka,1991-,soccer,(Ragip),
Taurean Nixon,1991-,football,(Ellis),
Tavaris Barnes,1991-,football,,
Tavon Austin,1991-,football,(Wesley),
Tavoris Cloud,1982-,boxing,(Karod),
Tawera Kerr-Barlow,1990-,rugby,"(Narada, James)",
Taylor Whitley,1980-2018,football,(Ross),
Tayshaun Prince,1980-,basketball,(Durell),
Ted Hendricks,1947-,football,,
Ted Ligety,1984-,skiing,"(Theodore, Sharp)",
Ted Lyons,1900-1986,baseball,,
Ted Williams,1918-2002,baseball,,
Teet Allas,1977-,soccer,,
Temba Bavuma,1990-,cricket,,
Tendai Mtawarira,1985-,rugby,,
Teodor-Dacian Crăciun,1980-,tennis,,
Teófilo Cubillas,1949-,soccer,,
T. J. Barnes,1990-,football,"(Terence, Jariviz)",
Teresa Edwards,1964-,basketball,,
Teri Montefusco,1941-,gymnastics,,
Terrance Williams,1989-,football,(Tyrone),
Terrell Owens,1973-,football,,
Terrelle Pryor,1989-,football,,
Terron Ward,1992-,football,,
Terry Pendleton,1960-,baseball,,
Terryn Fray,1991-,cricket,(Sunil),
Tevin McDonald,1992-,football,,
Tevita Cavubati,1987-,rugby,"(Gucake, Naqaqa)",
Tevita Taufu’i,1988-,rugby,,
Thalita de Jong,1993-,cycling,,
Tharindu Kaushal,1993-,cricket,"(Paskuwal, Handi)",
Theo de Jong,1947-,soccer,,
Theodor Gebre Selassie,1986-,soccer,,
Theofanis Gekas,1980-,soccer,(Fanis),
Thiago Cionek,1986-,soccer,,
Thiago Motta,1982-,soccer,,
Thibaut Courtois,1992-,soccer,,
Thierry Dusautoir,1981-,rugby,,
Thisara Perera,1989-,cricket,"(Narangoda, Liyanaarachchilage)",
Thomas Barlow,1896-1983,basketball,,
Thomas Hitzlsperger,1982-,soccer,,
Thomas Meunier,1991-,soccer,,
Thomas N'Kono,1956-,soccer,,
Thomaz Bellucci,1987-,tennis,,
Thulani Malinga,1955-,boxing,,
Thurman Thomas,1966-,football,,
Tiaan Snyman,1996-,cricket,,
Tiit Sokk,1964-,basketball,(Tout),
Tilson Brito,1972-,baseball,(Manuel),
Tim Cahill,1979-,soccer,"(Timothy, Filiga)",
Tim de Cler,1978-,soccer,,
Tim Horton,1930-1974,ice hockey,,
Tim Keefe,1857-1933,baseball,,
Tim Nanai-Williams,1989-,rugby,,
Tim Swinson,1987-,rugby,"(Timothy, James, Montagu)",
Tímea Babos,1993-,tennis,,
Timo Hildebrand,1979-,soccer,,
Timo Susi,1959-,ice hockey,(Antero),
Timofey Mozgov,1986-,basketball,(Pavlovich),
Timur Ibragimov,1975-,boxing,,
Tin Srbić,1996-,gymnastics,,
Tina Maze,1983-,skiing,,
Tinashe Panyangara,1985-,cricket,,
Tino Mawoyo,1986-,cricket,"(Tinotenda, Mbiri, Kanayi)",
Tino Vegar,1967-,water polo,,
TJ Ioane,1989-,rugby,,
Tobais Palmer,1990-,football,,
Tobias Karlsson,1981-,handball,,
Toby Gerhart,1987-,football,"(Tobinbo, Gunnar)",
Toby Smith,1988-,rugby,,
Tom Brady,1977-,football,,
Tom Fears,1922-2000,football,,
Tom Gola,1933-2014,basketball,,
Tom Heinsohn,1934-,basketball,(Thomas),
Tom Johnson,1928-2007,ice hockey,,
Tom Rogić,1992-,soccer,"(Tomas, Petar)",
Tom Seaver,1944-,baseball,,
Tom Wood,1986-,rugby,,
Tomáš Berdych,1985-,tennis,,
Tomas Francis,1992-,rugby,,
Tomáš Koubek,1992-,soccer,,
Tomáš Necid,1989-,soccer,,
Tomáš Sivok,1983-,soccer,,
Tomasz Jodłowiec,1985-,soccer,,
Tomislav Ivić,1933-2011,soccer,,
Tommaso Allan,1993-,rugby,,
Tommy Bowe,1984-,rugby,"(Thomas, John)",
Tommy McCarthy,1863-1922,baseball,,
Tommy Oar,1991-,soccer,"(Thomas, Michael)",
Tommy Robredo,1982-,tennis,,
Tommy Smith,1885-1966,ice hockey,,
Tonga Leaʻaetoa,1977-,rugby,,
Toni Kukoč,1968-,basketball,,
Tonje Nøstvold,1985-,handball,,
Tony Canadeo,1919-2003,football,,
Tony Esposito,1943-,ice hockey,,
Tony Gonzalez,1976-,football,,
Tony Hawk,1968-,skateboarding,,
Tony Lazzeri,1903-1946,baseball,,
Tony Woodcock,1981-,rugby,(Dale),
Torrence Allen,1991-,football,,
Toshiaki Hirose,1981-,rugby,,
Toufik Mouyet,1977-,soccer,,
Tourek Williams,1991-,football,,
Tracy Austin,1962-,tennis,,
Trae Waynes,1992-,football,,
Tramain Jacobs,1992-,football,,
Tramon Williams,1983-,football,(Vernell),
Travaris Cadet,1989-,football,(Terrell),
Travis Jackson,1903-1987,baseball,,
Tray Walker,1992-,football,,
Tre Manders,1995-,cricket,,
Trent Murphy,1990-,football,"(Trenton, Allen)",
Trenton Robinson,1990-,football,,
Trevin Wade,1989-,football,,
Trevor Marsicano,1989-,skating,,
Trey Burton,1991-,football,,
Tris Speaker,1888-1958,baseball,,
