Charlie Sanders,1946-,football,,
Charlie White,1987-,skating,"(Charles, Allen)",
Chaz Green,1992-,football,,
Chelsea Davis,1992-,gymnastics,(Elizabeth),
Chester Williams,1970-,rugby,(Mornay),
Cheteshwar Pujara,1988-,cricket,(Arvind),
Chigozie Agbim,1984-,soccer,,
Chikondi Mpulula,1993-,soccer,,
Chloé Paquet,1994-,tennis,,
Chris Banjo,1990-,football,"(Ayokunmi, Christopher, Oluwaseun)",
Chris Carter,1989-,football,"(Christopher, Darnell)",
Chris Doleman,1961-,football,,
Chris Gunter,1989-,soccer,"(Christopher, Ross)",
Chris Henry,1984-,rugby,,
Chris Johnson,1985-,football,"(Christopher, Duan)",
Chris Mullin,1963-,basketball,"(Christopher, Paul)",
Chris Paul,1985-,basketball,"(Christopher, Emmanuel)",
Chris Robshaw,1986-,rugby,"(Christopher, Denis, Yankel)",
Chris Wilkinson,1970-,tennis,,
Chris Wyles,1983-,rugby,,
Christian Atsu,1992-,soccer,,
Christian Bolaños,1984-,soccer,,
Christian Fuchs,1986-,soccer,,
Christian Noboa,1985-,soccer,,
Christian Yelich,1991-,baseball,,
Christina McHale,1992-,tennis,,
Christo Bilukidi,1989-,football,,
Christoph Kramer,1991-,soccer,,
Christopher Papamichalopoulos,1988-,skiing,,
Christy Mathewson,1880-1925,baseball,,
Chuck Cooper,1926-1984,basketball,"(Charles, Henry)",
Chuck Klein,1904-1958,baseball,,
Lee Chung-yong,1988-,soccer,,
Chykie Brown,1986-,football,(Jerrod),
Cian Healy,1987-,rugby,,
Ciaran Hearn,1985-,rugby,,
Cierre Wood,1991-,football,(Marcelle),
Cirilo Saucedo,1982-,soccer,,
Claire Boyce,1995-,gymnastics,,
"Clarence ""Ace"" Parker",1912-2013,football,,
Clark Gillies,1954-,ice hockey,,
Claude Humphrey,1944-,football,,
Claudio Marchisio,1986-,soccer,,
Cláudio Taffarel,1966-,soccer,(André),
Clayton Kershaw,1988-,baseball,,
Cliff Battles,1910-1981,football,,
Cliff Hagan,1931-,basketball,(Clifford),
Cliff Huxford,1937-2018,soccer,"(Clifford, George)",
Clint Benedict,1892-1976,ice hockey,,
Clint Smith,1913-2009,ice hockey,,
Clyde Drexler,1962-,basketball,,
"Clyde ""Bulldog"" Turner",1919-1998,football,,
Coby Fleener,1988-,football,(Jacoby),
Coco Vandeweghe,1991-,tennis,(Colleen),
Codruţ Lircă,1989-,soccer,(Ştefan),
Cody Bellinger,1995-,baseball,,
Cody Wallace,1984-,football,(Layne),
Cole Beasley,1989-,football,(Dickson),
Colin Kaepernick,1987-,football,(Rand),
Colleen Mulvihill,1952-,gymnastics,,
Colt Anderson,1985-,football,,
Conchita Martínez,1972-,tennis,"(Inmaculada, Concepción)",
Connor Barth,1986-,football,,
Connor Braid,1990-,rugby,,
Conor McLaughlin,1991-,soccer,(Gerard),
Conor Trainor,1989-,rugby,(Adam),
Conrad Smith,1981-,rugby,(Gerard),
Cooper Helfet,1989-,football,,
Cooper Vuna,1987-,rugby,(Kerry),
Cor van der Gijp,1931-,soccer,(Cornelis),
Cor Veldhoen,1939-2005,soccer,(Pleun),
Cordarro Law,1988-,football,,
Corey Perry,1985-,ice hockey,,
Cornelius Washington,1989-,football,(Davis),
Corrie Lothrop,1992-,gymnastics,"(Dong, Quan)",
Cortez Allen,1988-,football,(Lequon),
Cortland Finnegan,1984-,football,(Temujin),
Cory Allen,1993-,rugby,,
Cosmin Matei,1991-,soccer,,
Costel Pantilimon,1987-,soccer,(Fane),
Courtney Kupets,1986-,gymnastics,,
Courtney McCool,1988-,gymnastics,,
Craig Cathcart,1989-,soccer,,
Crezdon Butler,1987-,football,,
Cristhian Stuani,1986-,soccer,(Ricardo),
Cristian Gamboa,1989-,soccer,(Esteban),
Cristian Săpunaru,1984-,soccer,(Ionuț),
Cristiano Ronaldo,1985-,soccer,,
Cristopher Toselli,1988-,soccer,(Benjamín),
Csaba Gál,1985-,rugby,(Minya),
Cullen Jenkins,1981-,football,(Darome),
Cüneyt Erden,1977-,basketball,,
Curley Culp,1946-,football,,
Curtis Lofton,1986-,football,(Tremayne),
Curtly Ambrose,1963-,cricket,"(Elconn, Lynwall)",
Cvijan Milošević,1963-,soccer,,
Cy Denneny,1891-1970,ice hockey,,
Cynthia Cooper-Dyke,1963-,basketball,(Lynne),
Cyrus Christie,1992-,soccer,"(Sylvester, Frederick)",
Daan Schrijvers,1941-2018,soccer,"(Daniël, Christiaan)",
Ha Dae-sung,1985-,soccer,,
Dakota Dozier,1991-,football,(Duran),
Dale McClements,1944-,gymnastics,"(Dorothy, Elizabeth)",
Daley Blind,1990-,soccer,,
Dalibor Šamšal,1985-,skiing,,
Dalton Freeman,1990-,football,,
Damarious Randall,1992-,football,,
Dámaso García,1957-,baseball,(Domingo),
Damián Álvarez,1979-,soccer,(Ariel),
Damian Mori,1970-,soccer,,
Damien Wilson,1993-,football,,
Damion Square,1989-,football,,
Damir Džumhur,1992-,tennis,,
Damontre Moore,1992-,football,(Lamounte),
Dan Biggar,1989-,rugby,"(Daniel, Rhys)",
Dan Carter,1982-,rugby,"(Daniel, William)",
Dan Dierdorf,1949-,football,,
Dan Fouts,1951-,football,,
Dan Issel,1948-,basketball,,
Dan Marino,1961-,football,,
Dane Coles,1986-,rugby,(Stuart),
Dani Alves,1983-,soccer,(Daniel),
Daniel Cambronero,1986-,soccer,(Arturo),
Daniel Davari,1988-,soccer,,
Daniel Kolář,1985-,soccer,,
Daniel Narcisse,1979-,handball,,
Daniel Opare,1990-,soccer,(Tawiah),
Daniel Pudil,1985-,soccer,,
Daniel Sedin,1980-,ice hockey,,
Daniel Van Buyten,1978-,soccer,,
Daniele De Rossi,1983-,soccer,,
Daniil Kvyat,1994-,driving,,
Danijel Pranjić,1981-,soccer,,
Danilo Luiz da Silva,1991-,soccer,,
Danira Bilić,1969-,basketball,,
Dannell Ellerbe,1985-,football,,
Danny Blind,1961-,soccer,,
Danny Frawley,1963-2019,football,"(Daniel, Patrick)",
Danny Rose,1990-,soccer,"(Daniel, Lee)",
Danny Welbeck,1990-,soccer,"(Daniel, Nii, Tackie, Mensah)",
Dante,1983-,soccer,(Bonfim),
Dante Wesley,1979-,football,(Julius),
Dănuț Dumbravă,1981-,rugby,(Marin),
Daouda Karaboué,1975-,handball,,
DaQuan Jones,1991-,football,,
Daria Gavrilova,1994-,tennis,(Dasha),
Daria Spiridonova,1998-,gymnastics,,
Dariel Albo,1992-,volleyball,,
Dariel Morejón,1998-,soccer,(Alejandro),
Darijo Srna,1982-,soccer,,
Dario Šimić,1975-,soccer,,
Darius Miles,1981-,basketball,(LaVar),
Dariusz Michalczewski,1968-,boxing,,
Da'Ron Brown,1991-,football,,
Darrel Young,1987-,football,,
Darrell Stuckey,1987-,football,,
Darren Cave,1987-,rugby,,
Darrian Miller,1993-,football,,
Darrion Weems,1988-,football,,
Darroll Wilson,1966-,boxing,(Lamont),
Dárvin Chávez,1989-,soccer,(Francisco),
Daryl Murphy,1983-,soccer,,
Daša Grm,1991-,skating,,
Dashon Goldson,1984-,football,(Hugh),
Dav Whatmore,1954-,cricket,"(Davenell, Frederick)",
DaVarryl Williamson,1968-,boxing,(Jerome),
Dave Bancroft,1891-1972,baseball,,
Dave Casper,1952-,football,,
Dave DeBusschere,1940-2003,basketball,,
Dave Kearney,1989-,rugby,,
Dave Parker,1951-,baseball,,
Dave Wilcox,1942-,football,,
David Luiz,1987-,soccer,,
David Bakhtiari,1991-,football,(Afrasiab),
David de Gea,1990-,soccer,,
David Edwards,1986-,soccer,,
David Goffin,1990-,tennis,,
"David ""Deacon"" Jones",1938-2013,football,(Deacon),
David Limberský,1983-,soccer,,
David Myrie,1988-,soccer,,
David Pavelka,1991-,soccer,,
David Robinson,1965-,basketball,,
David Silva,1986-,soccer,(Josué),
David Thompson,1954-,basketball,,
David Villa,1981-,soccer,,
David Yankey,1992-,football,(Famiyekyi),
Davide Giazzon,1986-,rugby,,
Davit Kacharava,1985-,rugby,,
Davit Zirakashvili,1983-,rugby,,
Davon House,1989-,football,,
Davor Šuker,1968-,soccer,,
Davy Klaassen,1993-,soccer,,
Dax Swanson,1991-,football,,
D. J. Swearinger,1991-,football,"(Dayarlo, Jamal)",
D'Brickashaw Ferguson,1983-,football,(Montgomery),
Dean Mumm,1984-,rugby,,
DeAndre Yedlin,1993-,soccer,(Roselle),
DeAndrey Abron,1972-,boxing,,
DeAngelo Tyson,1989-,football,,
Dedé,1988-,soccer,(Anderson),
Deion Sanders,1967-,football,,
Deivi Julio,1980-,boxing,(Deivis),
Dejan Lovren,1989-,soccer,,
Deji Olatoye,1991-,football,(Ayodeji),
Delanie Walker,1984-,football,(Hubert),
DeLisha Milton-Jones,1974-,basketball,(Lachell),
Delray Rawlins,1997-,cricket,,
Delwyn Costello,1960-2018,cricket,,
Demar Dotson,1985-,football,,
DeMarcus Ware,1982-,football,,
Demaryius Thomas,1987-,football,(Antwon),
Demis Nikolaidis,1973-,soccer,(Themistoklis),
Demy de Zeeuw,1983-,soccer,,
Dénes Dibusz,1990-,soccer,,
Deni Lušić,1962-,water polo,,
Denis Alibec,1991-,soccer,,
Denis Glushakov,1987-,soccer,,
Denis Potvin,1953-,ice hockey,,
Denis Špoljarić,1979-,handball,,
Denise Curry,1959-,basketball,(Marie),
Dennis Eckersley,1954-,baseball,,
Dennis Rodman,1961-,basketball,,
Denny Landzaat,1976-,soccer,,
Denys Boyko,1988-,soccer,,
Denzel Perryman,1992-,football,,
Deon Long,1991-,football,(Moses),
Deone Bucannon,1992-,football,(Ariel),
Deontay Wilder,1985-,boxing,(Leshun),
Derek Jeter,1974-,baseball,,
Deron Williams,1984-,basketball,(Michael),
Derrick Rose,1988-,basketball,,
Derron Smith,1992-,football,,
DeShawn Shead,1989-,football,,
Deshon Foxx,1992-,football,,
Deveron Carr,1990-,football,,
Devin Hester,1982-,football,(Devorris),
Devin Toner,1986-,rugby,,
Devonta Freeman,1992-,football,,
Dexter Fowler,1986-,baseball,(William),
Deyan Kirilov,1964-,boxing,,
Dezman Moses,1989-,football,(Mirrill),
Dezmin Lewis,1992-,football,,
Dhafir Smith,1982-,boxing,,
Dhawal Kulkarni,1988-,cricket,(Sunil),
Diafra Sakho,1989-,soccer,,
DiAndre Campbell,1991-,football,,
Dick Butkus,1942-,football,,
Dick Groat,1930-,baseball,,
"Dick ""Night Train"" Lane",1927-2002,football,,
Dick McGuire,1926-2010,basketball,,
Dick Schoenaker,1952-,soccer,,
Dickie Boon,1878-1961,ice hockey,(Rich),
Dida Diafat,1970-,martial arts,,
Didier Dinart,1977-,handball,,
Diego Benaglio,1983-,soccer,(Orlando),
Diego Cavalieri,1982-,soccer,,
Diego Forlán,1979-,soccer,,
Diego Lugano,1980-,soccer,(Alfredo),
Diego Maradona,1960-,soccer,,
Diego Antonio Reyes,1992-,soccer,,
D. J. Humphries,1993-,football,(Dierrias),
Dillon Day,1991-,football,,
Dilson Torres,1970-,baseball,(Darío),
Dimitri Payet,1987-,soccer,,
Dimitrios Papadopoulos,1981-,soccer,,
Dimitris Siovas,1988-,soccer,(Dimitrios),
Dinara Safina,1986-,tennis,,
Dino Ciccarelli,1960-,ice hockey,,
Dino Rađa,1967-,basketball,,
Dinos Angelidis,1969-,basketball,(Konstantinos),
Dirk Kuijt,1980-,soccer,,
Divock Origi,1995-,soccer,(Okoth),
Djamel Mesbah,1984-,soccer,(Eddine),
Djurdjina Malović,1996-,handball,,
Dmitri Kombarov,1987-,soccer,,
Dmitry Khvostov,1989-,basketball,(Grigoryevich),
Doak Walker,1927-1998,football,,
Dolph Schayes,1928-2015,basketball,(Adolph),
Domagoj Vida,1989-,soccer,,
Dominic Day,1985-,rugby,,
Dominic Thiem,1993-,tennis,,
Dominika Cibulková,1989-,tennis,,
Dominique Gisin,1985-,skiing,,
Dominique Rodgers-Cromartie,1986-,football,(Reshard),
Don Baylor,1949-2017,baseball,,
Don Hutson,1913-1997,football,,
Don Maynard,1935-,football,,
Don Sutton,1945-,baseball,,
Donald Young,1989-,tennis,,
Ji Dong-won,1991-,soccer,,
Donna Vekić,1996-,tennis,,
Donnie Shell,1952-,football,,
Dont'a Hightower,1990-,football,(Qualin),
Dontari Poe,1990-,football,,
Donte Whitner,1985-,football,(Demetrius),
Dontrelle Inman,1989-,football,(Javaar),
Doran Grant,1992-,football,,
Dorinel Munteanu,1968-,soccer,(Ionel),
Doris Fuchs,1938-,gymnastics,(Gudrun),
Dorothy Dalton,1922-1973,gymnastics,,
Doug Atkins,1930-2015,football,,
Doug Gilmour,1963-,ice hockey,,
Doug Wilson,1957-,ice hockey,,
D'Qwell Jackson,1983-,football,,
Drago Vuković,1983-,handball,,
Dragomir Bečanović,1965-,martial arts,,
Dražen Dalipagić,1951-,basketball,,
Dre Kirkpatrick,1989-,football,"(D'Andre, Lawan)",
Dres Anderson,1992-,football,(Flipper),
Drew Stanton,1984-,football,(Emeric),
Dries Mertens,1987-,soccer,,
Duane Vermeulen,1986-,rugby,"(Daniel, Johannes)",
Dudi Sela,1985-,tennis,(David),
DuJuan Harris,1988-,football,(LaTroy),
Duke Slater,1898-1966,football,"(Frederick, Wayman)",
Dulce María Rodríguez,1972-,track,,
Duncan Weir,1991-,rugby,,
Đurđica Bjedov,1947-,swimming,(Đurđa),
Durell Eskridge,1991-,football,,
Dušan Lajović,1990-,tennis,,
Dushmantha Chameera,1992-,cricket,"(Pathira, Vasan)",
Dustin Colquitt,1982-,football,(Farr),
Dwain Chambers,1978-,track,,
Dwight Lowery,1986-,football,(Larte),
Dwyane Wade,1982-,basketball,(Tyrone),
Earl Campbell,1955-,football,,
"Earl ""Curly"" Lambeau",1898-1965,football,,
Earl Monroe,1944-,basketball,,
Earl Seibert,1911-1990,ice hockey,,
Early Wynn,1920-1999,baseball,,
Ebbie Goodfellow,1906-1985,ice hockey,,
Ed Belfour,1965-,ice hockey,,
Ed Delahanty,1867-1903,baseball,,
Ed Macauley,1928-2011,basketball,(Edward),
Ed Reynolds,1991-,football,(Rannell),
Ed Wachter,1883-1966,basketball,(Edward),
Edawn Coughman,1988-,football,,
Edda Buding,1936-2014,tennis,,
Edder Delgado,1986-,soccer,(Gerardo),
Eddie Gerard,1890-1937,ice hockey,,
Eddie Kunz,1986-,baseball,"(Edward, Cory)",
Eddie Mathews,1931-2001,baseball,,
Eddie Plank,1875-1926,baseball,,
Eddy Ben Arous,1990-,rugby,,
Edem Rjaïbi,1994-,soccer,,
Éder,1986-,soccer,,
Éder Álvarez Balanta,1993-,soccer,(Fabián),
Edgar Laprade,1919-2014,ice hockey,,
Edgar Salli,1992-,soccer,"(Nicaise, Constant)",
Edgmer Escalona,1986-,baseball,(Eduarado),
Edin Višća,1990-,soccer,,
Édison Méndez,1979-,soccer,(Vicente),
"Edouard ""Newsy"" Lalonde",1887-1970,ice hockey,,
Edson Braafheid,1983-,soccer,,
Eduardo da Silva,1983-,soccer,(Dudu),
"Edvaldo ""Vava"" Izídio Neto",1934-2002,soccer,(Vavá),
"Edward ""Moose"" Krause",1913-1992,basketball,,
Edwin Hernández,1986-,soccer,(William),
Edwin van der Sar,1970-,soccer,,
Efe Ambrose,1988-,soccer,(Efetobore),
Efe İnanç,1980-,soccer,,
Efraín Velarde,1986-,soccer,,
Ego Ferguson,1991-,football,,
Eiji Kawashima,1983-,soccer,,
Ejike Uzoenyi,1988-,soccer,(Christantus),
Ekatarina Nemaškalo,1989-,handball,,
Ekaterina Makarova,1988-,tennis,,
Elchin Alizade,1986-,boxing,(Elçin),
Eldin Jakupović,1984-,soccer,,
Elemér Berkessy,1905-1993,soccer,"(Emili, Emilio)",
Elemér Szathmáry,1926-1971,swimming,,
Elena Piskun,1978-,gymnastics,"(Yelena, Mikhaylovna)",
Elgin Baylor,1934-,basketball,,
Eli Walker,1992-,rugby,,
Elieser Castillo,1973-,boxing,,
Elisabeth Pinedo,1981-,handball,,
Eliseu,1983-,soccer,,
Elizabeth Price,1996-,gymnastics,,
Elkin Soto,1980-,soccer,,
Elmar Geirsson,1948-,soccer,,
Elmer Lach,1918-2015,ice hockey,,
"Elroy ""Crazylegs"" Hirsch",1923-2004,football,,
Elston Howard,1929-1980,baseball,,
Elvin Hayes,1945-,basketball,,
Ema Klinec,1998-,skiing,,
Emanoil Hasoti,1932-,soccer,,
Emanuel Lasker,1868-1941,chess,,
Emeka Okafor,1982-,basketball,"(Chukwuemeka, Ndubuisi)",
Emil Forsberg,1991-,soccer,,
Emil Zátopek,1922-2000,track,,
Emiliano Rodríguez,1937-,basketball,,
Émilie Gomis,1983-,basketball,,
Emilio Izaguirre,1986-,soccer,(Arturo),
Emir Kujović,1988-,soccer,,
Emlen Tunnell,1925-1975,football,,
Emmanuel Agyemang-Badu,1990-,soccer,,
Emmanuel Nwodo,1974-,boxing,"(John, Chukuwuemeka)",
Emmeline Ndongue,1983-,basketball,,
Emmitt Thomas,1943-,football,,
Emre Güral,1989-,soccer,,
Endéné Miyem,1988-,basketball,,
Enis Hajri,1983-,soccer,,
Enos Slaughter,1916-2002,baseball,,
Enrique Margall,1944-1986,basketball,,
Enzo Pérez,1986-,soccer,(Nicolás),
Eoin Morgan,1986-,cricket,"(Joseph, Gerard)",
Ephraim Taukafa,1976-,rugby,(Ifalemi),
Epifanio García,1992-,soccer,(Ariel),
Ercan Aydogmus,1979-,soccer,,
Ereck Flowers,1994-,football,,
Erfan Ali,1983-,basketball,,
Erfan Zeneli,1986-,soccer,,
Eri Hozumi,1994-,tennis,,
Eric Caldow,1934-2019,soccer,,
Eric Dier,1994-,soccer,"(Jeremy, Edgar)",
Eric Holah,1937-,soccer,(Tansley),
Éric Tié Bi,1990-,soccer,,
Erik Durm,1992-,soccer,,
Erik Paartalu,1986-,soccer,(Endel),
Erkan Zengin,1985-,soccer,,
Ermin Bičakčić,1990-,soccer,,
Ernest Schmidt,1911-1986,basketball,,
Ernestas Šetkus,1985-,soccer,,
Ernie Banks,1931-2015,baseball,,
"Ernie ""Moose"" Johnson",1886-1963,ice hockey,,
Ernie Nevers,1902-1976,football,,
Ernie Stautner,1925-2006,football,,
Erwin Koeman,1961-,soccer,,
Eryk Williamson,1997-,soccer,(Tyrek),
Espen Andersen,1993-,skiing,,
Espen Knutsen,1972-,ice hockey,(Kjell),
Esteban Paredes,1980-,soccer,(Efraín),
Etrit Berisha,1989-,soccer,,
Eugene Galeković,1981-,soccer,"(Eugen, Josip)",
Eugenio Mena,1988-,soccer,(Esteban),
Eusébio da Silva Ferreira,1942-2014,soccer,,
Evald Tipner,1906-1947,soccer,,
Evander Holyfield,1962-,boxing,,
Evans Quinn,1983-,boxing,,
Everth Cabrera,1986-,baseball,,
Evgeni Malkin,1986-,ice hockey,,
Evgeniya Rodina,1989-,tennis,,
Evgeny Voronov,1986-,basketball,(Sergeevich),
Eyong Enoh,1986-,soccer,(Tarkang),
Ezequiel Lavezzi,1985-,soccer,(Iván),
Fabian Frei,1989-,soccer,,
Fabián Orellana,1986-,soccer,(Ariel),
Fabiano Caruana,1992-,chess,(Luigi),
Fabio Capello,1946-,soccer,,
Fabio Fognini,1987-,tennis,,
Fabrice Olinga,1996-,soccer,,
Fabricio Oberto,1975-,basketball,"(Raúl, Jesús)",
Facundo Roncaglia,1987-,soccer,(Sebastián),
Faifili Levave,1986-,rugby,,
Fangatapu Apikotoa,1983-,rugby,,
Farhaan Behardien,1983-,cricket,,
Faruk Hadžibegić,1957-,soccer,,
Faryd Mondragón,1971-,soccer,(Camilo),
Fatih Terim,1953-,soccer,,
Faustino Asprilla,1969-,soccer,"(Tino, Hernán)",
Feʻao Vunipola,1969-,rugby,"(Moe, Laru)",
Federico Fernández,1989-,soccer,,
Feiko Kloppenburg,1974-,cricket,,
Felice Gimondi,1942-2019,cycling,,
Feliciano López,1981-,tennis,,
Felipe Caicedo,1988-,soccer,(Salvador),
Felipe Massa,1981-,driving,,
Felipe Reyes,1980-,basketball,,
Femi Ilesanmi,1991-,soccer,"(Oluwafemi, Abayomi, Alaba)",
Ferenc Puskás,1927-2006,soccer,,
Ferid Chouchane,1973-,soccer,,
Feridun Buğeker,1933-2014,soccer,,
Fernando,1992-,soccer,(Lucas),
Fernando Bascou,1987-,rugby,,
Fernando Morientes,1976-,soccer,,
Fernando Ricksen,1976-2019,soccer,"(Jacob, Hubertina, Henrika)",
Fernando Torres,1984-,soccer,(José),
Fernie Flaman,1927-2012,ice hockey,(Ferdinand),
Fetu'u Vainikolo,1985-,rugby,(Moana),
Fidel Martínez,1990-,soccer,(Francisco),
Filip Král,1999-,ice hockey,,
Filip Zubčić,1993-,skiing,,
Filo Paulo,1987-,rugby,(Teofilo),
Fitzgerald Toussaint,1990-,football,,
Florence Lepron,1985-,basketball,,
Florian Kunz,1972-,field hockey,,
Florin Andone,1993-,soccer,,
Florin Mergea,1985-,tennis,,
Florin Vlaicu,1986-,rugby,(Adrian),
"Floyd Mayweather, Jr.",1977-,boxing,(Joy),
Forrest DeBernardi,1899-1970,basketball,,
Fourie du Preez,1982-,rugby,(Petrus),
Fran Tarkenton,1940-,football,,
Francesca Schiavone,1980-,tennis,,
"Francis ""King"" Clancy",1903-1986,ice hockey,,
Francis Severeyns,1968-,soccer,(Cisse),
Francisco Buscató,1940-,basketball,(Nino),
Francisco Javier Rodríguez,1981-,soccer,,
Franck Silvestre,1967-,soccer,(Claude),
Franco Harris,1950-,football,,
