Marko Pjaca,1995-,soccer,,
"Markus Lynn ""Mookie"" Betts",1992-,baseball,,
Markus Wheaton,1991-,football,(Levonte),
Maro Joković,1987-,water polo,,
Marqise Lee,1991-,football,,
Marques Haynes,1926-2015,basketball,,
Marqueston Huff,1992-,football,,
Marquinhos,1994-,soccer,(Marcos),
Marquise Goodwin,1990-,football,(Derell),
Marshall Faulk,1973-,football,,
Marta López,1990-,handball,,
Martavis Bryant,1991-,football,,
Martien Vreijsen,1955-,soccer,,
Martín Cáceres,1987-,soccer,(José),
Martín Demichelis,1980-,soccer,(Gastón),
Martin Harnik,1987-,soccer,,
Martin Järveoja,1987-,driving,,
Martín Landajo,1988-,rugby,,
Martín Silva,1983-,soccer,(Andrés),
Martin St. Louis,1975-,ice hockey,,
Martina Hingis,1980-,tennis,,
Martrell Spaight,1993-,football,,
Marty Marion,1917-2011,baseball,,
Marvan Atapattu,1970-,cricket,(Samson),
Marvin Harrison,1972-,football,,
Mary Joe Fernández,1971-,tennis,,
Masahiko Inoha,1985-,soccer,,
Masami Ihara,1967-,soccer,,
Masataka Mikami,1988-,rugby,,
Masato Morishige,1987-,soccer,,
Mason Crosby,1984-,football,(Walker),
Masoud Shojaei,1984-,soccer,(Soleimani),
Oyama Masutatsu,1923-1994,martial arts,"(Mas, Yeong-eui)",
Mate Parlov,1948-2008,boxing,,
Matekitonga Moeakiola,1978-,rugby,,
Mateo Sanguinetti,1992-,rugby,,
Matey Kaziyski,1984-,volleyball,,
Mathew Leckie,1991-,soccer,(Allan),
Mathias Bourgue,1994-,tennis,,
Mathieu Bastareaud,1988-,rugby,,
Mathieu Valbuena,1984-,soccer,,
Mati Lember,1985-,soccer,,
Matías Agüero,1981-,rugby,,
Matías Beer,1993-,rugby,,
Matías Fernández,1986-,soccer,(Ariel),
Mats Hummels,1988-,soccer,(Julian),
Matt Besler,1987-,soccer,"(Matthew, Scott)",
Matt Evans,1988-,rugby,,
Matt McKay,1983-,soccer,"(Matthew, Graham)",
Matt Scott,1990-,rugby,"(Matthew, Clive, McCrimmon)",
Matt Trouville,1986-,rugby,(Matthew),
Matteo Darmian,1989-,soccer,,
Matthew Špiranović,1988-,soccer,(Thomas),
Matthias Jaissle,1988-,soccer,,
Mattia De Sciglio,1992-,soccer,,
Mattias Andersson,1978-,handball,,
Mattias Zachrisson,1990-,handball,,
Matúš Kozáčik,1983-,soccer,,
Maureen Connolly,1934-1969,tennis,,
"Maurice ""Rocket"" Richard",1921-2000,ice hockey,,
Mauricio Isla,1988-,soccer,(Aníbal ),
Maurie Fa'asavalu,1980-,rugby,,
Mauro Bergamasco,1979-,rugby,,
Maverick Viñales,1995-,driving,,
Max Carey,1890-1976,baseball,,
Max Gradel,1987-,soccer,(Alain),
Max Mirnyi,1977-,tennis,(Maxim),
Max Unger,1986-,football,"(Maxwell, McCandless)",
Maxi Gnauck,1964-,gymnastics,,
Maxi Rodríguez,1981-,soccer,"(Maximiliano, Rubén)",
Maxim Trankov,1983-,skating,(Leonidovich),
Maxwell,1981-,soccer,(Scherrer),
Maya DiRado,1993-,swimming,"(Madeline, Jane)",
Maynor Figueroa,1983-,soccer,(Alexis),
McKenna Kelley,1997-,gymnastics,(Lane),
McNeil Hendricks,1973-,rugby,,
Mechislav Vizgird,1991-,soccer,(Mechislavovich),
Mehdi Mostefa,1983-,soccer,,
Mehmet Topal,1986-,soccer,,
Mel Blount,1948-,football,,
Mel Hein,1909-1992,football,,
Mel Renfro,1941-,football,,
Melik Janoyan,1985-,track,,
Melissa Metcalf,1996-,gymnastics,,
Memphis Depay,1994-,soccer,,
Mensur Mujdža,1984-,soccer,,
Merab Sharikadze,1993-,rugby,,
Merima Denboba,1974-,track,,
Merlin Olsen,1940-2010,football,,
Merve Tanıl,1990-,volleyball,,
"Mervyn ""Red"" Dutton",1897-1987,ice hockey,,
Mesut Özil,1988-,soccer,,
Metuisela Talebula,1991-,rugby,,
Michael Arroyo,1987-,soccer,,
Michael Barrantes,1983-,soccer,,
Michael Broadhurst,1986-,rugby,,
Michael Essien,1982-,soccer,(Kojo),
Michael Hooper,1991-,rugby,,
Michael Jordan,1963-,basketball,,
Michael Laudrup,1964-,soccer,,
Michaël Llodra,1980-,tennis,,
Michael Reiziger,1973-,soccer,,
Michael Stanley,1989-,rugby,,
Michael Uchebo,1990-,soccer,(Okechukwu),
Michael Venus,1987-,tennis,,
Michaëlla Krajicek,1989-,tennis,,
Michal Kadlec,1984-,soccer,,
Michalis Sifakis,1984-,soccer,,
Michel Platini,1955-,soccer,,
Michel Vorm,1983-,soccer,(Armand),
Michele Rizzo,1982-,rugby,,
Michelle Campi,1976-,gymnastics,,
Michu,1986-,soccer,(Miguel),
Mick Andrews,1944-,driving,,
Mick Tingelhoff,1940-,football,,
Mickey Cochrane,1903-1962,baseball,,
Mickey Welch,1859-1941,baseball,,
Miguel Cabrera,1983-,baseball,,
Miguel Ángel Ponce,1989-,soccer,,
Miguel Veloso,1986-,soccer,(Luís),
Mihai Lazăr,1986-,rugby,(Mihăiţă),
Mihai Pintilii,1984-,soccer,(Doru),
Mihály Korhut,1988-,soccer,,
Miho Bošković,1983-,water polo,,
Mikael Lustig,1986-,soccer,,
Mikaela Shiffrin,1995-,skiing,,
Mike Brown,1985-,rugby,"(Michael, Noel)",
Mike Ditka,1939-,football,,
Mike Glumac,1980-,ice hockey,(Michael),
Mike Havenaar,1987-,soccer,,
Mike Haynes,1953-,football,,
Mike McCarthy,1981-,rugby,,
Mike Michalske,1903-1983,football,(August),
Mike Morgan,1988-,football,"(Michael, Cantrel)",
Mike Mussina,1968-,baseball,,
Mike Petri,1984-,rugby,"(Michael, Zachary)",
Mike Piazza,1968-,baseball,,
Mike Schmidt,1949-,baseball,,
Mike Tamoaieta,1995-2019,rugby,,
Mike Trout,1991-,baseball,,
Mike Wallace,1986-,football,"(Burnell, Michael)",
Mikel San José,1989-,soccer,,
Mikhail Youzhny,1982-,tennis,,
Milan Badelj,1989-,soccer,,
Milan Škriniar,1995-,soccer,,
Milena Knežević,1990-,handball,,
Miljan Vukadinović,1992-,soccer,,
Milko Bjelica,1984-,soccer,,
Milorad Gajović,1974-,boxing,,
Milovan Rajevac,1954-,soccer,,
Milt Schmidt,1918-2017,ice hockey,,
Miltos Papapostolou,1936-,soccer,(Miltiadis),
Mimis Papaioannou,1942-,soccer,(Dimitris),
Miraç Kal,1987-,cycling,,
Miranda,1984-,soccer,(João),
Mirjana Milenković,1985-,handball,,
Mirko Jozić,1940-,soccer,,
Miroslav Dvořák,1951-2008,ice hockey,,
Miroslav Stoch,1989-,soccer,,
Mirza Džomba,1977-,handball,,
Mislav Bezmalinović,1967-,water polo,,
Mitch Richmond,1965-,basketball,"(Mitchell, James)",
Mitchell Langerak,1988-,soccer,(James),
Mithat Yıldırım,1966-,skiing,,
Mix Diskerud,1990-,soccer,"(Mikkel, Morgenstar)",
Mladen Petrić,1981-,soccer,,
Moeen Ali,1987-,cricket,(Munir),
Mohammadou Idrissou,1980-,soccer,,
Mohit Sharma,1988-,cricket,(Mahipal),
Moisés Muñoz,1980-,soccer,(Alberto),
Momi Zafran,1956-,soccer,,
Moneeb Iqbal,1986-,cricket,(Mohammed),
Monica Niculescu,1987-,tennis,,
Monte Barrett,1971-,boxing,,
Montell Griffin,1970-,boxing,(Julian),
"Mordecai ""Three Finger"" Brown",1876-1948,baseball,,
Morgan Parra,1988-,rugby,,
Ueshiba Morihei,1883-1969,martial arts,,
Morné Steyn,1984-,rugby,,
Mort Cooper,1913-1958,baseball,,
Moses Malone,1955-,basketball,,
Mousa Dembélé,1987-,soccer,,
Mubarak Wakaso,1990-,soccer,,
Muhamed Bešić,1992-,soccer,,
Muhsin Ertuğral,1959-,soccer,,
Mumin Aliyansyah,1989-,soccer,,
Murali Vijay,1984-,cricket,,
Muriel Grossfeld,1940-,gymnastics,(Evelyn),
Mushtaq Ahmed,1970-,cricket,,
Mychal Kendricks,1990-,football,"(Marvin, Christopher)",
MyCole Pruitt,1992-,football,,
Mykolas Ruzgys,1915-,basketball,,
Myles White,1990-,football,,
Nabil Bentaleb,1994-,soccer,,
Nabila Tizi,1984-,handball,,
Nacho,1990-,soccer,"(José, Ignacio)",
Nadia Fanchini,1986-,skiing,,
Nadin Dawani,1988-,martial arts,,
Nadiya Beshevli,1982-,swimming,,
Nadiya Stavko,1958-,swimming,"(Nadezhda, Hryhorivna)",
Naeem Islam,1986-,cricket,,
Nahuel Tetaz Chaparro,1989-,rugby,(Francisco),
Nail Khabibullin,1979-,soccer,(Raisovich),
Naile İvegin,1985-,basketball,,
Naim Kryeziu,1918-2010,soccer,,
Najee Goode,1989-,football,,
Nancy Lieberman,1958-,basketball,(Lizabeth),
Nani,1986-,soccer,"(Luís, Carlos)",
Nanyak Dala,1984-,rugby,,
Naohiro Takahara,1979-,soccer,,
Nap Lajoie,1874-1959,baseball,,
Naseem Hamed,1974-,boxing,,
Naser Aliji,1993-,soccer,(Ismail),
Nassim Akrour,1974-,soccer,,
Nassim Mendil,1979-,soccer,,
Nat Holman,1896-1995,basketball,,
Natascha Ragosina,1976-,boxing,"(Natalia, Yurievna)",
Nate Archibald,1948-,basketball,(Nathaniel),
Natela Dzalamidze,1993-,tennis,,
Nathan Hirayama,1988-,rugby,,
Nathaniel Clyne,1991-,soccer,(Edwin),
NaVorro Bowman,1988-,football,(Roderick),
Nazim Aliyev,1963-,soccer,,
Nazimuddin,1985-,cricket,(Mohammad),
Ndamukong Suh,1987-,football,,
Nebil Caidi,1988-,soccer,,
Nedim Hasanbegović,1988-,soccer,,
Nehe Milner-Skudder,1990-,rugby,(Rihara),
Neiko Thorpe,1990-,football,,
Neil Johnston,1929-1978,basketball,(Donald),
Neil Willey,1976-,swimming,,
Nellie Fox,1927-1975,baseball,,
J. J. Nelson,1992-,football,(Jamarcus),
Nelson Parraguez,1971-,soccer,(Rodrigo),
Nely Alberto,1983-,handball,(Carla),
Nemia Ranuku,1986-,rugby,"(Serelevu, Kenatale)",
Nenad Šoštarić,1959-,handball,,
Nera White,1935-,basketball,,
Nesar Ahmad Bahave,1984-,martial arts,,
Néstor Araujo,1991-,soccer,(Alejandro),
Netani Talei,1983-,rugby,(Edward),
Neymar,1992-,soccer,,
N'Golo Kanté,1991-,soccer,,
Niall McGinn,1987-,soccer,,
Nic Jacobs,1991-,football,"(Nicholas, Cozat, Marquis)",
Nick Bellore,1989-,football,"(Nicholas, Lalonde)",
Nick Buoniconti,1940-,football,,
Nick Fairley,1988-,football,"(Nicholas, Lachester)",
Nick O'Leary,1992-,football,(Nicklaus),
Nick Rimando,1979-,soccer,"(Nicholas, Paul)",
Nicklas Lidström,1970-,ice hockey,,
Nico Elvedi,1996-,soccer,,
Nico Rosberg,1985-,driving,,
Nicolae Stanciu,1993-,soccer,(Claudiu),
Nicolás Klappenbach,1982-,rugby,,
Nicolas Lombaerts,1985-,soccer,,
Nicolas Mas,1980-,rugby,,
Nicolás Sánchez,1988-,rugby,(Federico),
Nicole Melichar,1993-,tennis,,
Nigel de Jong,1984-,soccer,,
Niki Lauda,1949-,driving,"(Andreas, Nikolaus)",
Nikita Kucherov,1993-,ice hockey,,
Nikita Whitlock,1991-,football,(Nehemiah),
Niko Kranjčar,1984-,soccer,,
Nikola Karabatić,1984-,handball,,
Nikola Mektić,1988-,tennis,,
Nikola Pilić,1939-,tennis,,
Nikolaos Karabelas,1984-,soccer,(Nikos),
Nikoloz Basilashvili,1992-,tennis,,
Nikša Dobud,1985-,water polo,,
Niku Kruger,1991-,rugby,,
Nili Latu,1982-,rugby,('Otenili),
Nílton Santos,1925-2013,soccer,,
Ninoslav Milenković,1977-,soccer,,
Nitish Kumar,1994-,cricket,(Roenik),
Noe Gonzalez Alcoba,1979-,boxing,,
Nolan Ryan,1947-,baseball,,
Norah Flatley,2000-,gymnastics,(Irene),
Norberto Murara Neto,1989-,soccer,,
Norm Van Brocklin,1926-1983,football,,
"Norman Julius ""Boomer"" Esiason",1961-,football,,
Novak Đoković,1987-,tennis,,
Nuno Gomes,1976-,soccer,"(Miguel, Soares)",
Nuri Şahin,1988-,soccer,,
Nurmagomed Shanavazov,1965-,boxing,(Magomedsandovich),
Nurullah Sağlam,1966-,soccer,,
Nyck de Vries,1995-,driving,,
Obdulio Varela,1917-1996,soccer,,
Obum Gwacham,1991-,football,,
Oday Aboushi,1991-,football,,
Odise Roshi,1991-,soccer,,
Odrisamer Despaigne,1987-,baseball,,
Ogenyi Onazi,1992-,soccer,(Eddy),
Ognjen Kržić,1969-,water polo,,
Ognjen Vranješ,1989-,soccer,,
Oğuzhan Özyakup,1992-,soccer,,
Oldřich Nejedlý,1909-1990,soccer,,
Oleg Ivanov,1986-,soccer,,
Oleg Shatov,1990-,soccer,,
Oleksandr Kucher,1982-,soccer,,
Olga Savchuk,1987-,tennis,,
Oliver Bozanić,1989-,soccer,(John),
Oliver Marach,1980-,tennis,,
Oliver Seibert,1881-1944,ice hockey,,
Olivia Courtney,1992-,gymnastics,(Chauntelle),
Olivier Giroud,1986-,soccer,,
Oluwafemi Ajilore,1985-,soccer,"(Ebenezer, Femi)",
Omar Gonzalez,1988-,soccer,(Alejandro),
Omar Sívori,1935-2005,soccer,,
Onehunga Havili,1996-,rugby,,
Onur Kıvrak,1988-,soccer,(Recep),
O. J. Simpson,1947-,football,"(Orenthal, James)",
Orges Shehi,1977-,soccer,,
Oriol Junyent,1976-,basketball,,
Oriol Riera,1986-,soccer,,
Orlando Engelaar,1979-,soccer,,
Orleans Darkwa,1992-,football,,
Óscar Bagüí,1982-,soccer,(Dalmiro),
Óscar Duarte,1989-,soccer,(Esaú),
Óscar Granados,1985-,soccer,(Esteban),
Oscar Lewicki,1992-,soccer,,
Oscar Ruggeri,1962-,soccer,,
Oshri Gita,1985-,soccer,,
Osmay Acosta,1985-,boxing,,
Oswaldo Minda,1983-,soccer,(Tilson),
Otar Turashvili,1986-,rugby,,
Ott Tänak,1987-,driving,,
Otto Graham,1921-2003,football,,
Ousmane Viera,1986-,soccer,,
Ovidiu Tonița,1980-,rugby,,
Owa Odighizuwa,1992-,football,(Owamagbe),
Owen Farrell,1991-,rugby,,
Oxana Rakhmatulina,1976-,basketball,(Yevgeniyevna),
Ozren Bonačić,1942-,water polo,,
Ozzie Newsome,1956-,football,,
Paavo Nurmi,1897-1973,track,,
Pablo Carreño Busta,1991-,tennis,,
Pablo Matera,1993-,rugby,(Nicolás),
Paddy Jackson,1992-,rugby,"(David, Patrick, Lindsay, James)",
Paddy Moran,1877-1966,ice hockey,,
Paea Wolfgramm,1969-,boxing,,
Pam Bileck,1968-,gymnastics,"(Pamela, Jean)",
Panagiotis Kone,1987-,soccer,(Giorgios),
Pankaj Singh,1985-,cricket,,
Paolo Lorenzi,1981-,tennis,,
Paolo Rossi,1956-,soccer,,
Parvez Rasool,1989-,cricket,(Ghulam),
Pasqual Coco,1977-,baseball,,
Pat Cash,1965-,tennis,"(Patrick, Hart)",
Pat LaFontaine,1965-,ice hockey,,
Patrekur Jóhannesson,1972-,handball,,
Patrice Evra,1981-,soccer,(Latyr),
Patrick Ewing,1962-,basketball,(Aloysius),
Patrick Kane,1988-,ice hockey,,
Patrick Lambie,1990-,rugby,,
Patrick McEnroe,1966-,tennis,,
Patrick Pemberton,1982-,soccer,(Alberto),
Patrik Carlgren,1992-,soccer,,
Patrik Hrošovský,1992-,soccer,,
Pau Ribas,1987-,basketball,,
Paul Arizin,1928-2006,basketball,,
Paul Breitner,1951-,soccer,,
Paul Endacott,1902-1997,basketball,,
Paul Haarhuis,1966-,tennis,"(Vincent, Nicholas)",
Paul James,1982-,rugby,,
Paul Keres,1916-1975,chess,,
Paul-Henri Mathieu,1982-,tennis,,
Paul Morphy,1837-1884,chess,,
Paul Perez,1986-,rugby,(Lusi),
Paul Soliai,1983-,football,(Fuapapa),
Paul Waner,1903-1965,baseball,,
Paul Westphal,1950-,basketball,,
Paula Posavec,1996-,handball,,
Paulică Ion,1983-,rugby,,
Pauline Parmentier,1986-,tennis,,
"Paulo Henrique ""Ganso""",1989-,soccer,,
Pavel Bure,1971-,ice hockey,,
Pavel Mamayev,1988-,soccer,,
Pável Pardo,1976-,soccer,,
Peceli Yato,1993-,rugby,,
Pedro Rodríguez,1987-,soccer,(Eliezer),
Pejman Montazeri,1983-,soccer,,
Pelé,1940-,soccer,(Edson),
Peni Ravai,1990-,rugby,,
Pepe Reina,1982-,soccer,"(José, Manuel)",
Percy LeSueur,1881-1962,ice hockey,,
Perica Bukić,1966-,water polo,,
P. K. Subban,1989-,ice hockey,"(Pernell, Karl, Sylvester)",
Perpetua Nkwocha,1976-,soccer,(Ijeoma),
Petar Genov,1970-,chess,,
Petar Muslim,1988-,water polo,,
Pete Maravich,1947-1988,basketball,(Peter),
Pete Rose,1941-,baseball,,
Peter Arntz,1953-,soccer,,
Peter Forsberg,1973-,ice hockey,,
Peter Hoekstra,1973-,soccer,,
Peter Odemwingie,1981-,soccer,(Osaze),
Peter Pekarík,1986-,soccer,,
Peter Šťastný,1956-,ice hockey,,
Petr Čech,1982-,soccer,,
Petra Kvitová,1990-,tennis,,
Petri Varis,1969-,ice hockey,(Johannes),
Peyton Manning,1976-,football,(Williams),
Phil Esposito,1942-,ice hockey,,
Phil Jagielka,1982-,soccer,"(Philip, Nikodem)",
Phil Mack,1985-,rugby,,
Phil Niekro,1939-,baseball,,
Phil Thiel,1984-,rugby,(Phillip),
Philipp Kohlschreiber,1983-,tennis,"(Eberhard, Hermann)",
Philippe Gondet,1942-2018,soccer,,
Philippe Senderos,1985-,soccer,(Sylvain),
Phoebe Mills,1972-,gymnastics,,
Pierre-Hugues Herbert,1991-,tennis,,
Pierre Pilote,1931-2017,ice hockey,,
Pierre Webó,1982-,soccer,(Achille),
Piet Norval,1970-,tennis,(Pieter),
Piet Wildschut,1957-,soccer,,
Pikky Ya France,1990-,cricket,"(Helao, Nafidi)",
Piotr Zieliński,1994-,soccer,(Sebastian),
Pita Alatini,1976-,rugby,(Faiva-ki-moana),
Polat Kocaoğlu,1979-,basketball,,
Pontus Jansson,1991-,soccer,"(Sven, Gustav)",
Pontus Wernbloom,1986-,soccer,,
Preben Elkjaer Larsen,1957-,soccer,,
Priit Reiska,1970-,soccer,,
Prince Badi Ajamu,1972-,boxing,,
Prosper Utseya,1985-,cricket,,
Pylyp Budkivskyi,1992-,soccer,,
Wang Qiang,1992-,tennis,,
Quan Bray,1993-,football,,
Quanterus Smith,1989-,football,,
Quayshawn Nealy,1991-,football,,
Quim Costa,1957-,basketball,(Joaquim),
Quini,1949-2018,soccer,(Enrique),
Quinten Rollins,1992-,football,,
Quintin Geldenhuys,1981-,rugby,,
Quinton Dial,1990-,football,(Arnaz),
Rabah Slimani,1989-,rugby,,
Rabia Makhloufi,1986-,track,,
Rachael Sporn,1968-,basketball,(Pamela),
Rachel Jarry,1991-,basketball,,
Radivoj Korać,1938-1969,basketball,,
Radmila Miljanić-Petrović,1988-,handball,,
Rafa Silva,1993-,soccer,"(Rafael, Alexandre)",
Rafael Márquez,1979-,soccer,,
Rafael Nadal,1986-,tennis,,
Rafik Halliche,1986-,soccer,,
Ragheb Aga,1984-,cricket,(Gul),
Rahat Ali,1988-,cricket,,
Raheem Sterling,1994-,soccer,(Shaquille),
Rahman Ahmadi,1980-,soccer,,
Raïs M'Bolhi,1986-,soccer,"(Adi, Cobos, Adrien)",
B. J. Raji,1986-,football,"(Busari, Alamu)",
Rakeem Nunez-Roches,1993-,football,,
Rakhim Chakhkiev,1983-,boxing,(Ruslanovich),
Ralf Waldmann,1966-2018,driving,,
Ralph Sampson,1960-,basketball,,
Raluca Olaru,1989-,tennis,(Ioana),
Ramik Wilson,1992-,football,,
Ramiro Herrera,1989-,rugby,,
Ramon Azeez,1992-,soccer,(Olamilekan),
Randall Cobb,1990-,football,(Ladonald),
Randall McDaniel,1964-,football,,
Randy Johnson,1963-,baseball,,
Randy White,1953-,football,,
Rannell Hall,1993-,football,,
Raoul Loé,1991-,soccer,(Cédric),
Raphaël Varane,1993-,soccer,,
Rashaad Reynolds,1991-,football,,
Rashad Jennings,1985-,football,(Andre),
Ra'Shede Hageman,1990-,football,,
Rashid Sumaila,1992-,soccer,,
Rasim Kara,1950-,soccer,,
Rasual Butler,1979-2018,basketball,,
Ratomir Čabrić,1918-1990,soccer,,
Ratomir Tvrdić,1943-,basketball,,
Raúl Jiménez,1991-,soccer,(Alonso),
Raven Klaasen,1982-,tennis,,
Ravindra Jadeja,1988-,cricket,"(Ravindrasinh, Anirudhsinh)",
Ray Barkwill,1980-,rugby,(Raymond),
Ray Brown,1908-1965,baseball,,
Ray Flaherty,1903-1994,football,,
Ray Lewis,1975-,football,,
"""Sugar"" Ray Robinson",1921-1989,boxing,(Walker),
Ray Wilkins,1956-2018,soccer,"(Raymond, Colin)",
Rayan Frikeche,1991-,soccer,,
Raymond Berry,1933-,football,,
Ray-Ray Armstrong,1991-,football,(Aravious),
Rebecca Bross,1993-,gymnastics,,
Red Grange,1903-1991,football,,
Red Schoendienst,1923-2018,baseball,,
Refik Resmja,1931-1997,soccer,,
Reggie Jackson,1946-,baseball,,
Reggie White,1961-2004,football,,
"Reginald ""Red"" Horner",1909-2005,ice hockey,,
Reginaldo Araújo,1977-2016,soccer,,
Reinaldo Navia,1978-,soccer,(Marcelino),
Rémy Cabella,1990-,soccer,,
Renata Voráčová,1983-,tennis,,
Renato Sanches,1997-,soccer,(Júnior),
