Joe Stydahar,1912-1977,football,,
Joe Tekori,1983-,rugby,"(Joseph, Iosefa)",
Joe Thornton,1979-,ice hockey,,
Joe Tomane,1990-,rugby,"(Joseph, Malaki)",
Joe Webb,1986-,football,"(Joseph, Proctor)",
Joël Mall,1991-,soccer,,
Joël Veltman,1992-,soccer,(Ivo),
Johan Boskamp,1948-,soccer,,
Johan de Kock,1964-,soccer,,
Johan Jakobsson,1987-,handball,(Mikael),
Johan Sjöstrand,1987-,handball,,
Johanna Konta,1991-,tennis,,
Johannes van Heerden,1986-,rugby,(Petrus),
"John Franklin ""Home Run"" Baker",1886-1963,baseball,,
John Bosman,1965-,soccer,,
John Brodie,1935-,football,,
John Clarkson,1861-1909,baseball,,
John de Wolf,1962-,soccer,,
John Elway,1960-,football,,
John Hannah,1951-,football,,
John Havlicek,1940-,basketball,,
John Isaacs,1915-2009,basketball,,
John Henry Johnson,1929-2011,football,,
John Lotulelei,1991-,football,(Taufa),
John McEnroe,1959-,tennis,,
John Moonlight,1987-,rugby,,
John Peers,1988-,tennis,(William),
John Randle,1967-,football,,
John Roosma,1900-1983,basketball,,
John Schella,1947-2018,ice hockey,,
John Smoltz,1967-,baseball,,
"John ""Black Jack"" Stewart",1917-1983,ice hockey,(Jack),
John Stones,1994-,soccer,,
John van Loen,1965-,soccer,,
John Montgomery Ward,1860-1925,baseball,,
Johnathan Cyprien,1990-,football,,
Johnny Acosta,1983-,soccer,,
Johnny Bower,1924-2017,ice hockey,,
Johnny Evers,1881-1947,baseball,,
Johnny Leota,1984-,rugby,,
Johnny Mize,1913-1993,baseball,,
Johnny Robinson,1938-,football,,
Johnny Unitas,1933-2002,football,,
Johnson Bademosi,1990-,football,,
Jo Jo White,1946-2018,basketball,"(Joseph, Henry)",
Jon Welsh,1986-,rugby,,
Jonas Hector,1990-,soccer,(Matthias),
Jonas Larholm,1982-,handball,,
Jonathan Joseph,1991-,rugby,"(Byron, Alexander)",
Jonathan Ogden,1974-,football,,
Jonathan Sexton,1985-,rugby,,
Jonathan Tah,1996-,soccer,(Glao),
T. J. Jones,1992-,football,"(Tai-ler, Fitzgerald)",
Jonny Evans,1988-,soccer,"(Jonathan, Grant)",
Jonny Magallón,1981-,soccer,(José),
Jonny Williams,1993-,soccer,"(Jonathan, Peter)",
Jonty Rhodes,1969-,cricket,"(Jonathan, Neil)",
Joonas Suotamo,1986-,basketball,(Viljami),
Jordan Ayew,1991-,soccer,,
Jordan Chiles,2001-,gymnastics,"(Lucella, Elizabeth)",
Jordan Henderson,1990-,soccer,,
Jordan Norwood,1986-,football,"(Shea, Rashad)",
Jordi Cruijff,1974-,soccer,,
Jordi Villacampa,1963-,basketball,,
Jordy Nelson,1985-,football,,
Jorge Enríquez,1991-,soccer,,
Jorge Guagua,1981-,soccer,(Daniel),
Jorge Zerbino,1991-,rugby,,
Joris Mathijsen,1980-,soccer,,
José Altuve,1990-,baseball,,
José Calderón,1981-,basketball,(Manuel),
José Raúl Capablanca,1888-1942,chess,,
José Miguel Cubero,1987-,soccer,,
José Pedro Fuenzalida,1985-,soccer,,
José Méndez,1887-1928,baseball,,
José Mourinho,1963-,soccer,,
José Antonio Rodríguez,1992-,soccer,,
José Sosa,1952-2013,baseball,(Ynocencio),
José Uribe,1959-2006,baseball,(Altagracia),
Josef Masopust,1931-,soccer,,
Joseph Bonnel,1939-2018,soccer,,
Joseph Yobo,1980-,soccer,(Phillip),
Josh Donaldson,1985-,baseball,,
Josh Hamilton,1981-,baseball,,
Josh Magennis,1990-,soccer,,
Josh Strauss,1986-,rugby,"(Joshua, Zac)",
Joshua Furno,1989-,rugby,(Raffaele),
Josip Drmić,1992-,soccer,,
Josip Šimunić,1978-,soccer,,
Jovanka Radičević,1986-,handball,,
Jovica Trajčev,1981-,soccer,,
Jozy Altidore,1989-,soccer,"(Josmer, Volmy)",
Jrue Holiday,1990-,basketball,(Randall),
Juan Cuadrado,1988-,soccer,(Guillermo),
Juan Martín del Potro,1988-,tennis,,
Juan Martín Fernández Lobbe,1981-,rugby,,
Juan Manuel Gaminara,1989-,rugby,,
Juan González,1969-,baseball,,
Juan Hernangómez,1995-,basketball,"(Juancho, Alberto)",
Juan Jesus,1991-,soccer,(Guilherme),
Juan Marichal,1937-,baseball,,
Juan Pablo Montes,1985-,soccer,,
Juan Pablo Orlandi,1983-,rugby,,
Juan Fernando Quintero,1993-,soccer,,
Juan Pablo Socino,1988-,rugby,,
Juanfran,1985-,soccer,"(Juan, Francisco)",
Judit Polgár,1976-,chess,,
Judy Johnson,1899-1989,baseball,,
Julia Mancuso,1984-,skiing,(Marie),
Julian Draxler,1993-,soccer,,
Julián Montoya,1993-,rugby,,
Julian Weigl,1995-,soccer,,
Julianne McNamara,1965-,gymnastics,,
Julien Boutter,1974-,tennis,,
Júlio César,1979-,soccer,,
Julio Jones,1989-,football,"(Quintorris, Lopez)",
Julissa Gomez,1972-1991,gymnastics,(D'anne),
Julius Peppers,1980-,football,(Frazier),
Junaid Siddiqui,1985-,cricket,,
Júnior Díaz,1983-,soccer,(Enrique),
Junior Galette,1988-,football,(Jovais),
Junya Tanaka,1987-,soccer,,
Juraj Kucka,1987-,soccer,,
Jürgen Locadia,1993-,soccer,,
Just Fontaine,1933-,soccer,,
Justin Gilbert,1991-,football,(Rodrell),
Justin Holiday,1989-,basketball,(Alaric),
Justin Morneau,1981-,baseball,,
Justin Tipuric,1989-,rugby,,
Justin Verlander,1983-,baseball,,
Juwan Thompson,1992-,football,,
Jyrki Lumme,1966-,ice hockey,(Olavi),
Kacy Catanzaro,1990-,gymnastics,(Esther),
Ka'Deem Carey,1992-,football,,
Kagiso Rabada,1995-,cricket,,
Kaidi Jekimova,1979-,soccer,,
Kaja Jerina,1992-,soccer,,
Kaleb Eulls,1991-,football,(Lashun),
Kali Meehan,1970-,boxing,(Kalivati),
Kalin Shtarkov,1984-,soccer,,
Kam Chancellor,1988-,football,"(Kameron, Darnel)",
Kamar Aiken,1989-,football,,
Kamil Glik,1988-,soccer,(Jacek),
Kane Douglas,1989-,rugby,,
Kane Williamson,1990-,cricket,(Stuart),
Kantemir Lyauzhev,1986-,soccer,(Yuryevich),
Kapron Lewis-Moore,1990-,football,,
Kareem Abdul-Jabbar,1947-,basketball,"(Ferdinand, Lewis)",
Karen Khachanov,1996-,tennis,,
Kari Aalvik Grimsbø,1985-,handball,,
Karim Ansarifard,1990-,soccer,,
Karim Rekik,1994-,soccer,,
Karin Lichey,1977-,gymnastics,,
Karl-Heinz Rummenigge,1955-,soccer,,
Karlos Williams,1993-,football,,
Karne Hesketh,1985-,rugby,,
Karolína Plíšková,1992-,tennis,,
Karoline Dyhre Breivang,1980-,handball,,
Kasen Williams,1992-,football,,
Katarina Bulatović,1984-,handball,,
Katarina Srebotnik,1981-,tennis,,
Kateřina Siniaková,1996-,tennis,,
Kathleen MacLeod,1986-,basketball,,
Kathy Gleason,1949-,gymnastics,,
Kathy Johnson,1959-,gymnastics,"(Katherine, Ann)",
Katie Smith,1974-,basketball,,
Katrina McClain,1965-,basketball,,
Kaveh Rezaei,1992-,soccer,,
Kawann Short,1989-,football,(Arcell),
Kayla DiCello,2004-,gymnastics,,
Kayvon Webster,1991-,football,,
Kazuyoshi Miura,1967-,soccer,,
Keanu Asing,1993-,surfing,,
Keanu Marsh-Brown,1992-,soccer,(Marqheal),
Keavon Milton,1990-,football,,
Kedric Golston,1983-,football,,
Keenan Allen,1992-,football,,
Keenan Robinson,1989-,football,,
Kees Kuijs,1931-,soccer,"(Cornelis, Johannes)",
Keiren Westwood,1984-,soccer,,
Keita Inagaki,1990-,rugby,,
Keith Earls,1987-,rugby,(Gerard),
Keith Smith,1992-,football,(Alton),
Kelcy Quarles,1992-,football,,
Kellen Clemens,1983-,football,(Vincent),
Kelli Hill,1960-,gymnastics,,
Kelly Pavlik,1982-,boxing,(Robert),
Kelvin Hayden,1983-,football,(Darnell),
Ken Anderson,1949-,football,,
Ken Caminiti,1963-2004,baseball,,
Ken Flach,1963-2018,tennis,"(Kenneth, Eliot)",
Ken Houston,1944-,football,,
Ken Pisi,1989-,rugby,"(Kenneth, Siaosi)",
Ken Rosewall,1934-,tennis,,
Ken Stabler,1945-2015,football,,
Kenan Özer,1987-,soccer,,
Kenan Sipahi,1995-,basketball,,
Kendall Beck,1981-,gymnastics,(Rhea),
Kendall Langford,1986-,football,(Arkel),
Kenjon Barner,1989-,football,,
Kennard Backman,1993-,football,,
K. C. Jones,1932-,basketball,(Kenneth),
Kenny Easley,1959-,football,,
Kenrick Ellis,1987-,football,,
Keone Kela,1993-,baseball,,
Kerri Strug,1977-,gymnastics,(Allyson),
Kertson Manswell,1976-,boxing,,
Kerwynn Williams,1991-,football,"(Arthur, Logan)",
Lee Keun-ho,1985-,soccer,,
Kevin Anderson,1986-,tennis,,
Kevin-Prince Boateng,1987-,soccer,,
Kevin De Bruyne,1991-,soccer,,
Kevin Garnett,1976-,basketball,,
Kevin Großkreutz,1988-,soccer,,
Kevin Lowe,1959-,ice hockey,,
Kevin Mawae,1971-,football,,
Kevin Mirallas,1987-,soccer,"(Antonio, Joel, Gislain, y)",
Kevin Wimmer,1992-,soccer,,
Keylor Navas,1986-,soccer,(Antonio),
Khalif Barnes,1982-,football,(Ehmad),
Khari Lee,1992-,football,,
Khosro Heydari,1983-,soccer,,
Kick Langeweg,1937-,chess,"(Christiaan, Gerrit)",
Kick van der Vall,1946-,soccer,"(Christiaan, Alfred)",
Kieran Modra,1972-2019,cycling,,
Kieron Pollard,1987-,cricket,(Adrian),
Kiko Alonso,1990-,football,(Kristian),
Kim Clijsters,1983-,tennis,,
Kim Källström,1982-,soccer,(Mikael),
Kimario McFadden,1991-,football,,
Kimi Räikkönen,1979-,driving,(Matias),
Kingsley Coman,1996-,soccer,,
Kiralee Hayashi,1978-,gymnastics,(Mayumi),
Kirk Gibson,1957-,baseball,,
Kisho Yano,1984-,soccer,,
Kitt O'Brien,1990-,football,,
Kjetil Jansrud,1985-,skiing,,
Knile Davis,1991-,football,,
Kobe Bryant,1978-2020,basketball,(Bean),
Koen Casteels,1992-,soccer,,
Kolbeinn Sigþórsson,1990-,soccer,,
Kolo Touré,1981-,soccer,(Habib),
Kondwani Chiwina,1979-,track,,
Konnor McClain,2005-,gymnastics,,
Konstantin Mikautadze,1991-,rugby,,
Kony Ealy,1991-,football,,
Korana Longin-Zanze,1973-,basketball,,
Kornel Saláta,1985-,soccer,,
Kosei Ono,1987-,rugby,,
Kostas Manolas,1991-,soccer,(Konstantinos),
Kourtnei Brown,1988-,football,,
Kraigg Brathwaite,1992-,cricket,(Clairmonte),
Kris Benson,1974-,baseball,"(Kristin, James)",
Krishmar Santokie,1984-,cricket,,
Kristhian Ramón Reyes,1982-,soccer,,
Kristie Phillips,1972-,gymnastics,,
Kristína Kučová,1990-,tennis,,
Kristina Plahinek,1992-,handball,,
Kristine Lunde-Borgersen,1980-,handball,,
Kristof Vandewalle,1985-,cycling,,
Krisztián Németh,1989-,soccer,,
Krunoslav Jurčić,1969-,soccer,(Kruno),
Krzysztof Zimnoch,1983-,boxing,,
Kubrat Pulev,1981-,boxing,,
Kuli Faletau,1963-,rugby,,
Kunle Odunlami,1990-,soccer,,
Kurt Warner,1971-,football,,
Kurtley Beale,1989-,rugby,(James),
Kusal Perera,1990-,cricket,,
Kwadwo Asamoah,1988-,soccer,(Kojo),
Kwon Alexander,1994-,football,,
Kyle Busch,1985-,driving,,
Kyle Gilmour,1988-,rugby,,
Kyle Walker,1990-,soccer,,
Kylie Dickson,1999-,gymnastics,(Rei),
Kyshoen Jarrett,1993-,football,,
Kyuji Fujikawa,1980-,baseball,,
Lacina Traoré,1990-,soccer,,
LaDainian Tomlinson,1979-,football,,
Ladarius Gunter,1992-,football,,
Ladislav Krejčí,1992-,soccer,,
Lahiru Thirimanne,1989-,cricket,"(Hettige, Don, Rumesh)",
Lajos Dunai,1942-2000,soccer,,
Lakis Petropoulos,1932-1996,soccer,(Vasilis),
Lamar Odom,1979-,basketball,(Joseph),
Lamarr Houston,1987-,football,(Frederick),
Lameck Onyango,1973-,cricket,,
Lamin Barrow,1990-,football,(Samboujang),
Lamine Sakho,1977-,soccer,,
Lana Franković,1991-,handball,,
Lance Briggs,1980-,football,(Marell),
Landry N'Guémo,1985-,soccer,(Joel),
Lanny McDonald,1953-,ice hockey,,
Lara Gut,1991-,skiing,,
Larisa Latynina,1934-,gymnastics,,
LaRon Byrd,1989-,football,,
Larry Allen,1971-,football,,
Larry Brown,1947-,football,,
Larry Doby,1923-2003,baseball,,
Larry Murphy,1961-,ice hockey,,
Larry Walker,1966-,baseball,,
Lasha Khmaladze,1988-,rugby,,
Lasha Malaghuradze,1986-,rugby,,
Lassana Diarra,1985-,soccer,,
Latavius Murray,1990-,football,,
Laura Feiersinger,1993-,soccer,,
Laura Robson,1994-,tennis,,
Lauren Davis,1993-,tennis,,
Lauren Jackson,1981-,basketball,,
Laurent Koscielny,1985-,soccer,,
Laurie Hernandez,2000-,gymnastics,"(Lauren, Zoe)",
Lautaro Martínez,1997-,soccer,(Javier),
Lavinia Miloșovici,1976-,gymnastics,(Corina),
Lawrence Taylor,1959-,football,,
Lazaros Christodoulopoulos,1986-,soccer,,
Leandro Damião,1989-,soccer,,
Learie Constantine,1901-1971,cricket,(Nicholas),
Ledian Memushaj,1986-,soccer,,
Lee Hodson,1991-,soccer,,
Lee Smith,1957-,baseball,,
LeGarrette Blount,1986-,football,(Montez),
Leigh Halfpenny,1988-,rugby,(Stephen),
Lem Barney,1945-,football,,
Lemuel Jeanpierre,1987-,football,,
Len Ford,1926-1972,football,,
Lenny Moore,1933-,football,,
Leo Boivin,1932-,ice hockey,,
Leobardo López,1983-,soccer,,
Leon Day,1916-1995,baseball,,
Leon Hall,1984-,football,"(Lastarza, Lafayette, Lorenzo)",
Leonardo Bonucci,1987-,soccer,,
Leonardo Sarto,1992-,rugby,,
Leone Nakarawa,1988-,rugby,,
Leonida Pallotta,1910-?,soccer,(Mario),
Leposava Glušica,1982-,handball,,
Leroy Fer,1990-,soccer,(Johan),
Leroy Sané,1996-,soccer,,
LeSean McCoy,1988-,football,(Kamel),
Lester Patrick,1883-1960,ice hockey,,
Letroy Guion,1987-,football,,
Levan Chilachava,1991-,rugby,,
Levani Botia,1989-,rugby,,
Levine Toilolo,1991-,football,,
Lexie Priessman,1997-,gymnastics,"(Alexis, Amber)",
Liam Messam,1984-,rugby,(Justin),
Liam Underwood,1991-,rugby,,
Liassine Cadamuro-Bentaïba,1988-,soccer,,
Liemarvin Bonevacia,1989-,track,,
Limbikani Mzava,1993-,soccer,,
Linc Blakely,1912-1976,baseball,"(Lincoln, Howard)",
Lindsay Davenport,1976-,tennis,,
Linn-Kristin Riegelhuth Koren,1984-,handball,,
Lino Červar,1950-,handball,,
Lionel Conacher,1900-1954,ice hockey,,
Lisa Leslie,1972-,basketball,,
Lisiate Tafa,1979-,rugby,,
Lizzy LeDuc,1997-,gymnastics,"(Elizabeth, Consuelo)",
Ljubiša Vukelja,1983-,soccer,,
Lloimincia Hall,1993-,gymnastics,(D'Chelle),
Lloyd Williams,1989-,rugby,,
Logan Paulsen,1987-,football,(Sindre),
Loïc Feudjou,1992-,soccer,(Maxime),
Lokesh Rahul,1992-,cricket,,
Lonnie Ballentine,1993-,football,,
Lood de Jager,1992-,rugby,(Lodewyk),
Lorenzo Cittadini,1982-,rugby,,
Lorik Cana,1983-,soccer,(Agim),
Lothar Matthäus,1961-,soccer,,
Lou Brock,1939-,baseball,,
Lou Gehrig,1903-1941,baseball,,
Lou Marson,1986-,baseball,"(Louis, Glenn)",
Louis Picamoles,1986-,rugby,,
Louis Stanfill,1985-,rugby,,
Loukas Vyntra,1981-,soccer,,
Luan Krasniqi,1971-,boxing,,
Luc Castaignos,1992-,soccer,,
Luca Morisi,1991-,rugby,,
Lucas Digne,1993-,soccer,,
Lucas Leiva,1987-,soccer,,
Lucas Noguera Paz,1993-,rugby,,
Lucas Vázquez,1991-,soccer,,
Lucian Sânmărtean,1980-,soccer,(Iulian),
Lucie Hradecká,1985-,tennis,,
Lucille Hamilton,1969-,basketball,,
Ludo Loos,1955-2019,cycling,,
Luigi Riva,1944-,soccer,,
Luis Aparicio,1934-,baseball,,
Luís Figo,1972-,soccer,,
Luis López Fernández,1993-,soccer,(Aurelio),
Luis Muriel,1991-,soccer,(Fernando),
Luis Amaranto Perea,1979-,soccer,,
Luis Saritama,1983-,soccer,,
Luis Suárez,1987-,soccer,(Alberto),
Luiz Gustavo,1987-,soccer,,
Luka Modrić,1985-,soccer,,
Lukas Podolski,1985-,soccer,"(Łukasz, Josef, Józef )",
Łukasz Fabiański,1985-,soccer,,
Łukasz Piszczek,1985-,soccer,,
Luke Charteris,1983-,rugby,,
Luke McCullough,1994-,soccer,,
Luke Romano,1986-,rugby,,
Luke Thompson,1981-,rugby,,
Lütfi Arıboğan,1961-,basketball,,
Lwazi Mvovo,1986-,rugby,(Ncedo),
Lynette Woodard,1959-,basketball,,
Lynn Patrick,1912-1980,ice hockey,,
Lyudmyla Kichenok,1992-,tennis,,
Maama Molitika,1974-,rugby,"(Ma'ama, Kalafi)",
Maarten Stekelenburg,1982-,soccer,,
Mac Williamson,1990-,baseball,"(Johnathan, Mackensey)",
Maciel Pereira,1944-2002,basketball,(Ubiratan),
Mackenzie Caquatto,1992-,gymnastics,,
Macnelly Torres,1984-,soccer,,
Madalitso Mkoloma,1985-,soccer,(Andrew),
Maddy Curley,1981-,gymnastics,"(Madelyn, Jane)",
Madiea Ghafoor,1992-,track,,
Madison Desch,1997-,gymnastics,,
Madison Kocian,1997-,gymnastics,(Taylor),
Mafileo Kefu,1983-,rugby,,
Magdalena Maleeva,1975-,tennis,,
Maggie Nichols,1997-,gymnastics,"(Margaret, Mary)",
Magnus Carlsen,1990-,chess,(Sven),
Magnus Norman,1976-,tennis,,
Mahendra Singh Dhoni,1981-,cricket,,
Mahir Jasem,1989-,soccer,,
Mahmudullah Riyad,1986-,cricket,(Mohammad),
Maile O'Keefe,2002-,gymnastics,(Suzanne),
Maja Savić,1976-,handball,,
Majda Mehmedović,1990-,handball,,
Major Ritchie,1870-1955,tennis,"(Josiah, George)",
Makar Honcharenko,1912-1997,soccer,,
Makoto Ninomiya,1994-,tennis,,
Malachi Jones,1989-,cricket,(Olin),
Malakai Ravulo,1983-,rugby,,
Malcolm Johnson,1992-,football,(Jamaine),
Malek Jaziri,1984-,tennis,,
Malik Scott,1980-,boxing,(Dohonna),
Malliciah Goodman,1990-,football,,
Mamuka Gorgodze,1984-,rugby,,
Mana Otai,1968-,rugby,"(Kolo-Ki-Lakepa, Manakaetau, Filipe)",
Manch Wheeler,1939-2018,football,"(Manchester, Haynes)",
Mansour Bahrami,1956-,tennis,,
Manu Leiataua,1986-,rugby,,
Manuel Aller,1963-,basketball,(Angel),
Manuel Neuer,1986-,soccer,,
Marat Safin,1980-,tennis,,
Marc Gasol,1985-,basketball,,
Marc López,1982-,tennis,,
Marc-André ter Stegen,1992-,soccer,,
Marcel Dionne,1951-,ice hockey,,
Marcel Hirscher,1989-,skiing,,
Marcel Sabitzer,1994-,soccer,,
Marcello Lippi,1948-,soccer,,
Marcelo Bosch,1984-,rugby,(Tristán),
Marcelo Demoliner,1989-,tennis,,
Marcelo Melo,1983-,tennis,,
Marchant de Lange,1990-,cricket,,
Marcin Matkowski,1981-,tennis,,
Marco Fuser,1991-,rugby,,
Marco Reus,1989-,soccer,,
Marco Ureña,1990-,soccer,(Danilo),
Marco Verratti,1992-,soccer,,
Marcos Baghdatis,1985-,tennis,,
Marcos Rojo,1990-,soccer,(Faustino),
Marcus Berg,1986-,soccer,,
Marcus Easley,1987-,football,(Landon),
Marcus Mariota,1993-,football,"(Ardel, Tafuna, Taulauniu)",
Marcus Rashford,1997-,soccer,,
Marek Hamšík,1987-,soccer,,
Margalita Chakhnashvili,1982-,tennis,,
Margaret Duff,1917-,gymnastics,,
Margus Hunt,1987-,football,,
Maria Höfl-Riesch,1984-,skiing,,
María José Martínez Sánchez,1982-,tennis,,
Maria Sharapova,1987-,tennis,,
Mariano Andújar,1983-,soccer,,
Mariano Rivera,1969-,baseball,,
Marie Kibler,1912-1978,gymnastics,(Martha),
Marijan Beneš,1951-,boxing,,
Marin Tomasov,1987-,soccer,,
Marina Glavan,1991-,handball,,
Mario Ančić,1984-,tennis,,
Mario Balotelli,1990-,soccer,,
Mario Gómez,1985-,soccer,,
Mario Kasun,1980-,basketball,,
Mario Lemieux,1965-,ice hockey,,
Mario Martínez,1989-,soccer,(Roberto),
Mario Melchiot,1976-,soccer,,
Mario Trebbi,1939-2018,soccer,,
Marion Laborde,1986-,basketball,,
Marissa Oakley,1999-,gymnastics,,
Marius Antonescu,1992-,rugby,(Constantin),
Mariusz Stępiński,1995-,soccer,,
Mark Bresciano,1980-,soccer,,
Mark Howe,1955-,ice hockey,,
Mark Milligan,1985-,soccer,(Daniel),
Mark Petchey,1970-,tennis,"(Rodney, James)",
Mark Recchi,1968-,ice hockey,,
Mark Woodforde,1965-,tennis,(Raymond),
Marko Arnautović,1989-,soccer,,
