Francois Louw,1985-,rugby,,
Franjo Arapović,1965-,basketball,,
Frank Bagnack,1995-,soccer,(Macky),
Frank Brimsek,1913-1998,ice hockey,,
Frank de Boer,1970-,soccer,,
Frank Fredrickson,1895-1979,ice hockey,,
Frank Gifford,1930-2015,football,,
Frank Gore,1983-,football,"(Franklin, Delano)",
"Frank ""Bruiser"" Kinard",1914-1985,football,,
Frank Mahovlich,1938-,ice hockey,,
Frank McGee,1882-1916,ice hockey,,
Frank Ramsey,1931-2018,basketball,,
Frank Rijkaard,1962-,soccer,,
Frank Thomas,1968-,baseball,,
Frankie Frisch,1898-1973,baseball,(Francis),
Frano Vićan,1976-,water polo,,
Frans Thijssen,1952-,soccer,,
Franz Beckenbauer,1945-,soccer,,
Fraser Forster,1988-,soccer,(Gerard),
Fred Biletnikoff,1943-,football,,
"Fred ""Bun"" Cook",1903-1988,ice hockey,,
Fred Lynn,1952-,baseball,,
"Fred ""Steamer"" Maxwell",1890-1975,ice hockey,,
Fred Scanlan,1877-1950,ice hockey,,
Freddie Lindstrom,1905-1981,baseball,,
Frédéric Michalak,1982-,rugby,,
Fredrik Petersen,1983-,handball,,
Fredy Hinestroza,1990-,soccer,,
Frickson Erazo,1988-,soccer,(Rafael),
Friday Ahunanya,1971-,boxing,(Chinedu),
Friedo Dörfel,1915-1980,soccer,"(Franz, Ferdinand)",
Fritz Pollard,1894-1986,football,,
Frostee Rucker,1983-,football,(Lynn),
Fulgencio Zúñiga,1977-,boxing,,
Fyodor Kudryashov,1987-,soccer,,
Gabby Hartnett,1900-1972,baseball,,
Gabe Holmes,1991-,football,"(Gabrison, Brig)",
Gábor Király,1976-,soccer,,
Gabriel Paletta,1986-,soccer,(Alejandro),
Gabriel Vasconcelos Ferreira,1992-,soccer,,
Gaël Fickou,1994-,rugby,,
Gaëtan Bong,1988-,soccer,,
Gale Sayers,1943-,football,,
Gannon Sinclair,1993-,football,,
Gardnar Mulloy,1913-2016,tennis,(Putnam),
Gareth Bale,1989-,soccer,(Frank),
Gareth McAuley,1979-,soccer,(Gerald),
Garnet Bailey,1948-2001,ice hockey,(Edward),
Garnet Hathaway,1991-,ice hockey,(John),
Garrett Gilbert,1991-,football,,
Garrison Sanborn,1985-,football,,
Garry Kasparov,1963-,chess,,
Gary Carter,1954-2012,baseball,,
Gary Medel,1987-,soccer,(Alexis),
Gary Player,1935-,golf,,
Gary Zimmerman,1961-,football,,
Gastón Mieres,1989-,rugby,,
Gaston Taument,1970-,soccer,,
Gautam Gambhir,1981-,cricket,,
Gavin Escobar,1991-,football,,
Gaylord Perry,1938-,baseball,,
Gélson Fernandes,1986-,soccer,,
Gene Sarazen,1902-1999,golf,,
Geneo Grissom,1992-,football,,
Gennadi Karponosov,1950-,skating,(Mikhailovich),
Gentrit Citaku,1996-,soccer,,
Geoff Cameron,1985-,soccer,"(Geoffrey, Scott)",
Geoff Parling,1983-,rugby,,
George Armstrong,1930-,ice hockey,,
George Best,1946-2005,soccer,,
George Brett,1953-,baseball,,
George Connor,1925-2003,football,,
George Ford,1993-,rugby,(Thomas),
George Foster,1948-,baseball,,
George Hainsworth,1895-1950,ice hockey,,
George Hay,1898-1975,ice hockey,,
George Kelly,1895-1984,baseball,,
George McAfee,1918-2009,football,,
George McNamara,1886-1952,ice hockey,,
George Musso,1910-2000,football,,
George Pisi,1986-,rugby,(Tala'ave),
"George Herman ""Babe"" Ruth",1895-1948,baseball,(Babe),
George Trafton,1896-1971,football,,
George Wright,1847-1937,baseball,,
Georges Boucher,1896-1960,ice hockey,(George),
Georgi Shchennikov,1991-,soccer,,
Georginio Wijnaldum,1990-,soccer,"(Gregion, Emile)",
Georgios Tzavellas,1987-,soccer,,
Geraldine Heaney,1967-,ice hockey,,
Gerardo Flores,1986-,soccer,,
Geremi,1978-,soccer,(Sorele),
Gergő Lovrencsics,1988-,soccer,,
Gerod Holliman,1994-,football,,
Gerónimo Rulli,1992-,soccer,,
Gerry Cheevers,1940-,ice hockey,,
Gert Blomé,1934-,ice hockey,(Arne),
Gervinho,1987-,soccer,"(Gervais, Yao)",
Gevorg Ghazaryan,1988-,soccer,,
Gheorghe Hagi,1965-,soccer,,
Giacobbe Fragomeni,1969-,boxing,,
Giancarlo Stanton,1989-,baseball,,
Gianni Rivera,1943-,soccer,(Giovanni),
Giannis Fetfatzidis,1990-,soccer,(Ioannis),
Gianpiero Combi,1902-1956,soccer,,
Gilbert Perreault,1950-,ice hockey,,
Gilles Müller,1983-,tennis,,
Gilles Villeneuve,1950-1982,driving,,
Gino Bartali,1914-2000,cycling,,
Gioele Celerino,19xx-,rugby,,
Giora Antman,1962-,soccer,,
Giorgi Begadze,1986-,rugby,,
Giorgi Nemsadze,1984-,rugby,,
Giorgi Tkhilaishvili,1991-,rugby,,
Giorgos Karagounis,1977-,soccer,(Georgios),
Giovani Bernard,1991-,football,(Govan),
Giovanni Trapattoni,1939-,soccer,,
Giuseppe Bergomi,1963-,soccer,,
"Givanildo ""Hulk"" Vieira de Souza",1986-,soccer,,
"Glen ""Turk"" Edwards",1907-1973,football,,
Glenn Anderson,1960-,ice hockey,,
Glenn Hall,1931-,ice hockey,,
Glover Quin,1986-,football,(Freeman),
Godfrey Oboabona,1990-,soccer,(Itama),
Gökhan Gönül,1985-,soccer,,
Göksu Türkdoğan,1985-,soccer,,
Gonzalo Fierro,1983-,soccer,(Antonio),
Gonzalo Higuaín,1987-,soccer,(Gerardo),
Gonzalo Sagi-Vela,1950-,basketball,,
Goran Perkovac,1962-,handball,,
Goran Šprem,1979-,handball,,
"Gord ""Phat"" Wilson",1895-1970,ice hockey,(Gordon),
Gordie Drillon,1913-1986,ice hockey,(Gordon),
Gordon Banks,1937-,soccer,,
Gordon McRorie,1988-,rugby,,
Gordon Roberts,1891-1966,ice hockey,,
Gøril Snorroeggen,1985-,handball,,
Gōtoku Sakai,1991-,soccer,,
Grace McCallum,2002-,gymnastics,,
Graciano Rocchigiani,1963-,boxing,,
Graeme Langlands,1941-2018,rugby,(Frank),
Graham Drinkwater,1875-1946,ice hockey,,
Graham Hill,1929-1975,driving,,
Granit Xhaka,1992-,soccer,,
Grant Gilchrist,1990-,rugby,(Stuart),
Graziano Pellè,1985-,soccer,,
Greg Holmes,1983-,rugby,(Gregory),
Greg Peterson,1991-,rugby,(Gregory),
Gregoor van Dijk,1981-,soccer,,
Greig Laidlaw,1985-,rugby,,
Grover Cleveland Alexander,1887-1950,baseball,,
Grzegorz Lato,1950-,soccer,,
Guido Petti Pagadizábal,1994-,rugby,,
Guilherme dos Santos Torres,1991-,soccer,,
Guillaume Gille,1976-,handball,(Alain),
Guillem Vives,1993-,basketball,,
Guillermo Ochoa,1985-,soccer,(Francisco),
Gunnar Nordahl,1921-1995,soccer,,
Gus Johnson,1938-1987,basketball,,
Guus Hiddink,1946-,soccer,,
Güvenç Kurtar,1950-,soccer,,
Guy Chamberlin,1894-1967,football,,
Guy Lapointe,1948-,ice hockey,,
Guy Rodgers,1935-2001,basketball,,
György Garics,1984-,soccer,(Jurica),
Ha Ha Clinton-Dix,1992-,football,"(Ha'Sean, Treshon)",
Hajime Hosogai,1986-,soccer,,
Hakan Balta,1983-,soccer,(Kadir),
Hakeem Nicks,1988-,football,(Amir),
Hal Greer,1936-2018,basketball,"(Harold, Everett)",
Hal Robson-Kanu,1989-,soccer,"(Thomas, Henry, Alex)",
Hale Irwin,1945-,golf,,
Halime Zülal Zeren,1995-,swimming,,
Haloti Ngata,1984-,football,(Etuini),
Hamish Rutherford,1989-,cricket,(Duncan),
Hamit Şare,1982-,skiing,,
Hanae Ito,1985-,swimming,,
Handré Pollard,1994-,rugby,,
Hank Aaron,1934-,baseball,,
Hank Sauer,1917-2001,baseball,,
Hannes Kolehmainen,1889-1966,track,,
Hans Podlipnik-Castillo,1988-,tennis,,
Hansie Cronje,1969-2002,cricket,"(Wessel, Johannes)",
Haralambie Eftimie,1934-,soccer,,
Haris Seferović,1992-,soccer,,
"Harlan ""Pat"" Page",1887-1965,basketball,(Pat),
Harold Baines,1959-,baseball,,
"Harold ""Bud"" Foster",1906-1996,basketball,(Bud),
"Harold ""Bullet Joe"" Simpson",1893-1973,ice hockey,(Joe),
Haroon Rasheed,1953-,cricket,,
Harrison Smith,1989-,football,,
Harry Cameron,1890-1953,ice hockey,,
Harry Gallatin,1927-2015,basketball,,
"Harry ""Hap"" Holmes",1892-1941,ice hockey,,
Harry Howell,1932-,ice hockey,,
"Harry ""Buddy"" Jeannette",1917-1998,basketball,(Buddy),
Harry Kane,1993-,soccer,,
Harry Oliver,1898-1985,ice hockey,,
"Harry ""Moose"" Watson",1898-1957,ice hockey,"(Harold, Ellis)",
"Harry ""Rat"" Westwick",1876-1957,ice hockey,,
Harun Tekin,1989-,soccer,,
"Harvy ""Busher"" Jackson",1911-1966,ice hockey,,
Hashim Amla,1983-,cricket,(Mohammad),
Hassan Yebda,1984-,soccer,,
Hau'oli Kikaha,1992-,football,,
Hayden Smith,1985-,rugby,,
"Hazen ""Kiki"" Cuyler",1898-1950,baseball,(Kiki),
Heather Watson,1992-,tennis,(Miriam),
"Hector ""Toe"" Blake",1912-1995,ice hockey,,
Héctor Moreno,1988-,soccer,(Alfredo),
Hedwiges Maduro,1985-,soccer,,
Heinie Manush,1901-1971,baseball,,
Hélder Postiga,1982-,soccer,(Manuel),
Helena Suková,1965-,tennis,,
Hélio Castroneves,1975-,driving,,
Hendrik Tui,1987-,rugby,,
Henno Jordaan,1988-,cricket,"(Hendrik, Johannes)",
Henri Bedimo,1984-,soccer,,
Henri Leconte,1963-,tennis,,
Henrik Kristoffersen,1994-,skiing,,
Henrik Stenson,1976-,golf,(Olof),
Henry Armstrong,1912-1988,boxing,,
Henry Jordan,1935-1977,football,,
Henry Seniloli,1989-,rugby,"(Ratu, Wainiu)",
Henry Speight,1988-,rugby,"(Ratu, Vao'ofu)",
Herb Gardiner,1891-1972,ice hockey,,
"Herbert ""Buddy"" O'Connor",1916-1977,ice hockey,,
Hernanes,1985-,soccer,"(Anderson, Hernandes)",
Hersey Hawkins,1966-,basketball,,
Heyneke Meyer,1967-,rugby,,
Hilary Grivich,1977-1997,gymnastics,(Coplin),
Hiral Patel,1991-,cricket,,
Hiren Varaiya,1984-,cricket,(Ashok),
Hiroki Yuhara,1984-,rugby,,
Hiromi Taniguchi,1960-,track,,
Hitoshi Ono,1978-,rugby,,
Hobey Baker,1892-1918,ice hockey,,
Holger Rune,2003-,tennis,(Vitus),
Hollie Vise,1987-,gymnastics,(Diane),
Horacio Agulla,1984-,rugby,,
Horațiu Pungea,1986-,rugby,(Eugen),
Hortência Marcari,1959-,basketball,,
Hossam Arafat,1990-,soccer,,
Houry Gebeshian,1989-,gymnastics,,
Howie Long,1960-,football,,
Hoyt Wilhelm,1922-2002,baseball,,
Hroniss Grasu,1991-,football,,
Hubert Buydens,1982-,rugby,,
Hugh McElhenny,1928-,football,,
Hughie Lehman,1885-1961,ice hockey,,
Hugo Campagnaro,1980-,soccer,(Armando),
Hugo Lloris,1986-,soccer,,
Chen Huijia,1990-,swimming,,
Humberto Suazo,1981-,soccer,(Andrés),
Huub Stevens,1953-,soccer,,
Kim Hyun-sung,1989-,soccer,,
Ian Madigan,1989-,rugby,,
Ibraheim Campbell,1992-,football,,
Ichiro Suzuki,1973-,baseball,,
Ido Kozikaro,1978-,basketball,,
Idris Abdul Karim,1976-,soccer,,
Ifeanyi Momah,1989-,football,(Joenathan),
Ignazio Abate,1986-,soccer,,
Igor Bubnjić,1992-,soccer,,
Igor Hinić,1975-,water polo,,
Igor Larionov,1960-,ice hockey,,
Igor Štimac,1967-,soccer,,
IK Enemkpali,1991-,football,"(Ikemefuna, Chinedum)",
Iker Casillas,1981-,soccer,,
Ilias Anastasakos,1978-,soccer,,
Ilie Năstase,1946-,tennis,,
Ilyas Gul,1968-,cricket,,
Imamu Mayfield,1972-,boxing,(Amiri),
Imran Tahir,1979-,cricket,(Mohammad),
Iñaki de Miguel,1973-,basketball,(Ignacio),
Ingemar Stenmark,1956-,skiing,(Jan),
Inoke Afeaki,1973-,rugby,,
Ipolito Fenukitau,1972-,rugby,,
Irfan Pathan,1984-,cricket,,
Irina Falconi,1990-,tennis,,
Irma Haubold,1908-1996,gymnastics,,
Isaac Boss,1980-,rugby,,
Isaac Bruce,1972-,football,,
Isaiah Frey,1990-,football,(Demetryst),
Isco,1992-,soccer,"(Francisco, Román)",
Ish Sodhi,1992-,cricket,"(Inderbir, Singh)",
Ishmaa'ily Kitchen,1988-,football,(Yuwsha),
Islam Slimani,1988-,soccer,,
Ismaël Diomandé,1992-,soccer,(Tiémoko),
Ismail Sillakh,1985-,boxing,,
Israel Jiménez,1989-,soccer,(Sabdi),
István Kecskés,1980-,boxing,,
Ivan Buljubašić,1987-,water polo,,
Ivan Franjic,1987-,soccer,(Frankie),
Ivan Lendl,1960-,tennis,,
Ivan Perišić,1989-,soccer,,
Iván Rodríguez,1971-,baseball,,
Ivan Strinić,1987-,soccer,,
Ivana Dežić,1994-,handball,,
Ivana Jelčić,1980-,handball,,
Ivana Lovrić,1984-,handball,,
Ivano Balić,1979-,handball,,
Ivica Olić,1979-,soccer,,
Ivo Karlović,1979-,tennis,,
Iztok Puc,1966-2011,handball,,
Jaap Stam,1972-,soccer,,
Jabaal Sheard,1989-,football,(Lamar),
Jacco Eltingh,1970-,tennis,(Folkert),
Koo Ja-cheol,1989-,soccer,,
Jack Brabham,1926-2014,driving,,
Jack Chesbro,1874-1931,baseball,,
Jack Darragh,1890-1924,ice hockey,,
Jack Ham,1948-,football,,
Jack Lam,1987-,rugby,,
Jack Laviolette,1879-1960,ice hockey,,
Jack McCracken,1912-1958,basketball,,
Jack Morris,1955-,baseball,,
Jack Nowell,1993-,rugby,(Thomas),
Jack Sikma,1955-,basketball,,
Jack Twyman,1934-2012,basketball,(John),
Jack Wilshere,1992-,soccer,,
Jackie Jensen,1927-1982,baseball,,
Jackie Robinson,1919-1972,baseball,,
Jackie Smith,1940-,football,,
Jackson Martínez,1986-,soccer,(Arley),
JaCorey Shepherd,1993-,football,,
Jacques Anquetil,1934-1987,cycling,,
Jacques Haman,1994-,soccer,,
Jacques Lemaire,1945-,ice hockey,,
Jacques Plante,1929-1986,ice hockey,,
Jacquizz Rodgers,1990-,football,(Quizz),
Jade Dernbach,1986-,cricket,(Winston),
Jadeveon Clowney,1993-,football,,
Oh Jae-suk,1990-,soccer,,
Jah Reid,1988-,football,,
Jahurul Islam,1986-,cricket,(Mohammad),
Jaime Ayoví,1988-,soccer,(Javier),
Jaiquawn Jarrett,1989-,football,,
Jairo Patiño,1978-,soccer,(Leonard),
Jairzinho Ventura Filho,1944-,soccer,(Jair),
Jake Beckley,1867-1918,baseball,,
Jake Ilnicki,1992-,rugby,,
Jakub Błaszczykowski,1985-,soccer,(Kuba),
Jakub Sedláček,1990-,ice hockey,,
Jalal Hosseini,1982-,soccer,(Seyyed),
Jalen Saunders,1992-,football,,
Jamaal Charles,1986-,football,"(RaShaad, Jones)",
Jamarca Sanford,1985-,football,(Deshaun),
Jameel McCline,1970-,boxing,,
Jameis Winston,1994-,football,,
James Kwesi Appiah,1960-,soccer,(Akwasi),
James Chester,1989-,soccer,(Grant),
James Gayle,1991-,football,(Rashaan),
James Harden,1989-,basketball,(Edward),
James Holland,1989-,soccer,(Robert),
James Hunt,1947-1993,driving,,
James King,1990-,rugby,,
James McCarthy,1990-,soccer,,
James Milner,1986-,soccer,,
James Rodríguez,1991-,soccer,(David),
James Starks,1986-,football,(Darell),
James Worthy,1961-,basketball,,
Jamie Cudmore,1978-,rugby,,
Jamie Delgado,1977-,tennis,,
Jamie Heaslip,1983-,rugby,"(James, Peter, Richard)",
Jamie Murray,1986-,tennis,(Robert),
Jamie Vardy,1987-,soccer,,
Jamil Douglas,1992-,football,,
Jamize Olawale,1989-,football,,
Jan-Berrie Burger,1981-,cricket,"(Andries, Johannes)",
Ján Ďurica,1981-,soccer,,
"Jan Hudec, Jr.",1981-,skiing,,
Ján Mucha,1982-,soccer,,
Jan Peters,1954-,soccer,,
Jan Serfontein,1993-,rugby,(Lodewyk),
Jan Smeets,1985-,chess,,
Jan-Lennard Struff,1990-,tennis,,
Jan Vertonghen,1987-,soccer,"(Bert, Lieve)",
Jana Bieger,1989-,gymnastics,(Lyn),
Janeiro Tucker,1975-,cricket,,
Janko Tipsarević,1984-,tennis,,
Jappe Jaspers,1998-,cycling,,
Jared Donaldson,1996-,tennis,,
Jari Kurri,1960-,ice hockey,,
Jarius Wynn,1986-,football,(Jessereel),
Jaromír Jágr,1972-,ice hockey,,
Jaroslav Drobný,1921-2001,tennis,,
Jarrett Boykin,1989-,football,,
Jarryd Hayne,1988-,football,(Lee),
Jarvis Jones,1989-,football,(Jerrell),
Jasmina Perazić,1960-,basketball,,
Jason Davidson,1991-,soccer,(Alan),
Jason Giambi,1971-,baseball,,
Jason Jones,1986-,football,(Duane),
Jason Kidd,1973-,basketball,,
Jason Peters,1982-,football,(Raynard),
Jasper Brinkley,1985-,football,(Jerrell),
Jaume Comas,1974-,basketball,,
Javi García,1987-,soccer,"(Francisco, Javier)",
Javier Aquino,1990-,soccer,(Ignacio),
Javier Cortés,1989-,soccer,,
Javier Mascherano,1984-,soccer,(Alejandro),
Javier Otxoa,1974-2018,cycling,,
Javorius Allen,1991-,football,,
Jay Clarke,1998-,tennis,,
Jaycie Phelps,1979-,gymnastics,,
Jaye Howard,1988-,football,,
Jayna Hefford,1977-,ice hockey,,
Jayrone Elliott,1991-,football,(Carez),
Jazmyn Foberg,2000-,gymnastics,,
Jean,1986-,soccer,(Raphael),
Jean-Daniel Akpa-Akpro,1992-,soccer,,
Jean Béliveau,1931-2014,ice hockey,,
Jean Marie Dongou,1995-,soccer,,
Jean-Armel Kana-Biyik,1989-,soccer,,
Jean-Marie Pfaff,1953-,soccer,,
Jean-Julien Rojer,1981-,tennis,,
Jeanie Beadle,1958-,gymnastics,,
Jeevan Mendis,1983-,cricket,"(Balapuwaduge, Manukulasuriya, Amith)",
Jeff Burroughs,1951-,baseball,,
Jeff Demps,1990-,football,(Jeffery),
Jeff Hendrick,1992-,soccer,"(Jeffrey, Patrick)",
Jeff Tarango,1968-,tennis,"(Jeffrey, Gail)",
Jefferson Montero,1989-,soccer,,
Jelani Jenkins,1992-,football,,
Jeļena Ostapenko,1997-,tennis,(Aļona),
Jennie Caputo,1918-1996,gymnastics,,
Jennifer Digbeu,1987-,basketball,,
Jenő Dalnoki,1932-2006,soccer,,
Jeoffrey Pagan,1993-,football,,
Jerel Worthy,1990-,football,,
Jeremiah Attaochu,1993-,football,(Ojimaojo),
Jeremiah Poutasi,1994-,football,(Cedrick),
Jérémy Chardy,1987-,tennis,,
Jeremy Zuttah,1986-,football,(Kwasi),
Jermaine Jones,1981-,soccer,(Junior),
Jermauria Rasco,1992-,football,,
Jermey Parnell,1986-,football,,
Jerod Mayo,1986-,football,,
Jerome Bettis,1972-,football,,
Jerome Couplin III,1991-,football,(Ellsworth),
Jerome Kaino,1983-,rugby,,
Je'Ron Hamm,1992-,football,(Marquis),
Jerónimo de la Fuente,1991-,rugby,,
Jerramy Stevens,1979-,football,(Ryan),
Jerrell Powe,1987-,football,(Quartez),
Jerrod Johnson,1988-,football,(Terrel),
Jerry Kramer,1936-,football,,
Jerry Palacios,1981-,soccer,(Nelson),
Jerry West,1938-,basketball,(Alan),
Jesper Asselman,1990-,cycling,,
Jesper Verlaat,1996-,soccer,,
Jesse Haines,1893-1978,baseball,,
Jesse Owens,1913-1980,track,,
Jessie DeZiel,1993-,gymnastics,,
Jesús Iradier,1949-,basketball,,
Jesús Zavala,1987-,soccer,(Eduardo),
Kano Jigoro,1860-1938,martial arts,,
Jim Brown,1936-,football,,
Jim Clark,1936-1968,driving,(James),
"Jim ""Pud"" Galvin",1856-1902,baseball,(Pud),
Jim Kelly,1960-,football,,
Jim Langer,1948-,football,,
Jim Otto,1938-,football,,
Jim Parker,1934-2005,football,,
Jim Rice,1953-,baseball,,
Jim Taylor,1935-,football,,
Jim Thorpe,1887-1953,football,"(Jacobus, Wa-Tho-Huk, Franciscus)",
Jimmy Armfield,1935-2018,soccer,"(James, Christopher)",
Jimmy Connors,1952-,tennis,,
Jimmy Durmaz,1989-,soccer,(Jakup),
Jimmy Floyd Hasselbaink,1972-,soccer,(Jerrel),
Jimmy Rollins,1978-,baseball,,
Jiří Skalák,1992-,soccer,,
Jô,1987-,soccer,"(João, Alves)",
Joachim Löw,1960-,soccer,,
Joan Moore,1954-,gymnastics,,
João Moutinho,1986-,soccer,"(Filipe, Iria)",
Joao Rojas,1989-,soccer,,
Joaquín Prada,1991-,rugby,,
Jocelyn Rae,1991-,tennis,,
Jocko Conlan,1899-1989,baseball,,
Joe Allen,1990-,soccer,"(Joseph, Michael)",
Joe Bryant,1954-,basketball,"(Joseph, Washington)",
Joe DeLamielleure,1951-,football,,
Joe Dumars,1963-,basketball,,
Joe Fulks,1921-1976,basketball,(Joseph),
Joe Gordon,1915-1978,baseball,,
Joe Guyon,1892-1971,football,,
Joe Hart,1987-,soccer,"(Charles, Joseph, John)",
Joe Lapchick,1900-1970,basketball,,
Joe Ledley,1987-,soccer,"(Joseph, Christopher)",
Joe Malone,1890-1969,ice hockey,,
Joe Mauer,1983-,baseball,,
Joe Medwick,1911-1975,baseball,,
Joe Moody,1988-,rugby,"(Joseph, Tamateapōkaiwhenua)",
Joe Mullen,1957-,ice hockey,,
Joe Nieuwendyk,1966-,ice hockey,,
Joe Primeau,1906-1989,ice hockey,,
Joe Sakic,1969-,ice hockey,,
Joe Schmidt,1965-,rugby,(Josef),
