Aaron Hughes,1979-,soccer,,
Aaron Ramsey,1990-,soccer,,
Aaron Smith,1988-,rugby,(Luke),
Aavo Sarap,1962-,soccer,,
Abdelaziz Touilbini,1978-,boxing,,
Abdul Razak,1992-,soccer,,
Abdulkadir Özdemir,1991-,soccer,,
Abdülkerim Bardakcı,1994-,soccer,,
Abebe Bikila,1932-1973,track,,
Abel Hernández,1990-,soccer,(Mathías),
Abigail Spears,1981-,tennis,(Michal),
Abraham Núñez,1976-,baseball,(Orlando),
Aca Ratuva,1978-,rugby,"(Ratu, Ronald, Gavidi)",
Aco Stojkov,1983-,soccer,,
Adam Ashley-Cooper,1984-,rugby,,
Adam Lallana,1988-,soccer,,
Ádám Nagy,1995-,soccer,,
Adam Oates,1962-,ice hockey,,
Ádám Pintér,1988-,soccer,,
Adam Taggart,1993-,soccer,(Jake),
Addie Joss,1880-1911,baseball,,
Ade Jimoh,1980-,football,"(Adebola, Olurotimi)",
Adebayo Akinfenwa,1982-,soccer,(Saheed),
Adedayo Adebayo,1970-,rugby,(Adeyemi),
Adelin Benoît,1900-1954,cycling,,
Adick Koot,1963-,soccer,,
Adil Ibragimov,1989-,soccer,(Abukayevich),
Adis Jahović,1987-,soccer,,
Adis Obad,1971-,soccer,,
Admir Mehmedi,1991-,soccer,,
Adnan Januzaj,1995-,soccer,,
Adri van Tiggelen,1957-,soccer,,
Adrián Aldrete,1988-,soccer,(Alexei),
Adrian Apostol,1990-,rugby,(Marian),
Adrian Dantley,1955-,basketball,(Delano),
Adrian Mannarino,1988-,tennis,,
Adrian Popa,1988-,soccer,(Dumitru),
Adriano Grimaldi,1991-,soccer,,
A. J. Green,1988-,football,"(Adriel, Jeremiah)",
Aeneas Williams,1968-,football,,
Afroditi Skafida,1982-,track,,
Agustín Alonso,1991-,rugby,,
Agustín Orion,1981-,soccer,(Ignacio),
Ahmad Alenemeh,1982-,soccer,(Seyed),
Ahmed Musa,1992-,soccer,,
Ahsan Malik,1989-,cricket,(Ahmad),
Aiden McGeady,1986-,soccer,,
Aisea Havili,1977-,rugby,('Aisea),
Aíto García Reneses,1946-,basketball,(Alejandro),
Ajinkya Rahane,1988-,cricket,(Madhukar),
Ajla Tomljanović,1993-,tennis,,
Akeem Davis,1989-,football,,
Akiem Hicks,1989-,football,(Jamar),
Ákos Elek,1988-,soccer,,
Al Cervi,1917-2009,basketball,,
Al MacInnis,1963-,ice hockey,,
Al Simmons,1902-1956,baseball,,
Alain Prost,1955-,driving,,
Alaina Kwan,1998-,gymnastics,,
Alan Kardec,1989-,soccer,,
Alan Dzagoev,1990-,soccer,,
Alan Mannus,1982-,soccer,,
Alan Pulido,1991-,soccer,,
Alan Willey,1956-,soccer,,
Alasdair Evans,1989-,cricket,(Campbell),
Alastair McFarland,1989-,rugby,,
Albert Adomah,1987-,soccer,(Danquah),
Albert Ramos Viñolas,1988-,tennis,,
"Albert ""Babe"" Siebert",1904-1939,ice hockey,(Babe),
Alberta Brianti,1980-,tennis,,
Alberto Ascari,1918-1955,driving,,
Alberto Román,1987-,rugby,,
Albin Ekdal,1989-,soccer,,
Alcides Escobar,1986-,baseball,,
Aldin Čajić,1992-,soccer,,
Aldin Ðidić,1983-,soccer,,
Aldo Leão Ramírez,1981-,soccer,,
Aldrick Robinson,1988-,football,,
Alec Connell,1902-1958,ice hockey,"(Alex, Alexander)",
Alejandro Castro,1987-,soccer,,
Alejo Corral,1981-,rugby,,
Aleki Lutui,1978-,rugby,,
Aleksandar Dragović,1991-,soccer,,
Aleksandar Petrović,1959-,basketball,(Aco),
Aleksandr Kerzhakov,1982-,soccer,,
Aleksandr Samedov,1984-,soccer,,
Aleksei Berezutski,1982-,soccer,,
Aleksei Ionov,1989-,soccer,,
Alem Toskić,1982-,handball,,
Alesana Tuilagi,1981-,rugby,,
Alessandro Schöpf,1994-,soccer,,
Alessio Cerci,1987-,soccer,,
Àlex Corretja,1974-,tennis,,
Alex Delvecchio,1931-,ice hockey,,
Alex Ferguson,1941-,soccer,,
Alex Karras,1935-2012,football,,
Alex Mack,1985-,football,"(Javon, Alexander)",
Alex Rodriguez,1975-,baseball,,
Alex Song,1987-,soccer,"(Alexandre, Dimitri)",
Alex Wojciechowicz,1915-1992,football,,
Alexander Bublik,1997-,tennis,,
Alexander Kaun,1985-,basketball,"(Sasha, Olegovich)",
Alexander Mejía,1988-,soccer,,
Alexander Peya,1980-,tennis,,
Alexander Todua,1987-,rugby,,
Alexander Yakushev,1947-,ice hockey,,
Alexandr Dolgopolov,1988-,tennis,(Oleksandr),
Alexandre Dumoulin,1989-,rugby,,
Alexandre Prémat,1982-,driving,,
Alexandrina Barbosa,1986-,handball,,
Alexandru Chipciu,1989-,soccer,(Mihăiță),
Alexandru Țăruș,1989-,rugby,(Mihai),
Alexei Glukhov,1984-,ice hockey,,
Alexis Beucler,1997-,gymnastics,(Nicole),
Alexis Pinturault,1991-,skiing,,
Alf Smith,1873-1953,ice hockey,,
Alfredo Talavera,1982-,soccer,,
Al-Hajj Shabazz,1992-,football,,
Alicia Sacramone,1987-,gymnastics,,
Alireza Haghighi,1988-,soccer,,
Alisha Glass,1988-,volleyball,,
Alison Van Uytvanck,1994-,tennis,,
Alizé Cornet,1990-,tennis,,
Alketas Panagoulias,1934-2012,soccer,(Alkis),
A. Q. Shipley,1986-,football,"(Allan, Quay)",
Allen Iverson,1975-,basketball,,
Almir Barbosa,1980-,soccer,,
Almir Lopes de Luna,1982-,soccer,,
Almira Skripchenko,1976-,chess,,
Alo Dupikov,1985-,soccer,,
Alonzo Mourning,1970-,basketball,,
Alshon Jeffery,1990-,football,,
Alton Brown,1925-2016,baseball,,
Álvaro Arbeloa,1983-,soccer,,
Álvaro Morata,1992-,soccer,(Borja),
Álvaro Negredo,1985-,soccer,,
Alyssa Baumann,1998-,gymnastics,(Lyn),
Amanaki Mafi,1990-,rugby,(Lelei),
Amanda Jetter,1994-,gymnastics,,
Amar'e Stoudemire,1982-,basketball,(Carsares),
Amarildo,1939-,soccer,,
Ambati Rayudu,1985-,cricket,(Thirupathi),
Amby Fogarty,1933-2016,soccer,"(Ambrose, Gerald)",
Amel Mujčinović,1973-,soccer,,
Amela Terzić,1993-,track,,
Amil Agajanov,1983-,soccer,,
Amir Abrashi,1990-,soccer,(Malush),
Amit Mishra,1982-,cricket,,
Amy Chow,1978-,gymnastics,"(Yuen, Yee)",
Ana Đokić,1979-,handball,,
Ana Radović,1986-,handball,,
Anamaria Ioniță,1988-,track,,
Anastasia Myskina,1981-,tennis,,
Anastasia Rodionova,1982-,tennis,,
Anatolie Doroș,1983-,soccer,,
Anatoliy Karpov,1951-,chess,(Anatoly),
Anđela Bulatović,1987-,handball,,
Andi Lila,1986-,soccer,,
André Ooijer,1974-,soccer,,
André Almeida,1990-,soccer,"(Gomes, de)",
Andre Begemann,1984-,tennis,,
Andre Dawson,1954-,baseball,,
André Gomes,1993-,soccer,(Filipe),
Andre Iguodala,1984-,basketball,(Tyler),
Andre Reed,1964-,football,,
"André ""the Giant"" Roussimoff",1946-1993,wrestling,,
Andre Tippett,1959-,football,,
Andrea Barnó,1980-,handball,,
Andrea Hlaváčková,1986-,tennis,,
Andrea Lovotti,1989-,rugby,,
Andrea Masi,1981-,rugby,,
Andreas Bouchalakis,1993-,soccer,,
Andreas Granqvist,1985-,soccer,,
Andreas Nilsson,1990-,handball,,
Andrei Kirilenko,1981-,basketball,(Gennadyevich),
Andrei Rădoi,1987-,rugby,,
Andrei Ursache,1984-,rugby,,
Andrej Kramarić,1991-,soccer,,
Andrés Escobar,1967-1994,soccer,,
Andrés Iniesta,1984-,soccer,,
Andrew Castle,1963-,tennis,,
Andrew McCutchen,1986-,baseball,,
Andrew Tiedemann,1988-,rugby,,
Andrey Kuznetsov,1991-,tennis,,
Andrius Velička,1979-,soccer,,
Andriy Pyatov,1984-,soccer,,
Andro Bušlje,1986-,water polo,,
Andy Bathgate,1932-,ice hockey,,
Andy King,1988-,soccer,"(Andrew, Philip)",
Andy Najar,1993-,soccer,(Ariel),
Andy Robustelli,1925-2011,football,,
Anel Canales,1978-,soccer,(Alejandro),
Anel Karabeg,1962-,soccer,,
Anémone Marmottan,1988-,skiing,,
Anes Mravac,1989-,soccer,,
Aneta Peraica,1985-,handball,,
Ángel Di María,1988-,soccer,(Fabián),
Ángel Reyna,1984-,soccer,(Eduardo),
Angela Ruggiero,1980-,ice hockey,,
Angelo Esposito,1993-,rugby,,
"Angelo ""Hank"" Luisetti",1916-2002,basketball,(Hank),
Angelo Schiavio,1905-1990,soccer,,
Angelos Charisteas,1980-,soccer,,
Anișoara Cușmir-Stanciu,1962-,track,,
Anja Pärson,1981-,skiing,"(Sofia, Tess)",
Anna Fenninger,1989-,skiing,,
Anna Kournikova,1981-,tennis,,
Anna Smith,1988-,tennis,,
Annelore Zinke,1958-,gymnastics,,
Anquan Boldin,1980-,football,(Kenmile),
Antal Dunai,1943-,soccer,,
Ante Rebić,1993-,soccer,,
Anthony Davis,1993-,basketball,(Marshon),
Anthony Martial,1995-,soccer,(Joran),
Anthony Perenise,1982-,rugby,,
Anthony Watson,1994-,rugby,,
Antoine Cason,1986-,football,(Brandon),
Anton Kokorin,1987-,track,,
Anton Ponkrashov,1986-,basketball,(Aleksandrovich),
Antonio Candreva,1987-,soccer,,
Antonio Cassano,1982-,soccer,,
Antonio Valencia,1985-,soccer,(Luis),
Antonis Georgiadis,1933-,soccer,,
Antwan Goodley,1991-,football,(Fontain),
Anzor Boltukayev,1986-,wrestling,,
Apostolos Nikolaidis,1896-1980,soccer,,
Aramis Naglić,1965-,basketball,,
Arantxa Sánchez Vicario,1971-,tennis,"(Aránzazu, Isabel, María)",
Archie Manning,1949-,football,"(Elisha, Archibald)",
Arda Turan,1987-,soccer,,
Ardian Kozniku,1967-,soccer,,
Arian Foster,1986-,football,(Isa),
Arie Haan,1948-,soccer,,
Ariel Hernández,1970-,boxing,,
Arijan Komazec,1970-,basketball,,
Aritz Aduriz,1981-,soccer,,
Arkadiusz Milik,1994-,soccer,(Arek),
Arlind Ajeti,1993-,soccer,(Afrim),
Armando Sadiku,1991-,soccer,,
Arnaud Boetsch,1969-,tennis,,
Arnaud Tournant,1978-,cycling,,
Arnie Risen,1924-2012,basketball,,
Arnold Mühren,1951-,soccer,,
Arnoldo Iguarán,1957-,soccer,(Alberto),
Arnór Þór Gunnarsson,1987-,handball,,
Aron Gunnarsson,1989-,soccer,"(Einar, Malmquist)",
Aron Winter,1967-,soccer,,
Arrelious Benn,1988-,football,,
Arsène Wenger,1949-,soccer,,
Art Donovan,1924-2013,football,,
Art Ross,1886-1964,ice hockey,,
Artem Dzyuba,1988-,soccer,,
Arthur Ashe,1943-1993,tennis,,
Arthur De Greef,1992-,tennis,,
Arthur Numan,1969-,soccer,,
Artur Boruc,1980-,soccer,,
Artur Yusupov,1989-,soccer,(Rimovich),
Arvīds Bārda,1901-1940,soccer,,
Arvydas Sabonis,1964-,basketball,,
Asaeli Tikoirotuma,1986-,rugby,,
Asante Cleveland,1992-,football,,
Ashkan Dejagah,1986-,soccer,(Seyed),
Ashleigh Clare-Kearney,1986-,gymnastics,,
Ashley Miles,1985-,gymnastics,,
Ashley Priess,1990-,gymnastics,,
Ashton Locklear,1998-,gymnastics,(Taylor),
Asim Ferhatović,1933-1987,soccer,,
Asjha Jones,1980-,basketball,(Takera),
Asmir Begović,1987-,soccer,,
Asuka,1981-,wrestling,"(Kana, Kanako)",
Atieli Pakalani,1989-,rugby,,
Atilio Cremaschi,1923-2007,soccer,,
Atse Buurman,1982-,cricket,,
Atsuto Uchida,1988-,soccer,,
Attila Sekerlioglu,1965-,soccer,,
Audie Cole,1989-,football,(Raymond),
Augie Ojeda,1974-,baseball,(Octavio),
Aurèle Joliat,1901-1986,ice hockey,,
Aurica Buia,1970-,track,,
Avdija Vršajević,1986-,soccer,,
Avery Williamson,1992-,football,(Milton),
Axar Patel,1994-,cricket,"(Akshar, Rajeshbhai)",
Aykut Kocaman,1965-,soccer,,
Ayumu Goromaru,1986-,rugby,,
Azhar Ali,1985-,cricket,,
Bacarri Rambo,1990-,football,(Jamon),
Badra Ali Sangaré,1986-,soccer,,
Bailey Wright,1992-,soccer,(Colin),
Bakhtiar Rahmani,1991-,soccer,,
Balázs Dzsudzsák,1986-,soccer,,
Bănel Nicoliță,1985-,soccer,,
Barbora Krejčíková,1995-,tennis,,
Barel Mouko,1979-,soccer,(Morial),
Barnabás Bese,1994-,soccer,,
Barney Stanley,1893-1971,ice hockey,,
Barry Bonds,1964-,baseball,,
Barry Sanders,1968-,football,,
Bartosz Kapustka,1996-,soccer,,
Basarab Panduru,1970-,soccer,(Nică),
Bastian Schweinsteiger,1984-,soccer,,
Beatriz Fernández,1985-,handball,,
Beauden Barrett,1991-,rugby,(John),
Bechara Oliveira,1976-,soccer,(Jalkh),
Beibut Shumenov,1983-,boxing,,
Beka Tsiklauri,1989-,rugby,,
Belinda Snell,1981-,basketball,,
Ben Davies,1993-,soccer,"(Benjamin, Thomas)",
Ben Franks,1984-,rugby,"(Benjamin, John)",
Ben McCalman,1988-,rugby,(Benjamin),
Ben Smith,1986-,rugby,"(Benjamin, Robert)",
Ben Taylor,1888-1953,baseball,,
Ben Wijnstekers,1955-,soccer,,
Benardrick McKinney,1992-,football,(Cornelius),
Benedikt Höwedes,1988-,soccer,(Benni),
Benjamin Angoua,1986-,soccer,(Brou),
Benjamin Moukandjo,1988-,soccer,,
Bennie Borgmann,1900-1978,basketball,,
Benny Friedman,1905-1982,football,,
Benoît Assou-Ekotto,1984-,soccer,"(Pierre, David)",
Benoît Paire,1989-,tennis,,
Benson Mayowa,1991-,football,(Babatunde),
Bernard,1992-,soccer,(Anício),
Bernard King,1956-,basketball,,
Bernard Pierce,1990-,football,(Hayward),
Bernard Vukas,1927-1983,soccer,,
Berni Rodríguez,1980-,basketball,(Bernardo),
"Bernie ""Boom Boom"" Geoffrion",1931-2006,ice hockey,,
Berry van Aerle,1962-,soccer,,
Bert Jones,1951-,football,,
Bert Patenaude,1909-1974,soccer,,
Bertrand Gille,1978-,handball,(Fabien),
Bethanie Mattek-Sands,1985-,tennis,,
Betina Popova,1996-,skating,(Vadimovna),
Betty-Jean Maycock,1942-,gymnastics,,
Betül Taygar,1997-,ice hockey,,
Betül Yılmaz,1988-,handball,,
Bharat Arun,1962-,cricket,(Bharathi),
Bianca Andreescu,2000-,tennis,(Vanessa),
E. J. Biggers,1987-,football,"(Edjaun, Sinclair)",
Biljana Pavićević,1988-,handball,,
Bill Barber,1952-,ice hockey,,
Bill Cook,1896-1986,ice hockey,,
Bill Dickey,1907-1993,baseball,,
Bill Durnan,1916-1972,ice hockey,,
Bill Gadsby,1927-2016,ice hockey,,
Bill Hewitt,1909-1947,football,,
Bill Mosienko,1921-1994,ice hockey,,
Bill Quackenbush,1922-1999,ice hockey,,
Bill Sharman,1926-2013,basketball,,
Bill Tilden,1893-1953,tennis,,
Bill Willis,1921-2007,football,,
Billy Burch,1900-1950,ice hockey,,
Billy Gilmour,1885-1959,ice hockey,,
Billy Herman,1909-1992,baseball,,
Billy McNeill,1940-2019,soccer,(William),
Billy Smith,1950-,ice hockey,,
Billy Williams,1938-,baseball,,
Birkir Már Sævarsson,1984-,soccer,,
Bismarck du Plessis,1984-,rugby,(Wilhelm),
Björn Borg,1956-,tennis,(Rune),
Blaine Neal,1978-,baseball,,
Blair Cowan,1986-,rugby,,
Blaise Matuidi,1987-,soccer,,
Blaž Kavčič,1987-,tennis,,
Blerim Džemaili,1986-,soccer,,
"Bob ""The Boomer"" Brown",1941-,football,,
Bob Cousy,1928-,basketball,(Robert),
Bob Elliott,1916-1966,baseball,,
Bob Gainey,1953-,ice hockey,,
Bob Griese,1945-,football,,
Bob Houbregs,1932-2014,basketball,(Robert),
Bob Lanier,1948-,basketball,,
Bob Lilly,1939-,football,,
Bob O'Farrell,1896-1988,baseball,,
Bob Pulford,1936-,ice hockey,,
Bob Waterfield,1920-1983,football,,
Bobby Bauer,1915-1964,ice hockey,,
Bobby Charlton,1937-,soccer,,
Bobby Dillon,1930-2019,football,,
Bobby Fischer,1943-2008,chess,,
Bobby Jones,1902-1971,golf,,
Bobby Layne,1926-1986,football,,
Bobby Mitchell,1935-,football,,
Bobby Orr,1948-,ice hockey,,
Bobby Shantz,1925-,baseball,,
Bobby Wanzer,1921-2016,basketball,(Robert),
Bode Miller,1977-,skiing,(Samuel),
Bohdan Butko,1991-,soccer,,
Bojana Popović,1979-,handball,,
Bonaventure Kalou,1978-,soccer,,
Boniek García,1984-,soccer,(Óscar),
Bora Körk,1980-,soccer,,
Boris Becker,1967-,tennis,(Franz),
Boris Spassky,1937-,chess,,
Börje Salming,1951-,ice hockey,,
Borna Rendulić,1992-,ice hockey,,
Boubacar Barry,1979-,soccer,,
Bouse Hutton,1877-1962,ice hockey,,
Brad Barritt,1986-,rugby,"(Bradley, Michael)",
Brad Guzan,1984-,soccer,"(Bradley, Edwin)",
Braden Looper,1974-,baseball,(LaVerne),
Bradley Marquez,1992-,football,(Jerrill),
Branch McCracken,1908-1970,basketball,,
Branden Oliver,1991-,football,,
Brandie Jay,1993-,gymnastics,(Jean),
Brandon Flowers,1986-,football,(Lavar),
Brandon Williams,1987-,football,(Darrnell),
Braulio Leal,1981-,soccer,(Antonio),
Brayan Beckeles,1985-,soccer,,
Brendan Shanahan,1969-,ice hockey,,
Brenna Dowell,1996-,gymnastics,,
Breshad Perriman,1993-,football,,
Brett Beukeboom,1990-,rugby,,
Brett Hull,1964-,ice hockey,,
Brian Dawkins,1973-,football,,
Brian Orakpo,1986-,football,(Ndubisi),
Brian Sipe,1949-,football,,
Brian Vickers,1983-,driving,(Lee),
Brice Dja Djédjé,1990-,soccer,,
Bridgette Caquatto,1994-,gymnastics,,
Brittan Golden,1988-,football,,
Brock Osweiler,1990-,football,,
Brodie Retallick,1991-,rugby,(Allan),
Brooks Robinson,1937-,baseball,,
Bruce McLaren,1937-1970,driving,,
Bruce Stuart,1881-1961,ice hockey,,
Bruno Alves,1981-,soccer,(Eduardo),
Bruno Martins Indi,1992-,soccer,"(Rolando, Maximiliano)",
Bruno Soriano,1984-,soccer,,
Bryan Habana,1983-,rugby,,
Bryan Roy,1970-,soccer,,
Bryan Trottier,1956-,ice hockey,,
Bryce Harper,1992-,baseball,,
Brynden Trawick,1989-,football,,
Buck Ewing,1859-1906,baseball,,
Bucky Walters,1909-1991,baseball,"(William, Henry)",
Bulcsú Székely,1976-,water polo,,
Burak Yılmaz,1985-,soccer,,
Burhan Sargun,1929-,soccer,,
Burleigh Grimes,1893-1985,baseball,,
Byron Nelson,1912-2006,golf,,
Cairo Santos,1991-,football,,
Cal Ripken Jr.,1960-,baseball,,
Calvin Murphy,1948-,basketball,,
Cam Neely,1965-,ice hockey,,
Cam Thomas,1986-,football,"(Cameron, Jamel)",
Camila Giorgi,1991-,tennis,,
Camilo Vargas,1989-,soccer,(Andrés),
Campese Ma'afu,1984-,rugby,"(George, David)",
Cándido Sibilio,1958-2019,basketball,"(Chicho, Antonio)",
Caner Erkin,1988-,soccer,,
Captain Munnerlyn,1988-,football,,
Caraun Reid,1991-,football,,
Carey Price,1987-,ice hockey,,
Carl Braun,1927-2010,basketball,,
Carl Hubbell,1903-1988,baseball,,
Carl Willey,1931-2009,baseball,"(Carlton, Francis)",
Carla Suárez Navarro,1988-,tennis,,
Carlo Costly,1982-,soccer,(Yaír),
Carlos Arboleya,1985-,rugby,,
Carlos Carbonero,1990-,soccer,(Mario),
Carlos Gruezo,1995-,soccer,(Armando),
Carlos Peña,1990-,soccer,(Alberto),
"Carlos Sainz, Jr.",1994-,driving,,
Carlos Sánchez Moreno,1986-,soccer,(Alberto),
Carlos Valderrama,1961-,soccer,,
Carlton Fisk,1947-,baseball,,
Carly Janiga,1988-,gymnastics,,
Carmelo Cabrera,1950-,basketball,,
Carol Blazejowski,1956-,basketball,,
Caroline Wozniacki,1990-,tennis,,
Carrington Byndom,1992-,football,,
Carwyn Davies,1964-1997,rugby,,
Case Keenum,1988-,football,"(Casey, Austin)",
Casey Weathers,1985-,baseball,,
Cătălin Fercu,1986-,rugby,,
Cathy Inglese,1958-2019,basketball,,
"Cecil ""Babe"" Dye",1898-1962,ice hockey,,
"Cecil ""Tiny"" Thompson",1903-1981,ice hockey,,
Cédric Pioline,1969-,tennis,,
Cédric Soares,1991-,soccer,(Ricardo),
Céline Dumerc,1982-,basketball,,
Cengiz Koç,1977-,boxing,,
Census Johnston,1981-,rugby,"(Aokuso, Iopu)",
César Cedeño,1951-,baseball,,
Cesare Natali,1979-,soccer,,
Cesc Fàbregas,1987-,soccer,(Francesc),
Chaminda Vaas,1974-,cricket,"(Warnakulasuriya, Patabendige, Ushantha, Joseph)",
Chamu Chibhabha,1986-,cricket,"(Chamunorwa, Justice)",
Chanda Rubin,1976-,tennis,,
Chandler Worthy,1993-,football,(Regis),
C. J. Goodwin,1990-,football,"(Charaun, Jareé)",
Charles Aránguiz,1989-,soccer,(Mariano),
"Charles ""Chief"" Bender",1884-1954,baseball,(Charley),
Charles Haley,1964-,football,,
"Charles ""Stretch"" Murphy",1907-1992,basketball,,
"Charles ""Old Hoss"" Radbourn",1854-1897,baseball,,
Charley Trippi,1921-,football,,
Charlie Faumuina,1986-,rugby,(Charles),
Charlie Gehringer,1903-1993,baseball,(Charles),
