Marko Rog,1995-,soccer,,
Markus Suttner,1987-,soccer,,
Marlies Schild,1981-,skiing,,
Marouane Fellaini,1987-,soccer,,
MarQueis Gray,1989-,football,,
Marquess Wilson,1992-,football,(Willis),
Marquette King,1988-,football,,
Marquis Flowers,1992-,football,,
Marshal Yanda,1984-,football,,
Marta Batinović,1990-,handball,,
Marta Mangué,1983-,handball,,
Martellus Bennett,1987-,football,(Demond),
Martin Brodeur,1972-,ice hockey,,
Martín Castrogiovanni,1981-,rugby,(Leandro),
Martín Dihigo,1906-1971,baseball,,
Martin Hinteregger,1992-,soccer,,
Martin Kližan,1989-,tennis,,
Martin Olsson,1988-,soccer,"(Tony, Waikwa)",
Martin Škrtel,1984-,soccer,,
Martin Verkerk,1978-,tennis,,
Martina Navratilova,1956-,tennis,,
Marty Barry,1905-1969,ice hockey,,
Marty Walsh,1883-1915,ice hockey,,
Marvin Chávez,1983-,soccer,(Antonio),
Marwin Hitz,1987-,soccer,,
Maryna Zanevska,1993-,tennis,,
Kimura Masahiko,1917-1993,martial arts,,
Masashi Nakayama,1967-,soccer,,
Masato Kudo,1990-,soccer,,
Mashrafe Mortaza,1983-,cricket,,
Mason Foster,1989-,football,,
Massimo Luongo,1992-,soccer,(Corey),
Mate Maleš,1989-,soccer,,
Mate Pavić,1993-,tennis,,
Mateo Kovačić,1994-,soccer,,
Mateusz Bieniek,1994-,volleyball,,
Matheus Coradini Vivian,1982-,soccer,,
Mathew Ryan,1992-,soccer,(David),
Mathías Palomeque,1986-,rugby,,
Mathieu Debuchy,1985-,soccer,,
Mathis Bolly,1990-,soccer,(Gazoa),
Mati Pari,1974-,soccer,,
Matías Alemanno,1991-,rugby,,
Matías Díaz,1993-,rugby,,
Matías Moroni,1991-,rugby,,
Mats Sundin,1971-,ice hockey,,
Matt Cassel,1982-,football,"(Matthew, Brennan)",
Matt Giteau,1982-,rugby,"(Matthew, James)",
Matt Ryan,1985-,football,,
Matt Toomua,1990-,rugby,,
Matt Willig,1969-,football,,
Matthew Morgan,1992-,rugby,,
Matthias Ginter,1994-,soccer,(Lukas),
Matthias Mayer,1990-,skiing,,
Mattia Perin,1992-,soccer,,
Mattias Gustafsson,1978-,handball,,
Mattie Larson,1992-,gymnastics,,
Matvey Korobov,1983-,boxing,(Georgiyevich),
Maurice Cheeks,1956-,basketball,,
Maurice Stokes,1933-1970,basketball,,
Mauricio Pinilla,1984-,soccer,(Ricardo),
Maurkice Pouncey,1989-,football,(LaShawn),
Maury Wills,1932-,baseball,,
Max Bentley,1920-1984,ice hockey,,
"Max ""Marty"" Friedman",1889-1986,basketball,(Marty),
Max Grün,1987-,soccer,(Maximilian),
Max Schmeling,1905-2005,boxing,(Maximillian),
Max Verstappen,1997-,driving,(Emilian),
Maxi Pereira,1984-,soccer,"(Victorio, Maximiliano)",
Maxim Choupo-Moting,1989-,soccer,"(Jean, Eric)",
Máximo Banguera,1985-,soccer,(Orlando),
Maxx Williams,1994-,football,,
Maya Moore,1989-,basketball,(April),
T. Y. McGill,1992-,football,(Torrone),
McLeod Bethel-Thompson,1988-,football,"(John, Baltazar)",
Meadowlark Lemon,1932-,basketball,,
Medhi Lacen,1984-,soccer,"(Gregory, Giuseppe)",
Mehdi Sahnoune,1976-,boxing,,
Mehrdad Pooladi,1987-,soccer,,
Mel Daniels,1944-2015,basketball,,
Mel Ott,1909-1958,baseball,,
Melik Brown,1984-,football,,
Melike Bakırcıoğlu,1987-,basketball,,
Melvin White,1990-,football,(O'Key),
Menelik Watson,1988-,football,,
Merab Kvirikashvili,1983-,rugby,,
Mërgim Mavraj,1986-,soccer,(Mustafë),
Merima Mohammed,1992-,track,,
Merrill Noel,1991-,football,,
Merve Terzioğlu,1987-2008,swimming,,
Meryl Davis,1987-,skating,(Elizabeth),
Metka Sparavec,1978-,swimming,,
Micah Hyde,1990-,football,(Richmond),
Michael Babatunde,1992-,soccer,,
Michael Bradley,1987-,soccer,(Sheehan),
Michael Chang,1972-,tennis,(Te-Pei),
Michaël Guigou,1982-,handball,,
Michael Irvin,1966-,football,,
Michael Lang,1991-,soccer,(Rico),
Michael Leitch,1988-,rugby,,
Michael McGovern,1984-,soccer,,
Michael Schumacher,1969-,driving,,
Michael Strahan,1971-,football,,
Michael Umaña,1982-,soccer,,
Michael Wiringi,1985-,rugby,,
Michal Ďuriš,1988-,soccer,,
Michał Pazdan,1987-,soccer,,
Michel Goulet,1960-,ice hockey,,
Michel van de Korput,1956-,soccer,,
Michele Campagnaro,1993-,rugby,,
Michele Visentin,1991-,rugby,,
Michelle Dusserre,1968-,gymnastics,(Hollis),
Michy Batshuayi,1993-,soccer,,
Mick Snel,1993-,korfball,,
Mickaël Landreau,1979-,soccer,"(Vincent, André, Marie)",
Mickey Mantle,1931-1995,baseball,,
Migjen Basha,1987-,soccer,(Xhevat),
Miguel Layún,1988-,soccer,(Arturo),
Miguel Tejada,1974-,baseball,,
Mihaela Ciobanu,1973-,handball,,
Mihai Macovei,1986-,rugby,,
Mihalj Keri,1951-,soccer,,
Mihály Tóth,1926-1990,soccer,(Mihalj),
Miiko Albornoz,1990-,soccer,(Martín),
Mikael Pernfors,1963-,tennis,,
Mike Bossy,1957-,ice hockey,,
Mike Bryan,1978-,tennis,"(Michael, Carl)",
Mike Gartner,1959-,ice hockey,,
Mike Grant,1873-1955,ice hockey,,
Mike Hawthorn,1929-1959,driving,,
"Mike ""King"" Kelly",1857-1894,baseball,,
Mike McCormack,1930-2013,football,,
Mike Modano,1970-,ice hockey,,
Mike Munchak,1960-,football,,
Mike Neal,1987-,football,"(Michael, Jamel)",
Mike Phillips,1982-,rugby,,
Mike Ross,1979-,rugby,"(Michael, Robert)",
Mike Singletary,1958-,football,,
Mike Tolkin,1967-,rugby,,
Mike Tyson,1966-,boxing,,
Mike Webster,1952-2002,football,,
Mikhail Botvinnik,1911-1995,chess,,
Mikheil Nariashvili,1990-,rugby,,
Milan Škoda,1986-,soccer,,
Mile Jedinak,1984-,soccer,"(Michael, John)",
Milivoj Bebić,1959-,water polo,,
Miljana Bojović,1987-,basketball,,
Milko Bobotsov,1931-2000,chess,(Georgiev),
Milos Raonic,1990-,tennis,,
Milovan Raković,1985-,basketball,,
Milton Haig,1964-,rugby,,
Mima Jaušovec,1956-,tennis,,
Yao Ming,1980-,basketball,,
Miralem Pjanić,1990-,soccer,,
Mirjana Lučić-Baroni,1982-,tennis,,
Mirko Bašić,1960-,handball,,
Miroslav Blažević,1935-,soccer,(Ćiro),
Miroslav Klose,1978-,soccer,(Josef),
Mirsad Türkcan,1976-,basketball,,
Mischa Zverev,1987-,tennis,(Mikhail),
Missy Marlowe,1971-,gymnastics,"(Melissa, Anne)",
Mitchell Duke,1991-,soccer,(Thomas),
Mithat Demirel,1978-,basketball,,
Mitsuo Ogasawara,1979-,soccer,,
Miyu Kato,1994-,tennis,,
Mo Vaughn,1967-,baseball,,
Mohamed Lamine Zemmamouche,1985-,soccer,,
Mohammed Rabiu,1989-,soccer,,
Moise Kean,2000-,soccer,(Bioty),
Molla Mallory,1884-1959,tennis,,
Mominul Haque,1991-,cricket,,
Monica Bisordi,1982-,gymnastics,,
Monica Seles,1973-,tennis,(Monika),
Monte Irvin,1919-2016,baseball,,
Montori Hughes,1990-,football,,
Morgan Hurd,2001-,gymnastics,,
Morgan Schneiderlin,1989-,soccer,,
Morné Morkel,1984-,cricket,,
"Morris ""Red"" Badgro",1902-1998,football,,
Morten Andersen,1960-,football,,
Motu Matu'u,1987-,rugby,,
Moussa Sissoko,1989-,soccer,,
Mudassar Bukhari,1983-,cricket,,
Muhammad Ali,1942-,boxing,(Cassius),
Mule Suttles,1901-1966,baseball,,
Mumin Gala,1986-,track,"(Moumin, Booqora)",
Muraz Giorgadze,1994-,rugby,,
Mushfiqur Rahim,1988-,cricket,(Mohammad),
Muttiah Muralitharan,1972-,cricket,,
Mychal Rivera,1990-,football,(Rashawn),
Mykkele Thompson,1993-,football,,
Mykyta Shevchenko,1993-,soccer,,
Hong Myung-bo,1969-,soccer,,
Nabil Ghilas,1990-,soccer,,
Nacer Chadli,1989-,soccer,,
Nacho Monreal,1986-,soccer,(Ignacio),
Nadia Petrova,1982-,tennis,"(Nadezhda, Viktorovna)",
Nadir Belhadj,1982-,soccer,,
Nadiya Didenko,1986-,skiing,,
Nadzeya Drozd,1983-,basketball,,
Nafi Tuitavake,1989-,rugby,,
Naiara Egozkue,1983-,handball,,
Nail Yakupov,1993-,ice hockey,(Railovich),
Naïm Aarab,1988-,soccer,,
Naim Terbunja,1984-,boxing,,
Naka Drotské,1971-,rugby,"(Allen, Erasmus)",
Nándor Hidegkuti,1922-2002,soccer,,
Nanna Christiansen,1989-,soccer,,
Nao Hibino,1994-,tennis,,
Naomi Osaka,1997-,tennis,,
Narsingh Deonarine,1983-,cricket,,
Naseem Hameed,1988-,track,,
Nasir Hossain,1991-,cricket,(Mohammad),
Nassim Ben Khalifa,1992-,soccer,,
Nat Berhe,1991-,football,(Natnael),
Natali Pronina,1987-,swimming,,
Natasha Kelley,1990-,gymnastics,,
Nate Thurmond,1941-,basketball,,
Nathalie Tauziat,1967-,tennis,,
Nathan White,1981-,rugby,,
Natko Zrnčić-Dim,1986-,skiing,,
Nazem Kadri,1990-,ice hockey,,
Nazim Süleymanov,1965-,soccer,,
Nazmul Hossain,1987-,cricket,(Mohammed),
Neal Skupski,1989-,tennis,,
Nebil Gahwagi,1989-,soccer,,
Nedim Yücel,1979-,basketball,,
Nehemiah Odhiambo,1983-,cricket,,
Neil Colville,1914-1987,ice hockey,,
Neil Taylor,1989-,soccer,,
Neiron Ball,1992-,football,,
Nels Stewart,1902-1957,ice hockey,,
Nelson Liriano,1964-,baseball,(Arturo),
Nelson Piquet,1952-,driving,,
Nemani Nadolo,1988-,rugby,"(Ratu, Driu)",
Nemia Soqeta,1988-,rugby,(Rata),
Nenad Zimonjić,1976-,tennis,,
Nerea Pena,1989-,handball,,
Nesim Özgür,1973-,soccer,,
Néstor Vidrio,1989-,soccer,(Vicente),
Nevin Lawson,1991-,football,,
Nezih Ali Boloğlu,1964-,soccer,,
Nia Dennis,1999-,gymnastics,,
Niall O'Brien,1981-,cricket,(John),
Nicholas Bett,1990-2018,track,,
Nick Blevins,1988-,rugby,,
Nick Easter,1978-,rugby,"(Nicholas, James)",
Nick Kyrgios,1995-,tennis,"(Nicholas, Hilmy)",
Nick Phipps,1989-,rugby,"(Nicholas, James)",
Nickell Robey,1992-,football,,
Niclas Ekberg,1988-,handball,,
Nico Hülkenberg,1987-,driving,,
Nicolaas Scholtz,1986-,cricket,"(Reimert, Petrus)",
Nicolas Escudé,1976-,tennis,,
Nicolás Lodeiro,1989-,soccer,(Marcelo),
Nicolas Mahut,1982-,tennis,"(Pierre, Armand)",
Nicolas N'Koulou,1990-,soccer,"(Alexis, Julioz)",
Nicole Hosp,1983-,skiing,,
Nieky Holzken,1983-,boxing,(Nicolaas),
Nigel Mansell,1953-,driving,,
Nikica Jelavić,1985-,soccer,,
Nikita Rukavytsya,1987-,soccer,(Vadimovich),
Niko Kovač,1971-,soccer,,
Nikola Kalinić,1988-,soccer,,
Nikola Matawalu,1989-,rugby,,
Nikola Mirotić,1991-,basketball,,
Nikola Prkačin,1975-,basketball,(Nikša),
Nikolaos Karelis,1992-,soccer,,
Nikos Galis,1957-,basketball,(Nikolaos),
Nikša Kaleb,1973-,handball,,
Niles Paul,1989-,football,,
Nils Liedholm,1922-2007,soccer,,
Nina Derwael,2000-,gymnastics,,
Ninoslav Parmaković,1982-,soccer,,
Noa Nakaitaci,1990-,rugby,(Seru),
Noel Valladares,1977-,soccer,(Eduardo),
Nolito,1986-,soccer,(Manuel),
Norbert Gyömbér,1992-,soccer,,
Norm Ullman,1935-,ice hockey,,
Norm Willey,1927-2011,football,"(Norman, Earle)",
"Norman ""Turkey"" Stearnes",1901-1979,baseball,,
Novak Martinović,1985-,soccer,,
Nuno Ribeiro,1977-,cycling,(Jorge),
Nuri Seferi,1976-,boxing,,
Nurullah Kaya,1986-,soccer,,
Nuwan Kulasekara,1982-,cricket,"(Mudiyanselage, Dinesh)",
Nynke Klopstra,1973-,martial arts,,
Obed Sullivan,1968-,boxing,(Benjamin),
Océane Dodin,1996-,tennis,,
Odell Beckham Jr.,1992-,football,,
Odlanier Solís,1980-,boxing,,
Ofisa Treviranus,1984-,rugby,,
Ögmundur Kristinsson,1989-,soccer,,
Ognjen Petrović,1948-2000,soccer,(Olja),
Ognjen Vukojević,1983-,soccer,,
Olcay Şahan,1987-,soccer,,
Ole Avei,1983-,rugby,(Wayne),
Oleg Khodkov,1974-,handball,,
Oleksandr Karavayev,1992-,soccer,,
Oleksandr Zinchenko,1996-,soccer,,
Olive Kilifi,1986-,rugby,,
Oliver Kirch,1982-,soccer,,
Oliver Norwood,1991-,soccer,,
Oliver Zelenika,1993-,soccer,,
Olivia Greaves,2004-,gymnastics,,
Ollie Matson,1930-2011,football,"(Oliver, Genoa)",
Omar Bravo,1980-,soccer,,
Omar Sheika,1977-,boxing,,
Ondrej Duda,1994-,soccer,,
Ons Jabeur,1994-,tennis,,
Ora Washington,c. 1899-1971,basketball,,
Orestis Karnezis,1985-,soccer,(Spyridon),
Oribe Peralta,1984-,soccer,,
Oriol Lozano,1981-,soccer,,
Orlando Cepeda,1937-2012,baseball,,
Orlando Pace,1975-,football,,
Oscar,1991-,soccer,,
Oscar Charleston,1896-1954,baseball,,
Oscar Durán,1980-,rugby,,
Oscar Hiljemark,1992-,soccer,"(Carl, Niclas)",
Oscar Robertson,1938-,basketball,(Palmer),
Oscar Schmidt,1958-,basketball,,
Osman Chávez,1984-,soccer,(Danilo),
Osvaldo González,1984-,soccer,(Alexis),
Oswaldo Peraza,1962-,baseball,,
Otmar Striedinger,1991-,skiing,,
Ottmar Hitzfeld,1949-,soccer,,
Otto Rehhagel,1938-,soccer,,
Ovidiu Hoban,1982-,soccer,(Ștefan),
Ovill McKenzie,1979-,boxing,,
Owain Fôn Williams,1987-,soccer,,
Owen Franks,1987-,rugby,,
Ozan Tufan,1995-,soccer,,
Öztürk Karataş,1991-,soccer,,
Ozzie Smith,1954-,baseball,,
Pablo Armero,1986-,soccer,,
Pablo Cuevas,1986-,tennis,(Gabriel),
Pablo Zabaleta,1985-,soccer,,
Paddy McNair,1995-,soccer,"(Patrick, James, Coleman)",
Paea Faʻanunu,1988-,rugby,,
Pál Benkő,1928-2019,chess,,
Panagiotis Glykos,1986-,soccer,(Georgios),
Panagiotis Tachtsidis,1991-,soccer,,
Panos Markovic,1925-2012,soccer,,
Paolo Maldini,1968-,soccer,,
Pape Sy,1988-,basketball,(Ousseynou),
Pascal Papé,1980-,rugby,,
Pastor Maldonado,1985-,driving,,
Pat Jennings,1945-,soccer,,
Pat Parfrey,1991-,rugby,,
Patric Kjellberg,1969-,ice hockey,(Göran),
Patricia Elorza,1984-,handball,,
Patrick Fa'apale,1991-,rugby,,
Patrick Kluivert,1976-,soccer,,
Patrick Mahomes,1995-,football,,
Patrick Omameh,1989-,football,(Chuba),
Patrick Roy,1965-,ice hockey,,
Patrik Ćavar,1971-,handball,,
Pau Gasol,1980-,basketball,,
Paul Aguilar,1986-,soccer,(Nicolás),
Paul Bosvelt,1970-,soccer,,
Paul Coffey,1961-,ice hockey,,
Paul Fanaika,1986-,football,(Pauliasi),
Paul Hornung,1935-,football,,
Paul Kariya,1974-,ice hockey,,
Paul Krause,1942-,football,,
Paul Molitor,1956-,baseball,,
Paul O'Connell,1979-,rugby,(Jeremiah),
Paul Pogba,1993-,soccer,(Labile),
Paul Verhaegh,1983-,soccer,"(Johannes, Gerardus)",
Paul Warfield,1942-,football,,
Paula Kinikinilau,1986-,rugby,(Fakavainga),
Pauliasi Manu,1987-,rugby,,
Paulien van Deutekom,1981-2019,skating,"(Ilse, Maria)",
Paulinho,1988-,soccer,"(José, Paulo)",
Paulo Obradović,1986-,water polo,,
Pavel Kadeřábek,1992-,soccer,,
Pavel Mogilevets,1993-,soccer,,
Pavel Tabakov,1970-,soccer,,
Pedro Martínez,1971-,baseball,,
Peet Petersen,1941-1980,soccer,,
Pekka Tuomisto,1960-,ice hockey,(Juhani),
Penda Sy,1984-,basketball,,
Pepe,1983-,soccer,"(Képler, Laveran)",
Per Mertesacker,1984-,soccer,,
Peri Sandria,1969-,soccer,,
Pernell McPhee,1988-,football,,
Pernilla Wiberg,1970-,skiing,,
Perrish Cox,1987-,football,(Eugene),
Petar Metličić,1976-,handball,,
Pete Hill,1882-1951,baseball,,
Pete Pihos,1923-2011,football,,
Pete Sampras,1971-,tennis,(Petros),
Peter Bosz,1963-,soccer,,
Péter Gulácsi,1990-,soccer,,
Peter Horne,1989-,rugby,,
Peter O'Mahony,1989-,rugby,,
Peter Shilton,1949-,soccer,,
Peter van Vossen,1968-,soccer,,
Petra Kronberger,1969-,skiing,,
Petra Martić,1991-,tennis,,
Peyton Ernst,1997-,gymnastics,(Michelle),
Phil Cavarretta,1916-2010,baseball,,
Phil Housley,1964-,ice hockey,,
Phil Jones,1992-,soccer,"(Philip, Anthony)",
Phil Mackenzie,1987-,rugby,,
Phil Rizzuto,1917-2007,baseball,,
Philipp Klement,1992-,soccer,,
Philipp Lahm,1983-,soccer,,
Philippe Saint-André,1967-,rugby,,
Phillip Cocu,1970-,soccer,,
Pie Traynor,1898-1972,baseball,,
Pierre Oriola,1992-,basketball,(David),
Pierre van Hooijdonk,1969-,soccer,,
Piet Keizer,1943-,soccer,,
Piet Schrijvers,1946-,soccer,,
Pieter-Steph du Toit,1992-,rugby,(Stephanus),
Pim Doesburg,1943-,soccer,,
Piper Gilles,1992-,skating,,
Polat Keser,1985-,soccer,,
Polutele Tuʻihalamaka,1949-,rugby,,
Pontus Kåmark,1969-,soccer,,
Pragyan Ojha,1986-,cricket,(Prayash),
Preston Smith,1992-,football,(Demarquis),
Priit Tomson,1942-,basketball,,
Prince Amukamara,1989-,football,(Kelechi),
Pua Kealoha,1902-1989,swimming,(Kele),
Qasim Sheikh,1984-,cricket,(Mohammad),
Quade Cooper,1988-,rugby,(Santini),
Quandre Diggs,1991-,football,,
Quantis Graves,1982-,boxing,,
Quddus Fielea,1967-,rugby,"(Kutusi, Vusika)",
Quincy Promes,1992-,soccer,,
Quino Colom,1988-,basketball,(Joaquim),
Quintin Demps,1985-,football,(Lamon),
Quinton de Kock,1992-,cricket,,
Quinton Dunbar,1992-,football,,
Rabia Ashiq,1992-,track,,
Rachael Denhollander,1984-,gymnastics,(Joy),
Rachel Gowey,1997-,gymnastics,(Kathryn),
Radamel Falcao,1986-,soccer,,
Radja Nainggolan,1988-,soccer,,
Raemon Sluiter,1978-,tennis,,
Rafael da Silva,1990-,soccer,,
Rafael Martín,1914-2010,basketball,,
Rafael van der Vaart,1983-,soccer,,
Rafinha,1985-,soccer,"(Márcio, Rafael)",
Ragnar Sigurðsson,1986-,soccer,,
Raheem Mostert,1992-,football,(Dominque),
Rahim Moore,1990-,football,(Shaheed),
Raimond Aumann,1963-,soccer,,
Rajeev Ram,1984-,tennis,,
Rajion Neal,1992-,football,(Lashad),
Rakep Patel,1989-,cricket,(Rajendra),
Rakim Cox,1991-,football,,
Ralph Kiner,1922-2014,baseball,,
"Ralph ""Cooney"" Weiland",1904-1985,ice hockey,,
Ramazan Özcan,1984-,soccer,,
Ramires,1987-,soccer,,
Ramnaresh Sarwan,1980-,cricket,(Ronnie),
Randall Brenes,1983-,soccer,,
Randall Evans,1991-,football,(Lemont),
Randell Johnson,1991-,football,,
Randy Moss,1977-,football,,
Rangana Herath,1978-,cricket,,
Raouf Benguit,1996-,soccer,(Abdelraouf),
Raphaël Guerreiro,1993-,soccer,(Adelino),
Raquel Atawo,1982-,tennis,,
Rashaan Melvin,1989-,football,(DeMarcus),
RaShaun Allen,1990-,football,,
Rasheed Bailey,1993-,football,,
Ras-I Dowling,1988-,football,(Luis),
Rasim Tagirbekov,1984-,soccer,(Zagirbekovich),
Ratko Štritof,1972-,water polo,,
Ratomir Dujković,1946-,soccer,,
Raúl Albiol,1985-,soccer,,
Raul Meireles,1983-,soccer,(José),
Ravi Rampaul,1984-,cricket,(Ravindranath),
Ray Allen,1975-,basketball,,
Ray Bourque,1960-,ice hockey,,
Ray Dandridge,1913-1994,baseball,,
Ray Guy,1949-,football,,
Ray Nitschke,1936-1998,football,,
Ray Schalk,1892-1970,baseball,,
Rayan Aribi,1987-,handball,,
Rayfield Wright,1945-,football,,
Raymond Kopa,1931-,soccer,,
Răzvan Raț,1981-,soccer,(Dincă),
Red Faber,1888-1976,baseball,,
Red Ruffing,1905-1986,baseball,,
"Reece ""Goose"" Tatum",1921-1967,basketball,,
Reg Noble,1895-1962,ice hockey,,
Reggie Miller,1965-,basketball,,
Regilio Tuur,1967-,boxing,,
"Reginald ""Hooley"" Smith",1903-1963,ice hockey,,
Regis Chakabva,1987-,cricket,(Wiriranai),
Rémi Talès,1984-,rugby,,
Rémy Grosso,1988-,rugby,,
Renato Ibarra,1991-,soccer,,
Renato Vrbičić,1970-,water polo,,
