René Houseman,1953-2018,soccer,(Orlando),
René van de Kerkhof,1951-,soccer,,
Renzo Olivo,1992-,tennis,,
Reşit Karabacak,1954-,wrestling,,
Reto Ziegler,1986-,soccer,(Pirmin),
Réver,1985-,soccer,(Humberto),
Reza Ghoochannejhad,1987-,soccer,,
Rheagan Courville,1993-,gymnastics,(Reneé),
Rhonda Faehn,1971-,gymnastics,,
Rhys Ruddock,1990-,rugby,,
Rhys Williams,1988-,soccer,,
Ricardo Carvalho,1978-,soccer,"(Alberto, de)",
Ricardo Lockette,1986-,football,(Quantaye),
Ricardo Rodríguez,1992-,soccer,,
Ricardo Zamora,1901-1978,soccer,,
Richard Dent,1960-,football,,
"Richard ""Goose"" Gossage",1951-,baseball,,
Richard Keogh,1986-,soccer,,
Richard Thorpe,1984-,rugby,,
Richard Witschge,1969-,soccer,,
Richel Hersisia,1974-,boxing,,
Richie Ashburn,1927-1997,baseball,,
Richie Guerin,1932-,basketball,,
Richie Vernon,1987-,rugby,"(Richard, John)",
Rick Barry,1944-,basketball,(Richard),
Rickey Henderson,1958-,baseball,,
Rickie Lambert,1982-,soccer,,
Ricky Jean-Francois,1986-,football,(Barkley),
Ricky van Wolfswinkel,1989-,soccer,,
Rigobert Song,1976-,soccer,,
Riley McCusker,2001-,gymnastics,(Shannon),
Rinat Ibragimov,1986-,ice hockey,(Rashidovich),
Rini Wagtmans,1946-,cycling,(Marinus),
Rinus Michels,1928-2005,soccer,(Marinus),
Rio Mavuba,1984-,soccer,(Antonio),
Rivaldo,1972-,soccer,(Vítor),
Rizwan Cheema,1978-,cricket,(Ahmed),
Rob Horne,1989-,rugby,(Robert),
Rob Rensenbrink,1947-,soccer,,
Rob Webber,1986-,rugby,,
Robbie Brady,1992-,soccer,(Robert),
Robbie Keane,1980-,soccer,"(Robert, David)",
Robert Almer,1984-,soccer,,
Robert Farah,1987-,tennis,(Charbel),
"Robert ""Ace"" Gruenig",1913-1958,basketball,,
Robert Kovač,1974-,soccer,,
Róbert Mak,1991-,soccer,,
Robert Parish,1953-,basketball,,
Roberta Vinci,1983-,tennis,,
Roberto Carlos,1973-,soccer,,
Roberto Baggio,1967-,soccer,,
Roberto Clemente,1934-1972,baseball,,
Roberto Rivellino,1946-,soccer,(Rivelino),
Robertson Daniel,1991-,football,,
Robin Olsen,1990-,soccer,,
Robin van Persie,1983-,soccer,,
Robinho,1984-,soccer,(Robson),
Rod Carew,1945-,baseball,,
Rod Langway,1957-,ice hockey,,
Rod Woodson,1965-,football,,
Rodolfo Pizarro,1994-,soccer,(Gilbert),
Rodrigo Millar,1981-,soccer,(Javier),
Rodrigo Palacio,1982-,soccer,(Sebastián),
Rogelio Chávez,1984-,soccer,(Alfredo),
Roger Brown,1942-1997,basketball,,
Roger Connor,1857-1931,baseball,,
Roger Federer,1981-,tennis,,
Roger Milla,1952-,soccer,,
Roger Staubach,1942-,football,,
Rogério Dutra Silva,1984-,tennis,,
Rogers Hornsby,1896-1963,baseball,,
Rohan Bopanna,1980-,tennis,,
Rohanee Cox,1980-,basketball,,
Rok Petrovič,1966-1993,skiing,,
Rolando McClain,1989-,football,(Marquise),
Rolph Grant,1909-1977,cricket,,
Roman Bürki,1990-,soccer,,
Roman Hubník,1984-,soccer,,
Roman Neustädter,1988-,soccer,,
Roman Shishkin,1987-,soccer,,
Roman Zozulya,1989-,soccer,,
Romário de Souza Faria,1966-,soccer,,
Romelu Lukaku,1993-,soccer,,
Ron Francis,1963-,ice hockey,,
Ron Santo,1940-2010,baseball,,
Ron Vlaar,1985-,soccer,,
Ron-Robert Zieler,1989-,soccer,,
Ronald Koeman,1963-,soccer,,
Ronaldinho,1980-,soccer,(Ronaldo),
Ronan Rafferty,1964-,golf,,
Ronnie Moore,1933-2018,driving,"(Ronald, Leslie)",
Rony Martínez,1987-,soccer,(Darío),
Ropati Pitoitua,1985-,football,,
Rory Kockott,1986-,rugby,,
Rosey Brown Jr.,1932-2004,football,(Roosevelt),
Ross Ford,1984-,rugby,,
Ross Moriarty,1994-,rugby,,
Roxanne Pierce,1954-,gymnastics,,
Roy Carroll,1977-,soccer,,
Roy Emerson,1936-,tennis,(Stanley),
Roy Helu,1988-,football,(Ziegler),
Roy Miller,1984-,soccer,,
Ruaidhri Smith,1994-,cricket,"(Alexander, James)",
Rube Foster,1879-1930,baseball,,
Rube Waddell,1876-1914,baseball,,
Rúben Amorim,1985-,soccer,(Filipe),
Rubén Farfán,1991-,soccer,(Ignacio),
Ruben Schaken,1982-,soccer,,
Rubin Okotie,1987-,soccer,(Rafael),
Rudi Völler,1960-,soccer,,
Rudy Fernández,1985-,basketball,(Rodolfo),
Rueben Randle,1991-,football,,
Rukiye Yıldırım,1991-,martial arts,,
Rune Brattsveen,1984-,skiing,,
Runish Gudhka,1989-,cricket,,
Ruslan Chagaev,1978-,boxing,,
Ruslan Rotan,1981-,soccer,,
Russell Bowie,1880-1959,ice hockey,,
Russell Wilson,1988-,football,(Carrington),
Rustem Mukhametshin,1984-,soccer,,
Ruth Grulkowski,1930-2012,gymnastics,,
Ruud Gullit,1962-,soccer,,
Ruud van Nistelrooij,1976-,soccer,,
Ruwan Kalpage,1970-,cricket,,
Ryan Bailey,1989-,track,,
Ryan Braun,1983-,baseball,,
Ryan Harris,1985-,football,"(Emerson, Wilcox)",
Ryan Howard,1979-,baseball,,
Ryan McGowan,1989-,soccer,(James),
Ryan Wilson,1989-,rugby,,
Rymer Liriano,1991-,baseball,(Omar),
Ryoichi Kawakatsu,1958-,soccer,,
Sabahudin Bilalović,1960-2003,basketball,,
Sabine Lisicki,1989-,tennis,(Katharina),
Sabrina Goleš,1965-,tennis,,
Saeed Al-Owairan,1967-,soccer,,
Safyaan Sharif,1991-,cricket,,
Sait Idrizi,1990-,soccer,,
Sakiusa Matadigo,1982-,rugby,(Masinivanua),
Salesi Finau,1973-,rugby,,
Salih Uçan,1994-,soccer,,
Salvatore Schillaci,1964-,soccer,,
Sam Acho,1988-,football,"(Samuel, Onyedikachi)",
Sam Brenner,1990-,football,"(Samuel, Callaghan)",
Sam Cane,1992-,rugby,"(Samuel, Jordan)",
Sam Crawford,1880-1968,baseball,,
Sam Huff,1934-,football,,
Sam Querrey,1987-,tennis,,
Sam Snead,1912-2002,golf,,
Sam Vokes,1989-,soccer,"(Samuel, Michael)",
Samanta Fabris,1992-,volleyball,,
Samantha Richards,1983-,basketball,,
Samed Abdul Awudu,1984-,soccer,,
Samed Yeşil,1994-,soccer,,
Samir Barać,1973-,water polo,,
Sammir,1987-,soccer,(Jorge),
Sammy Bossut,1985-,soccer,(Andre),
Sammy Sosa,1968-,baseball,,
Samson Po'uha,1972-,boxing,,
Samuel Eto'o,1981-,soccer,,
Samuel Inkoom,1989-,soccer,,
Samuela Vunisa,1988-,rugby,,
Sanda Dubravčić,1964-,skating,,
Sándor Kocsis,1929-1979,soccer,,
Sandrine Gruda,1987-,basketball,,
Sandro Raniere,1989-,soccer,,
Sandro Viletta,1986-,skiing,,
Sanele Vavae Tuilagi,1988-,rugby,,
Sanja Jovanović,1986-,swimming,,
Sanjay Bangar,1972-,cricket,(Bapusaheb),
Sanjin Prcić,1993-,soccer,,
Santi Cazorla,1984-,soccer,(Santiago),
Santiago Cordero,1993-,rugby,,
Santiago Gibernau,1988-,rugby,,
Santiago González Iglesias,1988-,rugby,,
Saphir Taïder,1992-,soccer,(Sliti),
Sarah Finnegan,1996-,gymnastics,,
Sarfraz Ahmed,1987-,cricket,,
Šarūnas Marčiulionis,1964-,basketball,,
Satchel Paige,1906-1982,baseball,,
Sayouba Mandé,1993-,soccer,,
Schalk Burger,1983-,rugby,"(Willem, Petrus)",
Scott Fardy,1984-,rugby,,
Scott Niedermayer,1973-,ice hockey,,
Scott Spedding,1986-,rugby,,
Scott Williams,1990-,rugby,,
Scotty Davidson,1892-1915,ice hockey,(Allan),
Sealver Siliga,1990-,football,(Tupaimoefitpo),
Seamus Kelly,1991-,rugby,,
Sean Lamont,1981-,rugby,(Fergus),
Sean McMahon,1994-,rugby,,
Sean Richardson,1990-,football,"(Seandre, Antonio)",
Seantavius Jones,1992-,football,,
Sebastián Coates,1990-,soccer,,
Sebastian Ofner,1996-,tennis,,
Sebastian Vettel,1987-,driving,,
Sébastien Tillous-Borde,1985-,rugby,,
Sei Muroya,1994-,soccer,,
Sejad Salihović,1984-,soccer,,
Selçuk İnan,1985-,soccer,,
Selima Sfar,1977-,tennis,,
Semir Kerla,1987-,soccer,,
Semir Tuce,1964-,soccer,,
Senad Lulić,1986-,soccer,,
Şener Özbayraklı,1990-,soccer,,
Senio Kelemete,1990-,football,,
Senquez Golson,1993-,football,(Da'Quinn),
Sepp Maier,1944-,soccer,,
Serdar Aziz,1991-,soccer,,
Serdar Topraktepe,1976-,soccer,,
Serena Williams,1981-,tennis,(Jameka),
Serge Aurier,1992-,soccer,,
Serge Savard,1946-,ice hockey,,
Sergei Fedorov,1969-,ice hockey,,
Sergei Makarov,1958-,ice hockey,,
Sergei Zubov,1970-,ice hockey,,
Sergey Ryzhikov,1980-,soccer,(Viktorovich),
Sergio Agüero,1988-,soccer,(Leonel),
Sergio Llull,1987-,basketball,,
Sergio Pérez,1990-,driving,,
Sergio Rico,1993-,soccer,,
Sergio Romero,1987-,soccer,(Germán),
Sergiy Stakhovsky,1986-,tennis,,
Serhiy Rybalka,1990-,soccer,,
Servando Carrasco,1988-,soccer,,
Kim Seung-gyu,1990-,soccer,,
Seydou Doumbia,1987-,soccer,(Alan),
Seyyit Hışırlı,1949-,wrestling,,
Shafiul Islam,1989-,cricket,,
Shahid Afridi,1980-,cricket,"(Sahibzada, Mohammad)",
Shakim Phillips,1992-,football,,
Shalva Mamukashvili,1990-,rugby,,
Shamar Stephen,1991-,football,(Irvin),
Shamiel Gary,1990-,football,,
Shane Duffy,1992-,soccer,,
Shane Long,1987-,soccer,(Patrick),
Shani Tarashaj,1995-,soccer,,
Shannon Sharpe,1968-,football,,
Shaq Thompson,1994-,football,(Shaquille),
Shaquil Barrett,1992-,football,,
Shareece Wright,1987-,football,(Lyndon),
Shaun Alexander,1977-,football,,
Shawn Johnson East,1992-,gymnastics,(Machel),
Shayne Graham,1977-,football,(Michael),
Shelby Harris,1991-,football,,
Shelley Smith,1987-,football,(Andres),
Sherman Williams,1972-,boxing,(Alexander),
Sherrod Martin,1984-,football,(Jerald),
Sherzod Abdurahmonov,1982-,boxing,,
Shikhar Dhawan,1985-,cricket,,
Shiloh Keo,1987-,football,,
Shinji Okazaki,1986-,soccer,,
Kim Shin-wook,1988-,soccer,,
Shivnarine Chanderpaul,1974-,cricket,,
Shkodran Mustafi,1992-,soccer,,
Shola Ameobi,1981-,soccer,(Foluwashola),
Peng Shuai,1986-,tennis,,
Shūichi Gonda,1989-,soccer,,
Shusaku Nishikawa,1986-,soccer,,
Si Griffis,1883-1950,ice hockey,(Silas),
Siale Piutau,1985-,rugby,,
Sid Abel,1918-2000,ice hockey,,
Sidney Crosby,1987-,ice hockey,(Patrick),
Siem de Jong,1989-,soccer,,
Silas Redd,1992-,football,(Raynard),
Silvestre Varela,1985-,soccer,(Manuel),
Silvio Piola,1913-1996,soccer,,
Šime Vrsaljko,1992-,soccer,,
Simon Church,1988-,soccer,,
Simon Mignolet,1988-,soccer,"(Luc, Hildebert)",
Simona Halep,1991-,tennis,,
Simone Bolelli,1985-,tennis,,
Simone Inzaghi,1976-,soccer,,
Sinali Latu,1965-,rugby,(Tui),
Sinem Barut,1986-,volleyball,,
Sinha,1976-,soccer,(Antônio),
Sione Fua,1988-,football,,
Sione Lea,1987-,rugby,,
Sjeng Schalken,1976-,tennis,,
Sjoerd Hamburger,1983-,boating,(Herman),
Sjoerd Hoogendoorn,1991-,volleyball,,
Sjoerd van Ginneken,1992-,cycling,,
Sjoerd Wartena,1939-,boating,,
Slater Martin,1925-2012,basketball,,
Slaviša Stojanovič,1969-,soccer,,
Sławomir Peszko,1985-,soccer,(Konrad),
Soane Havea,1981-,rugby,"(Patita, Pat, Boone, Sioape)",
Sofiane Feghouli,1989-,soccer,,
Sohag Gazi,1991-,cricket,,
Soheil Asgharzadeh,1993-,soccer,,
Soheil Rahmani,1988-,soccer,,
Sokratis Papastathopoulos,1988-,soccer,,
Sol Campbell,1974-,soccer,"(Sulzeer, Jeremiah)",
Somdev Devvarman,1985-,tennis,,
Sonja Barjaktarović,1986-,handball,,
Sonny Jurgensen,1934-,football,,
Sophina DeJesus,1994-,gymnastics,(Saade),
Sorn Davin,1992-,martial arts,,
Soroush Saeidi,1991-,soccer,,
Sotiris Ninis,1990-,soccer,,
Špela Pretnar,1973-,skiing,,
Spencer Ware,1991-,football,(Raleigh),
"Spurgeon Ferdinand ""Spud"" Chandler",1907-1990,baseball,,
Srebrenko Posavec,1980-,soccer,,
Stan Coveleski,1889-1984,baseball,,
Stan Mikita,1940-2018,ice hockey,(Stanislav),
Stan Valckx,1963-,soccer,,
Stanislav Šesták,1982-,soccer,,
Stanley Afeaki,1978-,rugby,"(Ilalio, Andrew)",
Stansly Maponga,1991-,football,,
Stavroula Zygouri,1968-,wrestling,,
Stefan de Vrij,1992-,soccer,,
Stefano Gross,1986-,skiing,,
Stefanos Athanasiadis,1988-,soccer,(Klaus),
Stefen Wisniewski,1989-,football,,
Stefon Diggs,1993-,football,,
Stelian Burcea,1983-,rugby,(Sandu),
Stepfan Taylor,1991-,football,(Lee),
Stephan Lichtsteiner,1984-,soccer,,
Stéphane Robert,1980-,tennis,,
Stephen Adams,1989-,soccer,,
Stephen Hill,1991-,football,(Trevon),
Stephen Moore,1983-,rugby,(Thomas),
Stephen Ward,1985-,soccer,,
Stephon Tuitt,1993-,football,(Jakiel),
Sterling Moore,1990-,football,,
Steve Atwater,1966-,football,,
Steve Carlton,1944-,baseball,,
Steve Hansen,1959-,rugby,"(Stephen, William)",
Steve Johnson,1989-,tennis,,
Steve Mafi,1989-,rugby,(Sitiveni),
Steve McNair,1973-2009,football,,
Steve Nash,1974-,basketball,,
Steve Shutt,1952-,ice hockey,,
Steve von Bergen,1983-,soccer,,
Steve Young,1961-,football,,
Steven Beitashour,1987-,soccer,(Mehrdad),
Steven Defour,1988-,soccer,(Arnold),
Adonis Stevenson,1977-,boxing,,
Stijn Schaars,1984-,soccer,"(Stefanus, Johannes)",
Stipe Pletikosa,1979-,soccer,,
Stojko Vranković,1964-,basketball,(Stojan),
Stuart Dallas,1991-,soccer,(Alan),
Stuart McInally,1990-,rugby,,
Yun Suk-young,1990-,soccer,,
Sulley Muntari,1984-,soccer,"(Suleyman, Ali)",
Baek Sung-dong,1991-,soccer,,
Ki Sung-yueng,1989-,soccer,,
Sunil Narine,1988-,cricket,(Philip),
Suranga Lakmal,1987-,cricket,"(Ranasinghe, Arachchige)",
Süreyya Ayhan,1978-,track,,
Hsieh Su-wei,1986-,tennis,,
Suzanne Lenglen,1899-1938,tennis,,
Svatoslav Ton,1978-,track,,
Sverrir Ingi Ingason,1993-,soccer,,
Svetlana Kuznetsova,1985-,tennis,,
Swin Cash,1979-,basketball,"(Swintayla, Marie)",
Sydney Johnson-Scharpf,2000-,gymnastics,(Ashlyn),
Sylvain Gbohouo,1988-,soccer,(Guelassiognon),
Sylvio Mantha,1902-1974,ice hockey,,
Nam Tae-hee,1991-,soccer,,
Tafadzwa Kamungozi,1987-,cricket,,
Tahir Khan,1981-,cricket,,
Taiwan Jones,1988-,football,"(Asti, Eric)",
Takayoshi Yamano,1955-,soccer,,
Takudzwa Ngwenya,1985-,rugby,,
Takuto Hayashi,1982-,soccer,,
Talemaitoga Tuapati,1985-,rugby,(Dautu),
Talita Nogueira,1985-,martial arts,,
Tallo Gadji,1992-,soccer,,
Tamás Kádár,1990-,soccer,,
Tamaz Mchedlidze,1993-,rugby,,
Tameem Al-Kubati,1989-,martial arts,,
Tamim Iqbal,1989-,cricket,,
Taniela Koroi,1990-,rugby,,
Tanmay Mishra,1986-,cricket,,
Tanner Purdum,1984-,football,,
Taras Stepanenko,1989-,soccer,,
Tarell Brown,1985-,football,(Lameek),
Tarvarius Moore,1996-,football,,
Tashaun Gipson,1990-,football,,
Tatenda Taibu,1983-,cricket,,
Taufaʻao Filise,1977-,rugby,,
Taulupe Faletau,1990-,rugby,(Tangaki),
Taurus Sykes,1975-,boxing,(Jabbar),
Tavarres King,1990-,football,,
Tavon Wilson,1990-,football,,
Tawanda Mupariwa,1985-,cricket,,
Taylor Hall,1991-,ice hockey,,
Tayo Fabuluje,1991-,football,,
Tea Pijević,1991-,handball,,
Ted Kennedy,1925-2009,ice hockey,(Teeder),
Ted Lindsay,1925-2019,ice hockey,"(Robert, Blake, Theodore)",
Ted Simmons,1949-,baseball,,
Teemu Selänne,1970-,ice hockey,(Ilmari),
Telvin Smith,1991-,football,,
Tendai Chatara,1991-,cricket,(Larry),
Tenny Palepoi,1990-,football,,
Teofil Codreanu,1941-2016,soccer,,
Teófilo Gutiérrez,1985-,soccer,(Antonio),
Terence Kongolo,1994-,soccer,,
Teresa Weatherspoon,1965-,basketball,,
Terrance Knighton,1986-,football,(O'Neil),
Terrell Davis,1972-,football,,
Terrell Suggs,1982-,football,(Raymonn),
Terron Armstead,1991-,football,,
Terry Bradshaw,1948-,football,,
Terry Sawchuk,1929-1970,ice hockey,,
Tevfik Odabaşı,1981-,wrestling,,
Tevin Mitchel,1992-,football,,
Tevita Kuridrani,1991-,rugby,(Ratu),
Thad Lewis,1987-,football,"(Thaddeus, Cowan)",
Thanasi Kokkinakis,1996-,tennis,,
Tharold Simon,1991-,football,(Dwight),
Theódór Elmar Bjarnason,1987-,soccer,,
Theodoros Zagorakis,1971-,soccer,(Theo),
Thiago Alcântara,1991-,soccer,,
Thiago Monteiro,1994-,tennis,,
Thiago Silva,1984-,soccer,,
Thiemo de Bakker,1988-,tennis,,
Thierry Omeyer,1976-,handball,,
Thokozani Mshengu,1985-,soccer,,
Thomas Enqvist,1974-,tennis,,
Thomas Johansson,1975-,tennis,,
Thomas Müller,1989-,soccer,,
Thomas Vermaelen,1985-,soccer,,
Thretton Palamo,1988-,rugby,,
Thurman Munson,1947-1979,baseball,,
Thurston Armbrister,1992-,football,,
Tiger Woods,1975-,golf,"(Eldrick, Tont)",
Tillakaratne Dilshan,1976-,cricket,(Mudiyanselage),
Tim Brown,1966-,football,,
Tim Coronel,1972-,driving,(Alfa),
Tim Duncan,1976-,basketball,(Timothy),
Tim Howard,1979-,soccer,"(Timothy, Matthew)",
Tim Krul,1988-,soccer,"(Timothy, Michael)",
Tim Raines,1959-,baseball,,
Tim Visser,1987-,rugby,"(Jan, Willem)",
Timea Bacsinszky,1989-,tennis,,
Timo Hoffmann,1974-,boxing,,
Timoci Nagusa,1987-,rugby,,
Timothy Chandler,1990-,soccer,,
Tin Jedvaj,1995-,soccer,,
Tina Charles,1988-,basketball,(Alexandria),
Tina Thompson,1975-,basketball,,
Tino Best,1981-,cricket,,
Tino-Sven Sušić,1992-,soccer,,
Titi Lamositele,1995-,rugby,,
TJ Perenara,1992-,rugby,"(Thomas, Tekanapu, Rawakata)",
Toben Opurum,1990-,football,,
Toby Alderweireld,1989-,soccer,"(Tobias, Albertine, Maurits)",
Toby Hernández,1958-,baseball,"(Rafael, Tobías)",
Todd Woodbridge,1971-,tennis,,
Tom Coronel,1972-,driving,(Romeo),
Tom Glavine,1966-,baseball,,
Tom Heaton,1986-,soccer,"(Thomas, David)",
Tom Hooper,1883-1960,ice hockey,,
Tom Mack,1943-,football,,
"Tom ""Satch"" Sanders",1938-,basketball,,
Tom Watson,1949-,golf,,
Tom Youngs,1987-,rugby,"(Thomas, Nicholas)",
Tomás Cubelli,1989-,rugby,,
Tomáš Hubočan,1985-,soccer,,
Tomás Lavanini,1993-,rugby,,
Tomáš Rosický,1980-,soccer,,
Tomáš Vaclík,1989-,soccer,,
Tomi Jurić,1991-,soccer,,
Tomislav Piplica,1969-,soccer,,
Tommaso Benvenuti,1990-,rugby,,
Tommy Dunderdale,1887-1960,ice hockey,,
Tommy McDonald,1934-,football,,
Tommy Phillips,1883-1923,ice hockey,,
Tommy Seymour,1988-,rugby,"(Thomas, Samuel, Fenwick)",
Tomoaki Makino,1987-,soccer,,
Toni Kroos,1990-,soccer,,
Toni Šunjić,1988-,soccer,,
Tonny Vilhena,1995-,soccer,(Emilio),
Tony Dorsett,1954-,football,,
Tony Fernández,1962-2020,baseball,"(Octavio, Antonio)",
Tony Gwynn,1960-,baseball,,
Tony Hills,1984-,football,"(Anthony, Tremaine)",
Tony Pérez,1942-,baseball,,
Tornike Shengelia,1991-,basketball,,
Torrey Smith,1989-,football,(James),
Tostão,1947-,soccer,(Eduardo),
Toufik Zerara,1986-,soccer,,
Toutai Kefu,1974-,rugby,"(Rodger, Siaosi)",
Tracy McGrady,1979-,basketball,,
Trai Turner,1993-,football,(Denzell),
Tramaine Brock,1988-,football,,
Tranquillo Barnetta,1985-,soccer,,
Travis Benjamin,1989-,football,(Jammal),
Travis Raciti,1992-,football,(Santo),
Tre Boston,1992-,football,"(Jayestin, Tre'von)",
Tre Mason,1993-,football,(Trence),
Trent Sainsbury,1992-,soccer,(Lucas),
Tress Way,1990-,football,"(Tressler, William)",
Trevor Hoffman,1967-,baseball,,
Trevor Nyakane,1989-,rugby,(Ntando),
Trey Watts,1991-,football,"(Julius, Caesar)",
