Aaron Carpenter,1983-,rugby,,
Aaron Jarvis,1986-,rugby,(Ronald),
Aaron Rodgers,1983-,football,,
Aasif Karim,1963-,cricket,(Yusuf),
Abby Bishop,1988-,basketball,,
Abdelmoumene Djabou,1987-,soccer,,
Abdul Majeed Waris,1991-,soccer,,
Abdulkadir Özgen,1986-,soccer,,
Abdur Razzak,1982-,cricket,,
Abel Aguilar,1985-,soccer,(Enrique),
Abie Grossfeld,1934-,gymnastics,,
Aboubakar Oumarou,1987-,soccer,,
Abry Jones,1991-,football,,
Aco Jonovski,1980-,handball,,
Ada Lunardoni,1911-2003,gymnastics,,
Adam Kwarasey,1987-,soccer,(Adambathia),
Ádám Lang,1993-,soccer,,
Adam Nemec,1985-,soccer,,
Adam Pavlásek,1994-,tennis,,
Ádám Szalai,1987-,soccer,(Csaba),
Adarius Glanton,1990-,football,,
Ade Akinbiyi,1974-,soccer,"(Adeola, Oluwatoyin)",
Ade Iwan Setiawan,1984-,soccer,,
Adebayo Azeez,1994-,soccer,"(Ade, Linford, Kazim)",
Adelaide Meyer,1906-1944,gymnastics,,
Ademir Marques de Menezes,1922-1996,soccer,,
Adil Chihi,1988-,soccer,,
Adil Rami,1985-,soccer,,
Adis Nurković,1986-,soccer,,
Admir Haznadar,1985-,soccer,,
Admir Teli,1981-,soccer,,
Adolf Anderssen,1818-1879,chess,,
Adriaan Strauss,1985-,rugby,(Jan),
"Adrian ""Cap"" Anson",1852-1922,baseball,,
Adrián Bone,1988-,soccer,,
Adrian Kunz,1967-,soccer,,
Adrian Peterson,1985-,football,,
Adrián Ramos,1986-,soccer,(Gustavo),
Adrie van Kraaij,1953-,soccer,,
Adrien Silva,1989-,soccer,(Sébastien),
Afriyie Acquah,1992-,soccer,(Ebenezer),
Agnieszka Radwańska,1989-,tennis,,
Agustín Creevy,1985-,rugby,,
Agustín Ormaechea,1991-,rugby,,
Ahmad Brooks,1984-,football,(Kadar),
Ahmet Yılmaz Çalık,1994-,soccer,,
Ahtyba Rubin,1986-,football,,
Aisam-ul-Haq Qureshi,1980-,tennis,,
Aïssa Mandi,1991-,soccer,,
AJ MacGinty,1990-,rugby,"(Alan, Leon)",
Ajit Wadekar,1941-2018,cricket,(Laxman),
Akapusi Qera,1984-,rugby,,
Akeem Spence,1991-,football,,
Akihito Yamada,1985-,rugby,,
Aksel Lund Svindal,1982-,skiing,,
Al Kaline,1934-,baseball,,
Al Rosen,1924-2015,baseball,,
Alafoti Fa'osiliva,1985-,rugby,,
Alaina Johnson,1990-,gymnastics,,
Alameda Ta'amu,1990-,football,,
Alan Ball,1985-,football,(Sheffield),
Alan Jones,1946-,driving,,
Alan Page,1945-,football,,
Alan Trammell,1958-,baseball,,
Alasdair Dickinson,1983-,rugby,(Granville),
Alasdair Strokosch,1983-,rugby,(Karl),
Alban Hoxha,1987-,soccer,(Bekim),
Albert Pujols,1980-,baseball,,
Albert Selimov,1986-,boxing,,
Albert Spalding,1850-1915,baseball,(Al),
Alberto Aquilani,1984-,soccer,,
Alberto De Marchi,1986-,rugby,,
Albie Morkel,1981-,cricket,"(Johannes, Albertus)",
Alcibíades Rojas,1986-,soccer,,
Alden Darby,1992-,football,,
Aldin Spahović,1979-,volleyball,,
Aldo de Nigris,1983-,soccer,(Jesús),
Aldon Smith,1989-,football,(Jacarus),
Aleah Finnegan,2003-,gymnastics,,
Alejandro Bedoya,1987-,soccer,,
Alejandro Nieto,1988-,rugby,,
Alejo Durán,1991-,rugby,,
Alekos Sofianidis,1933-2010,soccer,(Aleko),
Aleksandar Nikolić,1924-2000,basketball,(Aca),
Aleksandr Golovin,1996-,soccer,,
Aleksandr Kokorin,1991-,soccer,,
Aleksandra Krunić,1993-,tennis,,
Aleksei Budõlin,1976-,martial arts,,
Aleksei Kozlov,1986-,soccer,(Anatolyevich),
Alen Halilović,1996-,soccer,,
Alessandro Florenzi,1991-,soccer,,
Alessandro Zanni,1984-,rugby,,
Alex Sandro,1991-,soccer,,
Alex Cuthbert,1990-,rugby,,
Alex English,1954-,basketball,,
Alex Goode,1988-,rugby,"(David, Alexander, Vallance)",
Alex Král,1998-,soccer,,
Alex Oxlade-Chamberlain,1993-,soccer,"(Alexander, Mark, David)",
Alex Singleton,1993-,football,(Reed),
Alex Wilkinson,1984-,soccer,"(Alexander, William)",
Alexander Alekhine,1892-1946,chess,,
Alexander Domínguez,1987-,soccer,,
Alexander Khalifman,1966-,chess,,
Alexander Ovechkin,1985-,ice hockey,,
Alexander Rossi,1991-,driving,,
Alexander Ward,1990-,tennis,,
Alexander Zverev Jr.,1997-,tennis,(Sascha),
Alexandre Pato,1989-,soccer,,
Alexandre Flanquart,1989-,rugby,,
Alexandre Ribeiro,1981-,martial arts,(Xande),
Alexandros Tziolis,1985-,soccer,,
Alexandru Mățel,1989-,soccer,,
Alexe Gilles,1992-,skating,,
Alexey Shved,1988-,basketball,(Viktorovich),
Alexis Infante,1961-,baseball,(Fermín),
Alexis Sánchez,1988-,soccer,(Alejandro),
Alfredo Di Stéfano,1926-,soccer,,
Alfreð Finnbogason,1989-,soccer,,
Alia Ouabdelsselam,1978-,skating,,
Alina l'Ami,1985-,chess,,
Alireza Jahanbakhsh,1993-,soccer,,
Alison Riske,1990-,tennis,,
Alistair Overeem,1980-,martial arts,(Cees),
Aljaž Bedene,1989-,tennis,,
Allan Nyom,1988-,soccer,(Roméo),
Allan Stanley,1926-2013,ice hockey,,
Almir,1969-,soccer,,
Almir Gegić,1979-,soccer,,
Almir Tanjič,1979-,soccer,,
Alo Bärengrub,1984-,soccer,,
Alok Kapali,1984-,cricket,,
"Alphonse ""Tuffy"" Leemans",1912-1979,football,,
Alterraun Verner,1988-,football,(Ennis),
Alun Wyn Jones,1985-,rugby,,
Álvaro Rafael González,1984-,soccer,,
Alvaro Načinović,1966-,handball,,
Álvaro Pereira,1985-,soccer,(Daniel),
Alyssa Beckerman,1981-,gymnastics,(Erin),
Amanda Borden,1977-,gymnastics,(Kathleen),
Amanda Kurtović,1991-,handball,,
Amari Cooper,1994-,football,,
Amarlo Herrera,1991-,football,,
Ambroise Oyongo,1991-,soccer,,
Ameer Abdullah,1993-,football,,
Amela Kršo,1991-,soccer,,
Amelia Hundley,1998-,gymnastics,(Magdalena),
Amini Silatolu,1988-,football,,
Amir Hossein Sadeghi,1981-,soccer,,
Amos Rusie,1871-1942,baseball,,
Ana Debelić,1994-,handball,,
Ana Konjuh,1997-,tennis,,
Ana Turk,1989-,handball,,
Anamul Haque,1992-,cricket,,
Anastasia Pavlyuchenkova,1991-,tennis,,
Anastasija Sevastova,1990-,tennis,,
Anatolie Ostap,1979-,soccer,,
Anatoliy Tymoshchuk,1979-,soccer,,
Ander Iturraspe,1989-,soccer,,
Andranik Teymourian,1983-,soccer,,
Andre Agassi,1970-,tennis,(Kirk),
André Ayew,1989-,soccer,"(Dede, Morgan, Rami)",
Andre Branch,1989-,football,(Orlandus),
André-Pierre Gignac,1985-,soccer,,
Andre Hal,1992-,football,(Jeroy),
André Lerond,1930-2018,soccer,,
Andre Roberts,1988-,football,(McXavier),
André Schürrle,1990-,soccer,(Horst),
Andre Williams,1992-,football,(Rishard),
Andrea Barzagli,1981-,soccer,,
Andrea Jaeger,1965-,tennis,,
Andrea Manici,1990-,rugby,,
Andrea Pirlo,1979-,soccer,,
Andreas Brehme,1960-,soccer,,
Andreas Isaksson,1981-,soccer,,
Andreas Samaris,1989-,soccer,,
Andrei Prepeliță,1985-,soccer,,
Andrei Semyonov,1989-,soccer,(Sergeyevich),
Andrei Vasilevski,1991-,tennis,,
Andreja Klepač,1986-,tennis,,
Andrés Guardado,1986-,soccer,(José),
Andrés Vilaseca,1991-,rugby,,
Andrew Durutalo,1987-,rugby,,
Andrew Suniula,1982-,rugby,,
Andrew Weibrecht,1986-,skiing,,
Andrey Yeshchenko,1984-,soccer,,
Andriy Medvedev,1974-,tennis,(Andrei),
Andriy Yarmolenko,1989-,soccer,,
Andrus Peat,1993-,football,(Jamerson),
Andy Cooper,1898-1941,baseball,,
Andy Murray,1987-,tennis,"(Andrew, Barron)",
Andy Phillip,1922-2001,basketball,,
Andy van der Meijde,1979-,soccer,,
Anel Hadžić,1989-,soccer,,
Anel Raskaj,1989-,soccer,,
Anes Haurdić,1990-,soccer,,
Anes Zverotić,1985-,soccer,,
Anett Kontaveit,1995-,tennis,,
Angel McCoughtry,1986-,basketball,(Lajuane),
Angela James,1964-,ice hockey,,
Angelique Kerber,1988-,tennis,,
Ángelo Henríquez,1994-,soccer,(José),
Angelo Ogbonna,1988-,soccer,(Obinze),
Angelos Basinas,1976-,soccer,,
Anghel Iordănescu,1950-,soccer,,
Anita Gaće,1983-,handball,,
Ann Meyers,1955-,basketball,(Elizabeth),
Anna-Lena Grönefeld,1985-,tennis,,
Anna Li,1988-,gymnastics,,
Anne Donovan,1961-,basketball,(Theresa),
Annemarie Moser-Pröll,1953-,skiing,,
Ansi Agolli,1982-,soccer,,
Ante Ćorić,1997-,soccer,,
Anthony Catt,1933-2018,cricket,(Waldron),
Anthony Lopes,1990-,soccer,,
Anthony Muñoz,1958-,football,,
Anthony Vanden Borre,1987-,soccer,(Henri),
Antoaneta Stefanova,1979-,chess,,
Antoine Griezmann,1991-,soccer,,
Anton Peikrishvili,1987-,rugby,,
Antone Exum,1991-,football,(Chavez),
Antonio Carbajal,1929-,soccer,,
Antonio Smith,1981-,football,(DeShonta),
Antonios Nikopolidis,1971-,soccer,,
Antrel Rolle,1982-,football,(Rocelious),
Anwar Oshana,1972-,boxing,,
Api Ratuniyarawa,1986-,rugby,,
Aquivaldo Mosquera,1981-,soccer,,
Arantxa Rus,1990-,tennis,,
Archie Gemmill,1947-,soccer,,
Archie Thompson,1978-,soccer,"(Archibald, Gerald)",
Arden Key,1996-,football,,
Ari Freyr Skúlason,1987-,soccer,,
Ariana Berlin,1987-,gymnastics,(Alyse),
Arie Selinger,1937-,volleyball,(Aryeh),
Ariel López,1974-,soccer,(Maximiliano),
Arik Armstead,1993-,football,,
Arjen Robben,1984-,soccer,,
Arky Vaughan,1912-1952,baseball,,
Arman Yeremyan,1986-,martial arts,,
Armonty Bryant,1990-,football,,
Arnaud Clément,1977-,tennis,,
Arnie Herber,1910-1969,football,,
Arnie Weinmeister,1923-2000,football,,
Arnold Palmer,1929-,golf,,
Arnon Tamir,1986-,soccer,,
Arnór Ingvi Traustason,1993-,soccer,,
Aron Jóhannsson,1990-,soccer,,
Árpád Fazekas,1930-2018,soccer,,
Arrigo Sacchi,1946-,soccer,,
Art Coulter,1909-2000,ice hockey,,
Art Monk,1957-,football,,
Art Shell,1946-,football,,
Artem Fedetskyi,1985-,soccer,,
Arthur Boka,1983-,soccer,(Etienne),
Arthur Farrell,1877-1909,ice hockey,,
Artis Gilmore,1949-,basketball,,
Artur Jędrzejczyk,1987-,soccer,,
Arturo Vidal,1987-,soccer,(Erasmo),
Arvīds Reķis,1979-,ice hockey,,
Asa Jackson,1989-,football,"(Rashaan, Webster)",
Asamoah Gyan,1985-,soccer,,
Ashaad Mabry,1992-,football,,
Ashleigh Barty,1996-,tennis,,
Ashleigh Gnat,1994-,gymnastics,,
Ashley Postell,1986-,gymnastics,,
Ashley Williams,1984-,soccer,(Errol),
Ravichandran Ashwin,1986-,cricket,,
Asim Saeed,1979-,cricket,,
Asmir Avdukić,1981-,soccer,,
Astyanax Douglass,1897-1975,baseball,,
Atareta Maxwell,1956-2007,dancing,(Carol),
Atif Bashir,1985-,soccer,,
Atilla Koca,1980-,soccer,,
Atsushi Hiwasa,1987-,rugby,,
Attila Fiola,1990-,soccer,,
"Aubrey ""Dit"" Clapper",1907-1978,ice hockey,,
Audley Harrison,1971-,boxing,,
Augusto Fernández,1986-,soccer,(Matías),
Aurélien Chedjou,1986-,soccer,(Bayard),
Austin Ejide,1984-,soccer,"(Augustine, Amamchukwu)",
Aveion Cason,1979-,football,,
Avraam Papadopoulos,1984-,soccer,,
Axel Witsel,1989-,soccer,"(Laurent, Angel, Lambert)",
Ayrton Senna,1960-1994,driving,,
Azeglio Vicini,1933-2018,soccer,,
Azubuike Egwuekwe,1989-,soccer,(Emanuel),
Bacary Sagna,1983-,soccer,,
Bailey Howell,1937-,basketball,,
Bailie Key,1999-,gymnastics,(Jaye),
Bakir Beširević,1965-,soccer,,
Balázs Hárai,1987-,water polo,,
Barbara Schett,1976-,tennis,,
Barbora Strýcová,1986-,tennis,,
Barkevious Mingo,1990-,football,"(KeKe, Levon)",
Barney Sedran,1891-1964,basketball,,
Barrett Jones,1990-,football,,
Barry Larkin,1964-,baseball,,
Bart Starr,1934-2019,football,,
Bartosz Salamon,1991-,soccer,,
Bashaud Breeland,1992-,football,,
Bear Pascoe,1986-,football,"(McKenna, Sean)",
Beatriz Haddad Maia,1996-,tennis,,
Bebeto,1964-,soccer,"(José, Roberto)",
Begoña Fernández,1980-,handball,,
Beiker Graterol,1974-,baseball,,
Bekim Balaj,1991-,soccer,(Abdyl),
Ben Hogan,1912-1997,golf,,
Ben Foster,1983-,soccer,(Anthony),
Ben Halloran,1992-,soccer,(Benjamin),
Ben Morgan,1989-,rugby,"(Benjamin, John)",
Ben Tameifuna,1991-,rugby,"(Benjamin, Vainga, Charles)",
Ben Volavola,1991-,rugby,,
Ben Youngs,1989-,rugby,"(Benjamin, Ryder)",
Bené Benwikere,1991-,football,(Sylvion),
Benhur Kivalu,1972-,rugby,,
Benjamin Kayser,1984-,rugby,,
Bennett Jackson,1991-,football,(Troy),
Bennie Logan,1989-,football,(Cordell),
Benoît Angbwa,1982-,soccer,(Christian),
Benoît Costil,1987-,soccer,,
Benoît Piffero,1987-,rugby,,
Berit Unn Johansen,1947-,skating,,
Bernard Foley,1989-,rugby,,
Bernard Le Roux,1989-,rugby,,
Bernard Tomic,1992-,tennis,,
Bernd Leno,1992-,soccer,,
Bernie Federko,1956-,ice hockey,,
Bernie Parent,1945-,ice hockey,,
Bert Blyleven,1951-,baseball,,
Bert Olmstead,1926-2015,ice hockey,,
Berti Vogts,1946-,soccer,,
Bertus Mooi Wilten,1913-1965,swimming,"(Sjoerd, Lambertus)",
Betina Jozami,1988-,tennis,,
Beto,1982-,soccer,"(António, Alberto)",
Betty Okino,1975-,gymnastics,"(Elizabeth, Anna)",
Betül Cemre Yıldız,1989-,chess,,
Beuran Hendricks,1990-,cricket,(Eric),
Bhuvneshwar Kumar,1990-,cricket,,
Bid McPhee,1859-1943,baseball,,
Bilal Gülden,1993-,soccer,,
Biljana Petrović,1961-,track,,
Bill Bradley,1943-,basketball,"(William, Warren)",
Bill Cowley,1912-1993,ice hockey,,
Bill Dudley,1921-2010,football,,
Bill Foster,1904-1978,baseball,,
Bill George,1929-1982,football,,
Bill Mazeroski,1936-,baseball,,
Bill Playle,1938-2019,cricket,"(William, Rodger)",
Bill Russell,1934-,basketball,"(William, Felton)",
Bill Terry,1898-1989,baseball,,
Bill Walton,1952-,basketball,,
Billie Jean King,1943-,tennis,,
Billy Cunningham,1943-,basketball,(William),
Billy Hamilton,1866-1940,baseball,,
Billy McGimsie,1880-1968,ice hockey,,
Billy Shaw,1938-,football,,
Billy Vunipola,1992-,rugby,(Viliami),
Birkir Bjarnason,1988-,soccer,,
Bishop Sankey,1992-,football,,
Biz Mackey,1897-1965,baseball,,
Blaine Clausell,1992-,football,(Iman),
Blaine Scully,1988-,rugby,,
Blair Russel,1880-1961,ice hockey,,
Blanka Vlašić,1983-,track,,
Blaženko Lacković,1980-,handball,,
Blidi Wreh-Wilson,1989-,football,,
Bob Bryan,1978-,tennis,"(Robert, Charles)",
Bob Davies,1920-1990,basketball,(Robert),
Bob Feller,1918-2010,baseball,,
Bob Gibson,1935-,baseball,,
Bob Hayes,1942-2002,football,,
Bob Kurland,1924-2013,basketball,"(Robert, Albert)",
Bob Lemon,1920-2000,baseball,,
Bob McAdoo,1951-,basketball,,
Bob Pettit,1932-,basketball,(Robert),
Bob St. Clair,1931-2015,football,,
Boban Babunski,1968-,soccer,,
Bobby Bell,1940-,football,,
Bobby Clarke,1949-,ice hockey,,
Bobby Doerr,1918-2017,baseball,,
Bobby Hull,1939-,ice hockey,,
Bobby Jones,1951-,basketball,"(Robert, Clyde)",
Bobby McDermott,1914-1963,basketball,,
Bobby Moore,1941-1993,soccer,,
Bobby Robson,1933-2009,soccer,(Robert),
Bobby Wallace,1873-1960,baseball,,
Bobley Anderson,1992-,soccer,,
Bogdan Stancu,1987-,soccer,(Sorin),
Bojan Bogdanović,1989-,basketball,,
Kim Bo-kyung,1989-,soccer,,
Bonel Balingit,1967-,basketball,,
Boog Powell,1941-,baseball,"(John, Wesley)",
Bořek Dočkal,1988-,soccer,,
Boris Gelfand,1968-,chess,,
Borja Mayoral,1997-,soccer,,
Borna Ćorić,1996-,tennis,,
Boro Jovanović,1939-,tennis,,
Boudewijn Zenden,1976-,soccer,,
Božidar Jović,1972-,handball,,
Brad Davis,1981-,soccer,"(Bradley, Joseph)",
Brad Park,1948-,ice hockey,,
Bradley Davies,1987-,rugby,,
Braith Anasta,1982-,rugby,(Xiannikis),
Branden Albert,1984-,football,,
Brandian Ross,1989-,football,,
Brandin Cooks,1993-,football,,
Brandon Marshall,1989-,football,(Markeith),
Brandy Johnson,1973-,gymnastics,,
Braxston Cave,1989-,football,,
Breel Embolo,1997-,soccer,,
Brendon McCullum,1981-,cricket,(Barrie),
Breno Giacomini,1985-,football,,
Brett Anderson,1988-,baseball,(Franklin),
Brett Favre,1969-,football,,
Brett Thompson,1990-,rugby,,
Brian Leetch,1968-,ice hockey,,
Brian Quick,1989-,football,(Rumeal),
Brian Urlacher,1978-,football,,
Brice Butler,1990-,football,,
Brice Dulin,1990-,rugby,,
Briley Casanova,1994-,gymnastics,,
Brock Hekking,1991-,football,"(Broderick, Adrianus)",
Brock Radunske,1983-,ice hockey,,
Bronko Nagurski,1908-1990,football,,
Bruce Matthews,1961-,football,,
Bruce Smith,1963-,football,,
Bruce Sutter,1953-,baseball,,
Bruno Gudelj,1966-,handball,,
Bruno Soares,1982-,tennis,,
Bruno Uvini,1991-,soccer,,
Bryan Hextall,1913-1984,ice hockey,,
Bryan Ruiz,1985-,soccer,(Jafet),
Bryce Callahan,1991-,football,(Jordan),
Bryce Petty,1991-,football,,
Buck Buchanan,1940-1992,football,,
Buck Leonard,1907-1997,baseball,,
Budimir Vujačić,1964-,soccer,,
Lee Bum-young,1989-,soccer,,
Burhan Eşer,1987-,soccer,,
Burim Kukeli,1984-,soccer,(Nue),
Buster Posey,1987-,baseball,"(Gerald, Dempsey)",
Cafu,1970-,soccer,(Marcos),
Cal Hubbard,1900-1977,football,,
Calais Campbell,1986-,football,(Malik),
Cam Dolan,1990-,rugby,"(Cameron, Alexander)",
Cam Newton,1989-,football,,
Cameron Norrie,1995-,tennis,,
Camilla Herrem,1986-,handball,,
Cammi Granato,1971-,ice hockey,,
Candace Parker,1986-,basketball,(Nicole),
Candy Cummings,1848-1924,baseball,,
Cappie Pondexter,1983-,basketball,(Marie),
Cara Black,1979-,tennis,,
Careca,1960-,soccer,,
Carina Witthöft,1995-,tennis,,
Carl Eller,1942-,football,,
Carl Medjani,1985-,soccer,,
Carl Yastrzemski,1939-,baseball,,
Carlo Canna,1992-,rugby,,
Carlo Janka,1986-,skiing,,
Carlos Bacca,1986-,soccer,(Arturo),
Carlos Carmona,1987-,soccer,(Emilio),
Carlos Alberto Parreira,1943-,soccer,,
Carlos Quintero,1987-,soccer,(Darwin),
Carlos Salcido,1980-,soccer,(Arnoldo),
Carlos Alberto Torres,1944-,soccer,,
Carlos Valdés,1985-,soccer,(Enrique),
Carlton Williamson,1958-,football,,
Carmelo Anthony,1984-,basketball,(Kyam),
Carmen Martín,1988-,handball,(Dolores),
Caroline Garcia,1993-,tennis,,
Carrie Englert,1957-,gymnastics,,
Carson Palmer,1979-,football,(Hilton),
Carwyn James,1929-1983,rugby,(Rees),
Casey Dellacqua,1985-,tennis,,
Cassius Marsh,1992-,football,(Lee),
Cătălin Zmărăndescu,1973-,boxing,,
Caushaud Lyons,1993-,football,,
Cecil Shorts,1987-,football,(Carlon),
Cédric Djeugoué,1992-,soccer,,
Cédric Si Mohamed,1985-,soccer,,
Cédric Sorhaindo,1984-,handball,,
Celso Borges,1988-,soccer,,
Cenk Tosun,1991-,soccer,,
César Azpilicueta,1989-,soccer,,
Cesare Maldini,1932-,soccer,,
Cesare Prandelli,1957-,soccer,,
Chadwick Walton,1985-,cricket,"(Antonio, Kirkpatrick)",
Champ Bailey,1978-,football,(Roland),
Chance Warmack,1991-,football,,
Chandika Hathurusingha,1968-,cricket,(Upul),
Kim Chang-soo,1985-,soccer,,
Charcandrick West,1991-,football,,
Charles Barkley,1963-,basketball,,
"Charles ""Tarzan"" Cooper",1907-1980,basketball,,
Charles Itandje,1982-,soccer,(Hubert),
"Charles ""Kid"" Nichols",1869-1953,baseball,(Kid),
Charley Taylor,1941-,football,,
Charlie Conacher,1909-1967,ice hockey,,
Charlie Gardiner,1904-1934,ice hockey,"(Charles, Chuck)",
