Joe Sewell,1898-1990,baseball,,
Joe Taufete'e,1992-,rugby,(Joseph),
Joe Theismann,1949-,football,,
Joe Tinker,1880-1948,baseball,,
Joe Torre,1940-,baseball,,
Joel Campbell,1992-,soccer,(Nathaniel),
Joël Matip,1991-,soccer,"(Job, Andre)",
Joey Votto,1983-,baseball,,
Johan Cruijff,1947-,soccer,,
Johan Djourou,1987-,soccer,(Danon),
Johan Neeskens,1951-,soccer,,
Jóhann Berg Guðmundsson,1990-,soccer,,
Johanna Larsson,1988-,tennis,,
John Obi Mikel,1987-,soccer,"(Michael, Nchekwube)",
John Beckman,1895-1968,basketball,,
John Boye,1987-,soccer,,
John Brooks,1993-,soccer,(Anthony),
John Denney,1978-,football,(Sifford),
"John ""Paddy"" Driscoll",1896-1968,football,(Paddy),
John Guidetti,1992-,soccer,(Alberto),
John Hardie,1988-,rugby,,
John Heitinga,1983-,soccer,,
John Isner,1985-,tennis,,
John Henry Lloyd,1884-1964,baseball,,
John Mackey,1941-2011,football,,
John Millman,1989-,tennis,,
John O'Shea,1981-,soccer,(Francis),
John Quill,1990-,rugby,,
John Riggins,1949-,football,,
"John ""Honey"" Russell",1902-1973,basketball,,
John Schommer,1884-1960,basketball,,
John Stallworth,1952-,football,,
John Stockton,1962-,basketball,(Houston),
"John ""Cat"" Thompson",1906-1990,basketball,,
John van 't Schip,1963-,soccer,,
John Wooden,1910-2010,basketball,,
Johnathan Joseph,1984-,football,,
Johnny Bench,1947-,baseball,,
Johnny Bucyk,1935-,ice hockey,(John),
Johnny Herrera,1981-,soccer,(Cristián),
"Johnny ""Blood"" McNally",1903-1985,football,,
Johnny Rep,1951-,soccer,,
Johnny Romano,1934-2019,baseball,"(John, Anthony)",
Johnny Weissmuller,1904-1984,swimming,,
Johnthan Banks,1989-,football,(Shuntay),
Jón Daði Böðvarsson,1992-,soccer,,
Jonah Lomu,1975-2015,rugby,(Tali),
Jonas Källman,1981-,handball,,
Jonathan de Guzmán,1987-,soccer,(Alexander),
Jonathan Mensah,1990-,soccer,,
Jonathan Rossini,1989-,soccer,,
Jonathan Stewart,1987-,football,(Creon),
Jonathan Walters,1983-,soccer,(Ronald),
Park Jong-woo,1989-,soccer,,
Jonny Gray,1994-,rugby,,
Jonny May,1990-,rugby,(Jonathan),
Jonotthan Harrison,1991-,football,,
Park Joo-ho,1987-,soccer,,
Joplo Bartu,1989-,football,(Johnny),
Jordan Bowers,2003-,gymnastics,(Skylar),
Jordan Dangerfield,1990-,football,"(Isaac, Aldon)",
Jordan Lukaku,1994-,soccer,(Zacharie),
Jordi Alba,1989-,soccer,,
Jordi Murphy,1991-,rugby,,
Jordy Clasie,1991-,soccer,,
Jorge Claros,1986-,soccer,(Aarón),
Jorge Fucile,1984-,soccer,(Ciro),
Jorge Valdivia,1983-,soccer,(Luis),
Jørgen Hviid,1916-2001,ice hockey,"(Jergens, Alfreds)",
Jorvorskie Lane,1987-,football,(Javion),
José María Basanta,1984-,soccer,,
Jose Canseco,1964-,baseball,,
José de Jesús Corona,1981-,soccer,,
José Fonte,1983-,soccer,"(Miguel, da)",
José Giménez,1995-,soccer,(María),
José Manuel Monsalve,1945-,basketball,(Moncho),
José Nasazzi,1901-1968,soccer,,
José Rojas,1983-,soccer,(Manuel),
José Théodore,1976-,ice hockey,,
José Juan Vázquez,1988-,soccer,,
Josef Šural,1990-,soccer,,
Joseph Brennan,1900-1989,basketball,,
Josh Allen,1991-,football,(Nathanial),
Josh Gibson,1911-1947,baseball,,
Josh Johnson,1990-,football,"(Joshua, Lutrail)",
Josh Matavesi,1990-,rugby,"(Joshua, Lewis)",
Josh Taumalolo,1976-,rugby,(Siua),
Joshua Kimmich,1995-,soccer,,
Josip Pavić,1982-,water polo,,
Joško Kreković,1969-,water polo,,
Jovica Lakić,1974-,soccer,,
Jozef Kovalík,1992-,tennis,,
JP Pietersen,1986-,rugby,"(Jon, Paul, Roger)",
Juan Sebastián Cabal,1986-,tennis,,
Juan de Freitas,1989-,rugby,,
Juan Manuel Fangio,1911-1995,driving,,
Juan Figallo,1988-,rugby,(Guillermo),
Juan Carlos García,1988-,soccer,,
Juan Martín Hernández,1982-,rugby,,
Juan Imhoff,1988-,rugby,,
Juan Manuel Leguizamón,1983-,rugby,,
Juan Mata,1988-,soccer,(Manuel),
Juan Carlos Navarro,1980-,basketball,,
Juan Carlos Paredes,1987-,soccer,,
Juan Alberto Schiaffino,1925-2002,soccer,,
Juan Camilo Zúñiga,1985-,soccer,,
Jud Wilson,1894-1963,baseball,,
Judy Howe,1935-,gymnastics,"(Judith, Ann)",
Julia Boserup,1991-,tennis,,
Julian Baumgartlinger,1988-,soccer,,
Julian Green,1995-,soccer,(Wesley),
Julian Savea,1990-,rugby,(Sio),
Julianna Cannamela,1997-,gymnastics,,
Julien Benneteau,1981-,tennis,,
Julien Lizeroux,1979-,skiing,,
Julio César Chávez,1962-,boxing,,
Julio Peralta,1981-,tennis,(Leonardo),
Julius Erving,1950-,basketball,,
Jumal Rolle,1990-,football,(Dequavius),
Junichi Inamoto,1979-,soccer,,
Junior Fernándes,1988-,soccer,(Antenor),
Junior Seau,1969-2012,football,"(Tiaina, Baul)",
Jupp Heynckes,1945-,soccer,(Josef),
Jürgen Klinsmann,1964-,soccer,,
Jurrell Casey,1989-,football,,
Justice Cunningham,1991-,football,,
Justin Gimelstob,1977-,tennis,(Jeremy),
Justin Ives,1984-,rugby,,
Justin Staples,1989-,football,(Ikeem),
Justin Tuggle,1990-,football,(DuJian),
Justine Henin,1982-,tennis,,
Juwon Oshaniwa,1990-,soccer,,
Kaarel Kiidron,1990-,soccer,,
Kacy Catanzaro,1990-,wrestling,(Esther),
Kaelin Clay,1992-,football,,
Kahn Fotuali'i,1982-,rugby,(Faasega),
Kain Colter,1990-,football,(Theodis),
Kaja Juvan,2000-,tennis,,
Kaleb Ramsey,1989-,football,,
Kalin Lucas,1989-,basketball,,
Kálmán Ihász,1941-,soccer,,
Kamal Johnson,1991-,football,,
Kamau Leverock,1994-,cricket,(Sadiki),
Kamil Grosicki,1988-,soccer,,
Kane Thompson,1982-,rugby,(Gregory),
Kantemir Berkhamov,1988-,soccer,(Mikhailovich),
Kapri Bibbs,1993-,football,(Lashaw),
Kara Eaker,2002-,gymnastics,,
Kareem Martin,1992-,football,,
Kári Árnason,1982-,soccer,,
Kari Mette Johansen,1979-,handball,,
Karim Benzema,1987-,soccer,(Mostafa),
Karin Büttner-Janz,1952-,gymnastics,,
Karl Malone,1963-,basketball,,
Karlen Asieshvili,1987-,rugby,,
Karn Sharma,1987-,cricket,(Vinod),
Karol Linetty,1995-,soccer,,
Karolina Šprem,1984-,tennis,,
Károly Palotai,1935-2018,soccer,,
Kasim Edebali,1989-,football,,
Katarina Ježić,1992-,handball,,
Katelyn Ohashi,1997-,gymnastics,(Michelle),
Kathleen Corrigan,1945-,gymnastics,,
Kathrin Zettel,1986-,skiing,,
Kathy Howard,1958-,gymnastics,,
Katie Heenan,1985-,gymnastics,"(Katherine, Elaine)",
Katinka Hosszú,1989-,swimming,,
Katrine Lunde Haraldsen,1980-,handball,,
Kavell Conner,1987-,football,,
Kawika Mitchell,1979-,football,(Uilani),
Kayla Hoffman,1988-,gymnastics,,
Kazushi Kimura,1958-,soccer,,
Kealoha Pilares,1988-,football,,
Keanu Baccus,1998-,soccer,,
Keanu Neal,1995-,football,,
Kedar Jadhav,1985-,cricket,(Mahadav),
Kim Kee-hee,1989-,soccer,,
Keenan Lewis,1986-,football,(Girod),
Kees Kist,1952-,soccer,(Cornelis),
Kei Nishikori,1989-,tennis,,
Keisuke Honda,1986-,soccer,,
Keith Davis,1930-2019,rugby,,
Keith Hernandez,1953-,baseball,,
Kelcie McCray,1988-,football,(Jerome),
Kelechi Osemele,1989-,football,"(Keith, Ayo)",
Kellen Winslow,1957-,football,,
Kelly Garrison,1967-,gymnastics,,
Kelvim Escobar,1976-,baseball,(José),
Kemar Roach,1988-,cricket,"(Andre, Jamal)",
Ken Boyer,1931-1982,baseball,,
Ken Dryden,1947-,ice hockey,,
Ken Griffey Jr.,1969-,baseball,,
Ken Owens,1987-,rugby,"(Kenneth, James)",
Ken Reardon,1921-2008,ice hockey,,
Ken Skupski,1983-,tennis,,
Ken Strong,1906-1979,football,,
Kenan Şahin,1984-,soccer,,
Kenbrell Thompkins,1988-,football,,
Kendall Hunter,1988-,football,(Bernell),
Kengo Nakamura,1980-,soccer,,
Kenki Fukuoka,1992-,rugby,,
Kennedy Baker,1996-,gymnastics,,
Kenneth Omeruo,1993-,soccer,(Josiah),
Kenny Hilliard,1991-,football,,
Kensuke Hatakeyama,1985-,rugby,,
Kepler Wessels,1957-,cricket,(Christoffel),
Kerry Wynn,1991-,football,,
Kervin Piñerua,1991-2016,volleyball,,
Keshawn Martin,1990-,football,,
Keven Mealamu,1979-,rugby,(Filipo),
Kevin Beattie,1953-2018,soccer,,
Kevin Bryce,1988-,rugby,,
Kevin Durant,1988-,basketball,(Wayne),
Kevin Greene,1962-,football,,
Kevin Love,1988-,basketball,(Wesley),
Kevin Magnussen,1992-,driving,,
Kevin McHale,1957-,basketball,,
Kevin Mitchell,1962-,baseball,,
Kew Jaliens,1978-,soccer,,
Khalid Boulahrouz,1981-,soccer,,
Khalil Mack,1991-,football,,
Khaseem Greene,1989-,football,,
Khyri Thornton,1989-,football,,
Kick Smit,1911-1974,soccer,"(Johannes, Chrishostomus)",
Kieran Crowley,1961-,rugby,,
Kieran Read,1985-,rugby,,
Kiki Bertens,1991-,tennis,,
Kim Andersson,1982-,handball,,
Kim Ekdahl du Rietz,1989-,handball,,
Kim St-Pierre,1978-,ice hockey,,
Kimberly Chace,1956-,gymnastics,,
King Dunlap,1985-,football,(David),
Kini Murimurivalu,1989-,rugby,,
Kirby Puckett,1960-2006,baseball,,
Kirsten Flipkens,1986-,tennis,,
Kisi Pulu,1979-,rugby,,
Kiya Johnson,2002-,gymnastics,,
Klaas-Jan Huntelaar,1983-,soccer,,
Koa Misi,1987-,football,"(Nawa'akoa, Lisiate, Foti, Analeseanoa)",
Kobus Wiese,1964-,rugby,"(Jakobus, Johannes)",
Koke,1992-,soccer,(Jorge),
Koliniasi Holani,1981-,rugby,,
Kona Schwenke,1992-,football,,
Kondwani Mtonga,1984-,soccer,,
Konstantin Kravchuk,1985-,tennis,,
Konstantinos Mitroglou,1988-,soccer,(Kostas),
Han Kook-young,1990-,soccer,,
Korey Toomer,1988-,football,,
Kory Lichtensteiger,1985-,football,,
Kostas Katsouranis,1979-,soccer,(Konstantinos),
Kotaro Matsushima,1993-,rugby,,
Kraig Urbik,1985-,football,,
Krešimir Ćosić,1948-1995,basketball,,
Kris Bryant,1992-,baseball,,
Kristaps Zvejnieks,1992-,skiing,,
Kristi Harrower,1975-,basketball,,
Kristina Elez,1987-,handball,,
Kristina Mladenovic,1993-,tennis,,
Kristina Prkačin,1997-,handball,,
Kristjan Sokoli,1991-,football,,
Kristy Powell,1980-,gymnastics,(Kristen),
Kroy Biermann,1985-,football,(Evan),
Krzysztof Mączyński,1987-,soccer,,
Ksenia Semyonova,1992-,gymnastics,,
Kuldeep Yadav,1994-,cricket,,
Kunishige Kamamoto,1944-,soccer,,
Kurt Walker,1954-2018,ice hockey,,
Kurtis Drummond,1992-,football,,
Kurumi Nara,1991-,tennis,,
Květa Peschke,1975-,tennis,(Květoslava),
K'Waun Williams,1991-,football,(Lamar),
Kyle Beckerman,1982-,soccer,,
Kyle Edmund,1995-,tennis,,
Kyle Lafferty,1987-,soccer,,
Kylee Botterman,1989-,gymnastics,,
Kyotaro Fujimoto,1986-,boxing,,
Kytra Hunter,1991-,gymnastics,(Tinisha),
LaAdrian Waddle,1991-,football,,
Lacy Dagen,1997-,gymnastics,(Michele),
Ladarius Green,1990-,football,,
Ladislao Kubala,1927-2002,soccer,,
La'el Collins,1993-,football,,
Laima Zilporytė,1967-,cycling,,
Laken Tomlinson,1992-,football,,
Lamar Jackson,1997-,football,,
Lamarcus Joyner,1990-,football,,
LaMarr Woodley,1984-,football,(Dudley),
Lamia Izem,1980-,handball,,
Lamine Koné,1989-,soccer,,
Lamon Brewster,1973-,boxing,(Tajuan),
Lance Alworth,1940-,football,,
Landon Collins,1994-,football,,
Lane Johnson,1990-,football,(David),
Lara Arruabarrena,1992-,tennis,,
Lardarius Webb,1985-,football,,
Larissa Kalaus,1996-,handball,,
LaRoy Reynolds,1990-,football,,
Larry Bird,1956-,basketball,,
Larry Csonka,1946-,football,,
Larry Little,1945-,football,,
Larry Robinson,1951-,ice hockey,,
Larry Wilson,1938-,football,,
Lasha Lomidze,1992-,rugby,,
Lasith Malinga,1983-,cricket,(Separamadu),
László Kleinheisler,1994-,soccer,,
Latiume Fosita,1992-,rugby,,
Laura Hodges,1983-,basketball,,
Lauren Beers,1994-,gymnastics,(Kellie),
"Lauren ""Laddie"" Gale",1917-1996,basketball,,
Laurent Ciman,1985-,soccer,(Franco),
Lauri Mononen,1950-2018,ice hockey,,
Lauritz Bergendahl,1887-1964,skiing,,
Lavar Edwards,1990-,football,,
Lavonte David,1990-,football,,
Laynce Nix,1980-,baseball,(Michael),
Leah Williamson,1997-,soccer,(Cathrine),
Leandro Leivas,1988-,rugby,,
LeBron James,1984-,basketball,(Raymone),
Lee Roy Atalifo,1988-,rugby,,
Lee Roy Selmon,1954-2011,football,,
Leeonzer Barber,1966-,boxing,,
Leger Douzable,1986-,football,,
Leighton Baines,1984-,soccer,(John),
Lemeki Vaipulu,1961-,rugby,,
Len Dawson,1935-,football,,
Lendl Simmons,1985-,cricket,"(Mark, Platter)",
Lenny Wilkens,1937-,basketball,,
Leo Nomellini,1924-2000,football,,
Leodis McKelvin,1985-,football,(Anquan),
"Leon ""Goose"" Goslin",1900-1971,baseball,,
"Leonard ""Red"" Kelly",1927-2019,ice hockey,,
Leonardo Ghiraldini,1984-,rugby,(Lorenzo),
Leonardo Senatore,1984-,rugby,(Vicente),
Leonel Sánchez,1936-,soccer,(Guillermo),
Leônidas da Silva,1913-2004,soccer,,
Lerentee McCray,1990-,football,,
Leroy Kelly,1942-,football,,
Les Richter,1930-2010,football,,
Leslie Pyfer,1963-,gymnastics,,
Leterrius Walton,1992-,football,,
Lev Yashin,1929-1990,soccer,,
Levan Datunashvili,1983-,rugby,,
Le'Veon Bell,1992-,football,,
Lewis Hamilton,1985-,driving,,
Luo Li,1976-,gymnastics,,
Liam Miller,1981-2018,soccer,"(William, Peter)",
Liam Williams,1991-,rugby,,
Librado Andrade,1978-,boxing,,
Lilian Thuram,1972-,soccer,(Ruddy),
Linas Pilibaitis,1985-,soccer,,
Linda Metheny,1947-,gymnastics,(Joan),
Lindsay Whalen,1982-,basketball,(Marie),
Linn Jørum Sulland,1984-,handball,,
Linval Joseph,1988-,football,(Clement),
Lionel Messi,1987-,soccer,(Andrés),
Lisa Raymond,1973-,tennis,,
Liz Cambage,1991-,basketball,(Elizabeth),
Ljubiša Spajić,1926-2004,soccer,(Ljubomir),
Lleyton Hewitt,1981-,tennis,(Glynn),
Lloyd Waner,1906-1982,baseball,,
Loek Alflen,1933-2015,wrestling,,
Logovi'i Mulipola,1987-,rugby,,
Loïc Rémy,1987-,soccer,,
Lolo Sainz,1940-,basketball,(Manuel),
Lonwabo Tsotsobe,1984-,cricket,(Lennox),
Lorenzo Alocén,1937-,basketball,,
Lorenzo Insigne,1991-,soccer,,
"Lorne ""Gump"" Worsley",1929-2007,ice hockey,,
Lou Boudreau,1917-2001,baseball,,
Lou Creekmur,1927-2009,football,,
Lou Groza,1924-2000,football,,
Louie Dampier,1944-,basketball,,
Louis Santop,1890-1942,baseball,,
Louis van Gaal,1951-,soccer,"(Aloysius, Paulus, Maria)",
Lovre Kalinić,1990-,soccer,,
Luc Abalo,1984-,handball,,
Luc Robitaille,1966-,ice hockey,,
Lucas Biglia,1986-,soccer,(Rodrigo),
Lucas González Amorosino,1985-,rugby,(Pedro),
Lucas Moura,1992-,soccer,(Rodrigues),
Lucas Pouille,1994-,tennis,,
Lucia Rijker,1967-,boxing,(Frederica),
Luciano Narsingh,1990-,soccer,,
Lucie Šafářová,1987-,tennis,,
Lúcio,1978-,soccer,(Lucimar),
Ludwig Augustinsson,1994-,soccer,,
Luigi Taveri,1929-2018,driving,,
Luis Aragonés,1938-2014,soccer,,
Luis Garrido,1990-,soccer,,
Luis Monti,1901-1983,soccer,,
Luís Neto,1988-,soccer,(Carlos),
Luis Pujols,1955-,baseball,(Bienvenido),
Luis Sojo,1965-,baseball,(Beltrán),
Luis Suárez Miramontes,1935-,soccer,(Luisito),
Luiz Felipe Scolari,1948-,soccer,,
Lukas Hinterseer,1991-,soccer,,
Lukáš Zima,1994-,soccer,,
Łukasz Kubot,1982-,tennis,,
Luke Appling,1907-1991,baseball,,
Luke Fitzgerald,1987-,rugby,,
Luke McLean,1987-,rugby,,
Luke Shaw,1995-,soccer,,
Lusia Harris-Stewart,1955-,basketball,(Mae),
Lütfiye Ercimen,1987-,soccer,,
Lyle Sendlein,1984-,football,,
Lynn Howells,1950-,rugby,,
Lynn Swann,1952-,football,,
Ma'a Nonu,1982-,rugby,(Allan),
Maama Vaipulu,1989-,rugby,,
Mac Speedie,1920-1993,football,,
Macarena Aguilar,1985-,handball,,
Mackenzie Brannan,1996-,gymnastics,(Eryn),
Mackenzy Bernadeau,1986-,football,,
Mădălin Lemnaru,1989-,rugby,(Vlad),
Madalitso Muthiya,1983-,golf,,
Madelon Baans,1977-,swimming,,
Madison Brengle,1990-,tennis,,
Madison Keys,1995-,tennis,,
Madjid Bougherra,1982-,soccer,,
Magda Linette,1992-,tennis,,
Magdaléna Rybáriková,1988-,tennis,,
Mághnus Breathnach,1991-,football,,
Magnus Jernemyr,1976-,handball,,
Magomed Abdusalamov,1981-,boxing,,
Mahir Halili,1975-,soccer,,
Mahir Sağlık,1983-,soccer,,
Maicon,1981-,soccer,(Douglas),
Maja Kožnjak,1985-,handball,,
Maja Zebić,1982-,handball,,
Majid Haq,1983-,cricket,(Rana),
Major Wright,1988-,football,,
Mako Vunipola,1991-,rugby,"(Makovina, Wanangarua, Whanga, Nui-Atara)",
Maksim Kanunnikov,1991-,soccer,,
Malakai Fekitoa,1992-,rugby,(Fonokalafi),
Malcolm Butler,1990-,football,(Terel),
Male Sa'u,1987-,rugby,,
Malik Jackson,1990-,football,(Barron),
Mallex Smith,1993-,baseball,(Lydell),
Mamadou Sakho,1990-,soccer,,
Yip Man,1893-1972,martial arts,,
Manasa Saulo,1989-,rugby,(Ratu),
Manoj Tiwary,1985-,cricket,(Kumar),
Manti Te'o,1991-,football,"(Malietau, Louis)",
Manu Vunipola,1967-,rugby,,
Manuel Blengio,1994-,rugby,,
Mao Asada,1990-,skating,,
Marc Bartra,1991-,soccer,,
Marc Janko,1983-,soccer,,
Marc Overmars,1973-,soccer,,
Marcedes Lewis,1984-,football,(Alexis),
Marcel Granollers,1986-,tennis,,
Marcel Pronovost,1930-2015,ice hockey,,
Marcell Dareus,1990-,football,,
Marcello Violi,1993-,rugby,,
Marcelo Brozović,1992-,soccer,,
Marcelo Díaz,1986-,soccer,(Alfonso),
Marcelo Vieira,1988-,soccer,,
Marcia Frederick,1963-,gymnastics,,
Marco Fabián,1989-,soccer,(Jhonfai),
Marco Parolo,1985-,soccer,,
Marco Tardelli,1954-,soccer,,
Marco van Basten,1964-,soccer,,
Marcos Ayerza,1983-,rugby,(Ivan),
Marcos Rocha,1988-,soccer,(Luis),
Marcus Allen,1960-,football,,
Marcus Daniell,1989-,tennis,,
Marcus Ericsson,1990-,driving,,
Marcus Olsson,1988-,soccer,"(Jonas, Munuhe)",
Marcus Willis,1990-,tennis,,
Marek Suchý,1988-,soccer,,
Margaret Court,1942-,tennis,,
Margus Hernits,1976-,skating,,
Margzetta Frazier,2000-,gymnastics,,
Maria Kirilenko,1987-,tennis,,
Maria Sakkari,1995-,tennis,,
Marián Hossa,1979-,ice hockey,,
Mariano Galarza,1986-,rugby,,
Marie Hoesly,1916-,gymnastics,,
Marija Jovanović,1985-,handball,,
Marin Čilić,1988-,tennis,,
Marina Erakovic,1988-,tennis,,
Marina Vukčević,1993-,handball,,
Mario Andretti,1940-,driving,,
Mario Gavranović,1989-,soccer,,
Mario Götze,1992-,soccer,,
Mario Kempes,1954-,soccer,,
Mario Mandžukić,1986-,soccer,,
Mario Matt,1979-,skiing,,
Mario Sagario,1986-,rugby,,
Marion Bartoli,1984-,tennis,,
Marion Motley,1920-1999,football,,
Marit Malm Frafjord,1985-,handball,,
Marius Lăcătuș,1964-,soccer,(Mihai),
Mark Bennett,1993-,rugby,(Stewart),
Mark Herzlich,1987-,football,(Sandon),
Mark Messier,1961-,ice hockey,,
Mark Moseley,1948-,football,,
Mark Philippoussis,1976-,tennis,,
Mark van Bommel,1977-,soccer,,
Markéta Vondroušová,1999-,tennis,,
