Charlie Joiner,1947-,football,,
Charlie Scott,1948-,basketball,"(Charles, Thomas)",
Chauncy Welliver,1983-,boxing,,
Cheick Tioté,1986-,soccer,(Ismaël),
Cheryl Miller,1964-,basketball,(Deann),
Chet Walker,1940-,basketball,,
Chick Hafey,1903-1973,baseball,,
Chikondi Banda,1979-2013,soccer,,
Chipper Jones,1972-,baseball,"(Larry, Wayne)",
Chris Baird,1982-,soccer,"(Christopher, Patrick)",
Chris Baumann,1987-,rugby,,
Chris Chelios,1962-,ice hockey,,
Chris Evert,1954-,tennis,,
Chris Hanburger,1941-,football,,
Chris Hoy,1976-,cycling,"(Christopher, Andrew)",
Chris Jones,1990-,football,"(Christopher, Dwightstone)",
Chris Owens,1986-,football,"(Christopher, Todd, Dillard)",
Chris Pronger,1974-,ice hockey,,
Chris Smalling,1989-,soccer,"(Christopher, Lloyd)",
Chris Wondolowski,1983-,soccer,"(Christopher, Elliott)",
Christi Viljoen,1987-,cricket,(Christoffel),
Christian Benteke,1990-,soccer,,
Christian Covington,1993-,football,"(Coral, Cleveland)",
Christian Kabasele,1991-,soccer,,
Christian Steinmetz,1882-1963,basketball,,
Christina Desiderio,2000-,gymnastics,(Lydia),
Christine Michael,1990-,football,(Lynn),
Christof Innerhofer,1984-,skiing,,
Christophe Jallet,1983-,soccer,,
Christy Henrich,1972-1994,gymnastics,"(Christina, Renée)",
Chuck Bednarik,1925-2015,football,,
Chuck Hyatt,1908-1978,basketball,(Charles),
Chuck Rayner,1920-2002,ice hockey,,
Park Chu-young,1985-,soccer,,
Cian Harries,1997-,soccer,"(William, Thomas)",
Ciaran Clark,1989-,soccer,,
CiCi Bellis,1999-,tennis,"(Catherine, Cartan)",
Ciprian Tătărușanu,1986-,soccer,,
Ciro Immobile,1990-,soccer,,
"Clarence ""Hap"" Day",1901-1990,ice hockey,"(Hap, Happy)",
Clarence Seedorf,1976-,soccer,,
Clarke Hinkle,1909-1988,football,,
Claudio Bravo,1983-,soccer,(Andrés),
Claudio Suárez,1968-,soccer,(Luis),
Claudiu Keșerü,1986-,soccer,(Andrei),
Clémence Beikes,1983-,basketball,,
Cliff Branch,1948-2019,football,(Clifford),
Cliff Harris,1948-,football,,
Clifford Luyk,1941-,basketball,,
Clint Dempsey,1983-,soccer,"(Clinton, Drew)",
Clinton McDonald,1987-,football,(Myles),
Clyde Lovellette,1929-2016,basketball,,
Cobi Hamilton,1990-,football,,
Cocky Gastelaars,1938-,swimming,"(Cornelia, Maria)",
Codie Taylor,1991-,rugby,"(Joshua, Dane)",
Codruț Cioranu,1991-,soccer,,
Cody Latimer,1992-,football,(Derek),
Coenie Oosthuizen,1989-,rugby,"(Coenrad, Victor)",
Colin Fleming,1984-,tennis,,
Colin Slade,1987-,rugby,,
Collins Obuya,1981-,cricket,(Omondi),
Colton Orr,1982-,ice hockey,,
Connie Hawkins,1942-,basketball,(Cornelius),
Connor Barwin,1986-,football,,
Connor McDavid,1997-,ice hockey,,
Conor Murray,1989-,rugby,,
Conor Washington,1992-,soccer,,
Constant Djakpa,1986-,soccer,"(Tohouri, Zahoui)",
Cooper Taylor,1990-,football,,
Cor Kint,1920-2002,swimming,"(Clasina, Cornelia)",
Cor van der Hart,1928-2006,soccer,(Cornelis),
Cordarrelle Patterson,1991-,football,,
Corey Graham,1985-,football,(Dewayne),
Corliss Williamson,1973-,basketball,(Mondari),
Cornellius Carradine,1989-,football,,
Corry Evans,1990-,soccer,,
Cortez Kennedy,1968-,football,,
C. J. Anderson,1991-,football,"(Cortrelle, Javon)",
Cory Harkey,1990-,football,,
Cosmin Moți,1984-,soccer,(Iosif),
Coty Sensabaugh,1988-,football,,
Courtney Lawes,1989-,rugby,,
Craig Biggio,1965-,baseball,,
Craig Wing,1979-,rugby,,
Cris Carter,1965-,football,,
Cristian Chivu,1980-,soccer,,
Cristian Rodríguez,1985-,soccer,(Gabriel),
Cristián Zapata,1986-,soccer,(Eduardo),
Cristóbal Torriente,1893-1938,baseball,,
Crockett Gillmore,1991-,football,,
Cuauhtémoc Blanco,1973-,soccer,,
Cumberland Posey,1890-1946,basketball,(Cum),
Cüneyt Köz,1992-,soccer,,
Curtis Good,1993-,soccer,(Edward),
Curtis Martin,1973-,football,,
Cvetana Dekleva,1963-,basketball,,
Cvitko Bilić,1943-,cycling,,
Cy Young,1867-1955,baseball,,
Cyrille Regis,1958-2018,soccer,,
Cyrus Gray,1989-,football,(Danall),
Dacian Varga,1984-,soccer,(Şerban),
Daimion Stafford,1991-,football,,
Dale Hawerchuk,1963-,ice hockey,,
Dale Murphy,1956-,baseball,,
Dalibor Doder,1979-,handball,,
Dallas Thomas,1989-,football,(Treymell),
DaMarcus Beasley,1982-,soccer,(Lamont),
Damaris Johnson,1989-,football,(Kenneth),
Dameian Jeffries,1973-,football,,
Damian de Allende,1991-,rugby,,
Damien Chouly,1985-,rugby,,
Damiere Byrd,1993-,football,,
Damir Burić,1980-,water polo,,
Damir Škaro,1959-,boxing,,
Dan Bain,1874-1962,ice hockey,,
Dan Brouthers,1858-1932,baseball,,
Dan Cole,1987-,rugby,,
Dan Fortmann,1916-1995,football,,
Dan Hampton,1957-,football,,
Dan Lydiate,1987-,rugby,,
Dana Duckworth,1971-,gymnastics,,
Dane Piedt,1990-,cricket,(Leeroy),
Dániel Böde,1986-,soccer,,
Daniel Carpo,1984-,rugby,,
Daniel Faleafa,1989-,rugby,,
Daniel Majstorović,1977-,soccer,,
Daniel Nestor,1972-,tennis,"(Danijel, Mark)",
Daniel Passarella,1953-,soccer,,
Daniel Ricciardo,1989-,driving,,
Daniel Sturridge,1989-,soccer,,
D. T. H. van der Merwe,1986-,rugby,"(Daniel, Tailliferre, Hauman)",
Danielle Goyette,1966-,ice hockey,,
Daniil Medvedev,1996-,tennis,,
Danijel Subašić,1984-,soccer,,
Danilo Pereira,1991-,soccer,(Luís),
Danko Cvjetićanin,1963-,basketball,,
Danny Barrett,1990-,rugby,,
Danny Care,1987-,rugby,"(Daniel, Stuart)",
Danny Lansanah,1985-,football,"(Daniel, Delray)",
Danny Ward,1993-,soccer,(Daniel),
Da'Norris Searcy,1988-,football,,
Dante Lavelli,1923-2009,football,,
D'Anthony Smith,1988-,football,,
Dany Nounkeu,1986-,soccer,(Achille),
Da'Quan Bowers,1990-,football,,
Daren Ganga,1979-,cricket,,
Daria Kasatkina,1997-,tennis,,
Darian Stewart,1988-,football,,
Dariel Álvarez,1988-,baseball,,
Darija Jurak,1984-,tennis,,
Dario Chistolini,1988-,rugby,,
Dario Vidošić,1987-,soccer,,
Darius Songaila,1978-,basketball,,
Darlene Hill,1989-,gymnastics,"(Darling, Princess)",
Darqueze Dennard,1991-,football,(Derrell),
Darrell Green,1960-,football,,
Darrelle Revis,1985-,football,(Shavar),
Darren Randolph,1987-,soccer,,
Darrin Walls,1988-,football,,
Darrius Heyward-Bey,1987-,football,(Ramar),
Darryl Sittler,1950-,ice hockey,,
Daryl Janmaat,1989-,soccer,,
Daryl Richardson,1990-,football,(Lashay),
Dashaun Phillips,1991-,football,,
Datone Jones,1990-,football,(Wayne),
Davante Adams,1992-,football,(Lavell),
Dave Andreychuk,1963-,ice hockey,,
Dave Bing,1943-,basketball,,
Dave Cowens,1948-,basketball,(David),
Dave Hargreaves,1954-2018,soccer,,
Dave Keon,1940-,ice hockey,,
Dave Robinson,1941-,football,,
Dave Winfield,1951-,baseball,,
David Alaba,1992-,soccer,(Olatukunbo),
David Cotterill,1987-,soccer,"(Rhys, George, Best)",
David Denton,1990-,rugby,(Kipling),
David Ferrer,1982-,tennis,,
David Halaifonua,1987-,rugby,(Tevita),
David Lafata,1981-,soccer,,
David Meyler,1989-,soccer,,
David Ospina,1988-,soccer,,
David Pocock,1988-,rugby,,
"David ""Sweeney"" Schriner",1911-1990,ice hockey,,
David Storey,1933-2017,rugby,(Malcolm),
David Vaughan,1983-,soccer,(Owen),
David Wilson,1985-,rugby,,
Davide Astori,1987-2018,soccer,,
Davide Simoncelli,1979-,skiing,,
Davit Kubriashvili,1986-,rugby,,
Davon Coleman,1991-,football,,
Davor Dominiković,1978-,handball,,
Davud Karimi,1984-,soccer,,
Dawn Staley,1970-,basketball,,
Dayán Viciedo,1989-,baseball,,
Dazzy Vance,1891-1961,baseball,,
Deacon White,1847-1939,baseball,"(James, Laurie)",
Deandre Coleman,1991-,football,,
DeAndrew White,1991-,football,,
DeAngelo Hall,1983-,football,(Eugene),
De'Anthony Thomas,1993-,football,(Marquies),
Dee Milliner,1991-,football,"(DeMarcus, Armon)",
Deiontrez Mount,1993-,football,,
Dejan Kelhar,1984-,soccer,,
Dejana Milosavljević,1994-,handball,,
Dekoda Watson,1988-,football,,
Dele Alli,1996-,soccer,"(Bamidele, Jermaine)",
Delmon Young,1985-,baseball,(Damarcus),
Delvin Breaux,1989-,football,,
Delyone Borden,1985-,cricket,"(Charles, Clarence)",
DeMarco Murray,1988-,football,,
DeMario Davis,1989-,football,,
Demetri Goodson,1989-,football,,
Demontre Hurst,1991-,football,,
Denard Robinson,1990-,football,(Xavier),
Denesh Ramdin,1985-,cricket,,
Denico Autry,1990-,football,,
Denis Buntić,1982-,handball,,
Denis Law,1940-,soccer,,
Denis Savard,1961-,ice hockey,,
Denis Zakaria,1996-,soccer,,
Dennis Bergkamp,1969-,soccer,,
Dennis Johnson,1954-2007,basketball,,
Denny Hulme,1936-1992,driving,(Denis),
Denny McLain,1944-,baseball,,
Denys Harmash,1990-,soccer,,
Denzelle Good,1991-,football,,
De'Ondre Wesley,1992-,football,,
Deontae Skinner,1990-,football,,
Deonte Thompson,1989-,football,,
Dermontti Dawson,1965-,football,,
Derrick Brooks,1973-,football,,
Derrick Thomas,1967-2000,football,,
DeSean Jackson,1986-,football,,
Deshazor Everett,1992-,football,(Duntee’),
DeVante Parker,1993-,football,,
DeVier Posey,1990-,football,,
Devin Taylor,1989-,football,(Darnell),
Devon Still,1989-,football,,
Dewey McDonald,1990-,football,,
Dexter McCoil,1991-,football,,
Dez Bryant,1988-,football,(Desmond),
Dezmen Southward,1990-,football,,
Dezső Gyarmati,1927-2013,water polo,,
Dhammika Prasad,1983-,cricket,"(Kariyawasam, Tirana, Gamage)",
Fan Di,1973-,gymnastics,,
Diana Taurasi,1982-,basketball,(Lorena),
Dick Allen,1942-,baseball,,
Dick Duff,1936-,ice hockey,,
Dick Irvin,1892-1957,ice hockey,,
Dick LeBeau,1937-,football,,
Dick Nanninga,1949-,soccer,,
Dick Stanfel,1927-2015,football,,
Dickie Moore,1931-2015,ice hockey,,
Didier Défago,1977-,skiing,,
Didier Pitre,1883-1934,ice hockey,,
Diego Calvo,1991-,soccer,(Gerardo),
Diego Costa,1988-,soccer,,
Diego Godín,1986-,soccer,(Roberto),
Diego Magno,1989-,rugby,,
Diego Pérez,1980-,soccer,(Fernando),
Diego Schwartzman,1992-,tennis,(Sebastián),
Dikembe Mutombo,1966-,basketball,,
Dilshod Yarbekov,1974-,boxing,,
Dimitra Kalentzou,1978-,basketball,,
Dimitri Szarzewski,1983-,rugby,,
Dimitris Salpingidis,1981-,soccer,(Dimitrios),
Dimuth Karunaratne,1988-,cricket,,
Dinesh Karthik,1985-,cricket,,
Dino Meneghin,1950-,basketball,,
Dino Zoff,1942-,soccer,,
Dion Stovell,1984-,cricket,,
Dirk Nowitzki,1978-,basketball,,
Djalma Santos,1929-2013,soccer,(Dejalma),
D'Joun Smith,1992-,football,,
Djustice Sears-Duru,1994-,rugby,,
Dmitri Torbinski,1984-,soccer,,
Dmytro Ryzhuk,1992-,soccer,,
Dolph Camilli,1907-1997,baseball,,
Domagoj Duvnjak,1988-,handball,,
Domata Peko,1984-,football,(Uluaifaasau),
Dominic Inglot,1986-,tennis,,
Dominik Hašek,1965-,ice hockey,,
Dominiko Waqaniburotu,1986-,rugby,(Maiwiriwiri),
Dominique Moceanu,1981-,gymnastics,(Helena),
Dominique Wilkins,1960-,basketball,(Jacques),
Don Drysdale,1936-1993,baseball,,
Don Mattingly,1961-,baseball,,
Don Newcombe,1926-2019,baseball,,
Donald Penn,1983-,football,(Ward),
D. J. Alexander,1991-,football,"(Donell, J)",
Donis Escober,1981-,soccer,(Salatiel),
Donnacha Ryan,1983-,rugby,,
Donovan Smith,1993-,football,(Cole),
Dontae Johnson,1991-,football,,
Donte Moncrief,1993-,football,(Rakeem),
Donteea Dye,1993-,football,,
Dora Krsnik,1992-,handball,,
Dorial Green-Beckham,1993-,football,,
Dorinel Popa,1988-,soccer,,
Doris Kirkman,1930-2010,gymnastics,,
Dörte Thümmler,1971-,gymnastics,,
Doug Bentley,1916-1972,ice hockey,,
Doug Harvey,1924-1989,ice hockey,,
Doug Wooldridge,1985-,rugby,,
Dragica Džono,1987-,handball,,
Dragoljub Minić,1936-2005,chess,,
Dragoș Grigore,1986-,soccer,,
Dražen Petrović,1964-1993,basketball,,
Dreamius Smith,1992-,football,,
Drew Mitchell,1984-,rugby,(Alan),
Dri Archer,1991-,football,,
Duane Brown,1985-,football,,
Dubravko Šimenc,1966-,water polo,,
Duje Čop,1990-,soccer,,
Duke Ihenacho,1989-,football,(Uba),
Duke Snider,1926-2011,baseball,,
"Duncan ""Mickey"" MacKay",1894-1940,ice hockey,(Mickey),
Dunga,1963-,soccer,,
Đurđina Jauković,1997-,handball,,
Duron Harmon,1991-,football,,
Dušan Švento,1985-,soccer,,
Dustin Brown,1984-,tennis,,
Dustin Pedroia,1983-,baseball,,
Dwayne Harris,1987-,football,(Lenard),
Dwight Stephenson,1957-,football,,
Earl Averill,1902-1983,baseball,,
"Earl ""Dutch"" Clark",1906-1978,football,,
Earl Lloyd,1928-2015,basketball,,
Earl Morrall,1934-2014,football,,
Earle Combs,1899-1976,baseball,,
"Earvin ""Magic"" Johnson",1959-,basketball,,
Eben Etzebeth,1991-,rugby,,
Ed de Goeij,1966-,soccer,,
Ed Healey,1894-1978,football,,
Ed Reed,1978-,football,,
Ed Sprinkle,1923-2014,football,,
Ed Walsh,1881-1959,baseball,,
Edd Roush,1893-1988,baseball,,
Edda Garðarsdóttir,1979-,soccer,,
Eddie Collins,1887-1951,baseball,,
Eddie Giacomin,1939-,ice hockey,,
Eddie Lacy,1990-,football,(Darwin),
Eddie Murray,1956-,baseball,,
Eddie Shore,1902-1985,ice hockey,,
Eddy Merckx,1945-,cycling,,
Eden Hazard,1991-,soccer,,
Éder,1987-,soccer,"(Ederzito, António)",
Edgar Davids,1973-,soccer,,
Edgar Martínez,1963-,baseball,,
Edgerrin James,1978-,football,,
Edin Džeko,1986-,soccer,,
Edinson Cavani,1987-,soccer,(Roberto),
Edoardo Gori,1990-,rugby,,
Édouard Roger-Vasselin,1983-,tennis,,
Eduardo Carvalho,1982-,soccer,,
Eduardo Vargas,1989-,soccer,(Jesús),
Edvīns Bārda,1900-1947,soccer,,
Edwige Lawson-Wade,1979-,basketball,,
Edwin Valencia,1985-,soccer,(Armando),
Eetu Muinonen,1986-,soccer,,
Efe Aydan,1955-,basketball,,
Efe Sodje,1972-,soccer,"(Efetobore, Peter)",
Egidio Arévalo Ríos,1982-,soccer,(Raúl),
Ehsan Hajsafi,1990-,soccer,,
Eiður Guðjohnsen,1978-,soccer,(Smári),
Ejiro Megetaveh Kuale,1983-,football,,
Ekaterina Alexandrova,1994-,tennis,,
El Arabi Hillel Soudani,1987-,soccer,,
Eldin Adilović,1986-,soccer,,
Eldin Karišik,1983-,soccer,,
Elemér Kocsis,1910-1981,soccer,,
Elena Arenas,2001-,gymnastics,,
Elena Vesnina,1986-,tennis,,
Eli Manning,1981-,football,"(Elisha, Nelson)",
Eliaquim Mangala,1991-,soccer,(Hans),
Elina Svitolina,1994-,tennis,,
Elise Mertens,1995-,tennis,,
Elisi Vunipola,1967-,rugby,(Busco),
Eljero Elia,1987-,soccer,,
Elmar Bakhshiev,1980-,soccer,,
Elmer Flick,1876-1971,baseball,,
Élodie Godin,1985-,basketball,,
Elseid Hysaj,1994-,soccer,(Gëzim),
Elvin Bethea,1946-,football,,
Elvis Dumervil,1984-,football,(Kool),
Ema Rajić,2000-,swimming,,
Emanoil Răducanu,1929-1991,basketball,,
Emanuele Giaccherini,1985-,soccer,,
Emerson Fittipaldi,1946-,driving,,
Emil Hallfreðsson,1984-,soccer,,
"Émile ""Butch"" Bouchard",1919-2012,ice hockey,,
Emiliano Sala,1990-2019,soccer,(Raúl),
Emilio Butragueño,1963-,soccer,,
Emily Gaskins,2000-,gymnastics,(Paige),
Emir Spahić,1980-,soccer,,
Emma Malabuyo,2002-,gymnastics,,
Emmanuel Emenike,1987-,soccer,(Chinenye),
Emmanuel Sanders,1987-,football,(Niamiah),
Emmitt Smith,1969-,football,,
Emre Can,1994-,soccer,,
Emre Mor,1997-,soccer,,
Eniola Aluko,1987-,soccer,,
Enner Valencia,1989-,soccer,(Remberto),
Enrico Bacchin,1992-,rugby,,
Enzo Ferrari,1898-1988,driving,,
Enzo Roco,1992-,soccer,(Pablo),
Eoin Reddan,1980-,rugby,,
Epi Taione,1979-,rugby,(Epeli),
Eppa Rixey,1891-1963,baseball,,
Erdoğan Arıca,1954-2012,soccer,,
Eren Derdiyok,1988-,soccer,,
Erfan Maftoolkar,1994-,soccer,,
Ergys Kaçe,1993-,soccer,,
Eric Bristow,1957-2018,darts,,
Eric Dickerson,1960-,football,,
Eric Fry,1987-,rugby,,
Eric Lindros,1973-,ice hockey,,
Eric Viscaal,1968-,soccer,,
Erik Johansson,1988-,soccer,,
Erin Henderson,1986-,football,,
Erland Johnsen,1967-,soccer,,
Ermir Lenjani,1989-,soccer,,
Ernestas Ežerskis,1987-,basketball,,
Ernests Gulbis,1988-,tennis,,
Ernie Brandts,1956-,soccer,,
Ernie Lombardi,1908-1977,baseball,,
Ernie Russell,1883-1963,ice hockey,,
Ernst Happel,1925-1992,soccer,,
Erwin l'Ami,1985-,chess,,
Esmil Rogers,1985-,baseball,(Antonio),
Espen Bredesen,1968-,skiing,,
Essaïd Belkalem,1989-,soccer,,
Etiënne Reijnen,1987-,soccer,,
Eugen Căpățână,1986-,rugby,(Marian),
Eugenie Bouchard,1994-,tennis,,
Eusebia Riquelme,1969-,track,,
Eusebio Pedroza,1956-2019,boxing,,
Evan Olmstead,1991-,rugby,,
Evangelista Santos,1977-,martial arts,,
Everson Griffen,1987-,football,,
Everton Weekes,1925-,cricket,(DeCourcy),
Evgeni Plushenko,1982-,skating,(Viktorovich),
Evgeny Donskoy,1990-,tennis,,
Evonne Goolagong Cawley,1951-,tennis,,
Ezequiel Garay,1986-,soccer,(Marcelo),
Fa'atoina Autagavaia,1988-,rugby,,
Fabian Johnson,1987-,soccer,(Marco),
Fabian Schär,1991-,soccer,(Lukas),
Fabienne Suter,1985-,skiing,,
Fábio Coentrão,1988-,soccer,(Alexandre),
Fabrice Martin,1986-,tennis,,
Fabrice Santoro,1972-,tennis,,
Facundo Isa,1993-,rugby,,
Faf du Plessis,1984-,cricket,(Francois),
Fakahau Valu,1950-,rugby,,
Faouzi Ghoulam,1991-,soccer,,
Farhad Reza,1986-,cricket,,
Faruk Yiğit,1968-,soccer,,
Fatau Dauda,1985-,soccer,"(Abdul, Fatawu)",
T. J. Fatinikun,1991-,football,"(Ayokunle, Olatunji)",
Fausto Coppi,1919-1960,cycling,,
Federico Bernardeschi,1994-,soccer,,
Federico Marchetti,1983-,soccer,,
Felice Borel,1914-1993,soccer,(Placido),
Felicia Hano,1998-,gymnastics,(Yukiye),
Felipe Berchesi,1991-,rugby,,
Felipe Gutiérrez,1990-,soccer,(Alejandro),
Felipe Nasr,1992-,driving,,
Felix Neureuther,1986-,skiing,,
Ferdo Milin,1977-,soccer,,
Ferguson Jenkins,1942-,baseball,,
Ferid Radeljaš,1959-,soccer,,
Fernandinho,1985-,soccer,"(Fernando, Luiz)",
Fernando Alonso,1981-,driving,,
Fernando Gago,1986-,soccer,( Rubén),
Fernando Muslera,1986-,soccer,(Néstor),
Fernando San Emeterio,1984-,basketball,,
Fernando Verdasco,1983-,tennis,,
Ferran Martínez,1968-,basketball,,
Fidel Edwards,1982-,cricket,(Henderson),
Filip Ivić,1992-,handball,,
Filip Starzyński,1991-,soccer,,
Filipe Luís,1985-,soccer,,
Finn Russell,1992-,rugby,,
Fletcher Cox,1990-,football,,
Florian Klein,1986-,soccer,,
Florian Mayer,1983-,tennis,,
Florin Ioniță,1990-,rugby,(Claudiu),
Florin Surugiu,1984-,rugby,,
Floyd Little,1942-,football,,
Folau Niua,1985-,rugby,,
Forrest Gregg,1933-,football,,
Fozzy Whittaker,1989-,football,"(Foswhitt, Jer'ald)",
Frances Tiafoe,1998-,tennis,,
Francesco Minto,1987-,rugby,,
Francis Hoenselaar,1965-,darts,(Francisca),
Francisco Bulanti,1980-,rugby,,
Francisco Gento,1933-,soccer,,
Francisco Silva,1986-,soccer,(Andrés),
Franco Baresi,1960-,soccer,,
