A-Men 2,Bloober Team,Bloober Team,"Adventure, Puzzle",Microsoft Windows,"June 24, 2015"
A-10 Cuba!,Parsoft Interactive,Activision,Flight simulator,"Windows, Mac","November 30, 1996"
A.D.A.M. Life's Greatest Mysteries,Columbia Healthcare Corporation,Columbia Healthcare Corporation,Educational,Microsoft Windows,1996
A.R.E.S.: Extinction Agenda,Extend Studio,"Origo Games, Aksys Games","Action, platform",Microsoft Windows,"December 14, 2010"
A Hat in Time,Gears for Breakfast,Gears for Breakfast,"Platform, action-adventure","macOS, Microsoft Windows","October 5, 2017"
"A Passion for Art: Renoir, Cezanne, Matisse, and Dr. Barnes",Corbis Corporation,Corbis Corporation,Fine Art,Microsoft Windows,1995
AaAaAA!!! – A Reckless Disregard for Gravity,Dejobaan Games,Dejobaan Games,Simulation,Microsoft Windows,"September 3, 2009"
ABC Sports Indy Racing,Shot Sports Software,ABC Interactive,Racing,Microsoft Windows,1997
Abomination: The Nemesis Project,Hothouse Creations,Eidos Interactive,"Action, real-time tactics",Microsoft Windows,1999
Absolute Force Online,TQ Digital,NetDragon Websoft Inc.,"First-person shooter, Third-person shooter",Microsoft Windows,"November 15, 2012"
Abyss Odyssey,ACE Team,Atlus,"Roguelike, action-adventure",Microsoft Windows,"July 28, 2015"
Accel World vs. Sword Art Online: Millennium Twilight,Artdink,Bandai Namco Entertainment,Action role-playing,Microsoft Windows,"September 12, 2017"
Accounting (video game),Crows Crows Crows,Crows Crows Crows,Exploration game,Microsoft Windows,"October 18, 2016"
Ace Combat: Assault Horizon,Project Aces,Namco Bandai Games,Combat flight simulator,Microsoft Windows,"January 24, 2013"
Ace of Spades,Jagex,Jagex,FPS,"Microsoft Windows, macOS","December 12, 2012"
Ace Ventura: The CD-Rom Game,7th Level,Bomico Entertainment Software,Graphic Adventure (Point-and-click),Microsoft Windows,"October 31, 1996"
Aces of the Galaxy,Artech Digital Entertainment,Vivendi Games,Rail shooter,Microsoft Windows,"June 4, 2008"
Achron,"Hazardous Software, Inc.","Hazardous Software, Inc.",Real-time strategy,Microsoft Windows,"August 29, 2011"
Achtung Spitfire!,Big Time Software,Avalon Hill,"Strategy, Computer wargaming",Microsoft Windows,"August 31, 1997"
Act of Aggression,Eugen Systems,Focus Home Interactive,Real-time strategy,Microsoft Windows,"September 2, 2015"
Act of War: High Treason,Eugen Systems,"Atari, Inc.",Real-time Strategy (RTS),Microsoft Windows,"March 24, 2006"
Activision Anthology,"MumboJumbo, MacPlay",Activision,Compilation,"Microsoft Windows, Macintosh","November 19, 2002"
Actua Ice Hockey,Gremlin Interactive,Gremlin Interactive,Sports,Microsoft Windows,1998
Actua Soccer,Gremlin Interactive,Greenwood Entertainment,Soccer,Microsoft Windows,2009
AD&D Masterpiece Collection,Strategic Simulations,Strategic Simulations,Role-playing video game,Microsoft Windows,1996
Addiction Pinball,Team17,MicroProse,Pinball,Microsoft Windows,"April 30, 1998"
Adrift (video game),Three One Zero,505 Games,Adventure,Microsoft Windows,"March 28, 2016"
Adventure at the Chateau d'Or,Karma Labs,Karma Labs,Adventure,Microsoft Windows,"April 2, 2001"
Adventure Pinball: Forgotten Island,Digital Extremes,Electronic Arts,Pinball,Microsoft Windows,"March 21, 2001"
AdvertCity,VoxelStorm,VoxelStorm,Tycoon game,"Microsoft Windows, Linux, macOS","April 17, 2015"
After...,Ciel,Ciel,Visual novel,Microsoft Windows,"June 27, 2003"
Afterparty,Night School Studio,Night School Studio,Adventure,"Windows, macOS","Oct 29, 2017[1]"
Agatha Christie: Evil Under the Sun,AWE Productions,The Adventure Company,Adventure,Microsoft Windows,"October 16, 2007"
Age of Booty,Certain Affinity,Capcom,Real-time Strategy (RTS),Microsoft Windows,"March 5, 2009"
Age of Conan,Funcom,Funcom,MMORPG,Microsoft Windows,"May 20, 2008"
Age of Empires: The Rise of Rome,Ensemble Studios,Microsoft Game Studios,Real-time Strategy (RTS),Microsoft Windows,"October 31, 1998"
Age of Empires II: The African Kingdoms,Ensemble Studios,Microsoft Game Studios,Real-time Strategy (RTS),"Microsoft Windows, macOS","April 9, 2015"
Age of Empires II: The Conquerors,Ensemble Studios,"Microsoft Game Studios, Konami",Real-time Strategy (RTS),Microsoft Windows,"August 24, 2000"
Age of Empires III,Ensemble Studios,Microsoft Game Studios,Real-time Strategy (RTS),"Microsoft Windows, macOS","October 18, 2005"
Age of Empires III: The WarChiefs,Ensemble Studios,"Microsoft Game Studios, MacSoft",Real-time Strategy (RTS),"Microsoft Windows, macOS","October 7, 2006"
Age of Pirates: Captain Blood,THQ,"1C Company, MTV Games",Action-adventure,Microsoft Windows,Cancelled
Age of Pirates 2: City of Abandoned Ships,Akella,Playlogic,Role-playing video game,Microsoft Windows,"May 26, 2009"
Age of Wonders II: The Wizard's Throne,Triumph Studios,Take Two Interactive,Turn-based strategy,Microsoft Windows,"June 12, 2002"
Age of Wonders: Shadow Magic,Triumph Studios,Gathering of Developers,Turn-based strategy,Microsoft Windows,"July 25, 2003"
AGON,Private Moon Studios,Private Moon Studios,Adventure,Microsoft Windows,2003
Aion,NCsoft,"NCsoft, NC Interactive, Gameforge",Massively multiplayer online role-playing game,Microsoft Windows,"November 25, 2008"
Air Conflicts: Secret Wars,Games Farm,bitComposer,Flight simulation,Microsoft Windows,"September 30, 2011"
Airscape: The Fall of Gravity,Cross-Product,Cross-Product,Platformer,"Microsoft Windows, Linux, macOS","August 11, 2015"
Alien Swarm,Valve,Valve,Shoot-em-up,Microsoft Windows,"July 19, 2010"
Amnesia: The Dark Descent,Frictional Games,Frictional Games,Horror game,"Microsoft Windows, Linux, macOS","August 8, 2010"
Anno 1503,Max Design,Sunflowers,City-building game,Microsoft Windows,"March 23, 2003"
Anno 1701,Related Designs,Sunflowers,City-building game,Microsoft Windows,"November 3, 2006"
Anno 2205,Blue Byte,Ubisoft,City-building game,Microsoft Windows,"November 3, 2015"
Antichamber,Alexander Bruce,Demruth,Puzzle platformer,"Microsoft Windows, Linux, macOS","January 31, 2013"
Apex Legends,Respawn Entertainment,Electronic Arts,Battle royale,Microsoft Windows,"February 4, 2019"
ARMA 2,Bohemia Interactive,505 Games,"Tactical shooter, military simulation, open world",Microsoft Windows,"June 26, 2009"
Asphalt 8: Airborne,Gameloft,Gameloft,"Racing, simulation",Microsoft Windows,"August 22, 2013"
Astebreed,Edelweiss,Playism,Shoot em up,Microsoft Windows,"May 31, 2014"
Attack on Titan,Omega Force,Koei Tecmo,"Action, Hack and slash",Microsoft Windows,"February 18, 2016"
Audiosurf,Dylan Fitterer,Dylan Fitterer,"Music, indie",Microsoft Windows,"February 15, 2008"
Automation - The Car Company Tycoon Game,Camshaft Software,Camshaft Software,Business simulation,Microsoft Windows,"March 12, 2015"
A Bastard's Tale,No Pest Productions,No Pest Productions,"Action, Adventure",Microsoft Windows,"May 26, 2015"
A Blind Legend,Dowino,Plug In Digital,"Action, Adventure","Microsoft Windows, macOS","April 7, 2016"
A Boy and His Blob,"Abstraction Games,	WayForward","Midnight City, Majesco,",Adventure,"Microsoft Windows, Linux, macOS","January 19, 2016"
A Chair in a Room: Greenwater,Wolf & Wood Interactive Ltd,Wolf & Wood Interactive Ltd,Adventure,Microsoft Windows,"April 5, 2016"
A Date in the Park,Cloak and Dagger Games,Cloak and Dagger Games,Adventure,Microsoft Windows,"February 14, 2015"
A dead world's dream,JoqLePecheur,JoqLePecheur,Platformer,"Microsoft Windows,","September 20, 2016"
A Detective's Novel,Amaterasu Software,Amaterasu Software,Visual Novel,"Microsoft Windows,","July 28, 2016"
A Druid's Duel,Thoughtshelter Games,"Surprise Attack, note",Turn-Based Strategy,"Microsoft Windows, macOS","February 25, 2015"
Baldur's Gate,BioWare,"Black Isle Studios, Interplay Entertainment",Role-playing,"Microsoft Windows, macOS","December 21, 1998"
Baldur's Gate II: Shadows of Amn,BioWare,"Black Isle Studios, Interplay Entertainment",Role-playing,"Microsoft Windows, macOS","September 24, 2000"
Banished,Shining Rock Software,Shining Rock Software,"City building, strategy",Microsoft Windows,"February 18, 2014"
Batman: Arkham Asylum,Rocksteady Studios,Warner Bros. Interactive Entertainment,"Action, adventure","Microsoft Windows, macOS","September 15, 2009"
Batman: Arkham Knight,Rocksteady Studios,Warner Bros. Interactive Entertainment,"Action, adventure",Microsoft Windows,"June 2, 2015"
BattleBlock Theater,The Behemoth,The Behemoth,Platformer,"Microsoft Windows, Linux","May 15, 2014"
Battlefield 1942: The Road to Rome,Digital Illusions CE,Electronic Arts,First-person shooter,Microsoft Windows,"February 2, 2003"
Battlefield 2,Digital Illusions CE,EA Games,First-person shooter,Microsoft Windows,"June 21, 2005"
Battlefield 3,EA Digital Illusions CE,"Sega, Electronic Arts",First-person shooter,Microsoft Windows,"October 25, 2011"
Battlefield Heroes,"EA Digital Illusions CE, Easy Studios","Electronic Arts, Aeria Games",First-person shooter,Microsoft Windows,"June 25, 2009"
Battlefield V,EA Digital Illusions CE,Electronic Arts,First-person shooter,Microsoft Windows,"October 19, 2018"
Battleground 2: Gettysburg,TalonSoft,TalonSoft,"Turn-based strategy, real-time tactics",Microsoft Windows,"December 31, 1995"
Battleground 4: Shiloh,TalonSoft,TalonSoft,"Turn-based strategy, real-time tactics",Microsoft Windows,"January 31, 1996"
Battleground 6: Napoleon in Russia,TalonSoft,TalonSoft,"Turn-based strategy, real-time tactics",Microsoft Windows,"March 30, 1997"
Battleground 8: Prelude to Waterloo,TalonSoft,TalonSoft,"Turn-based strategy, real-time tactics",Microsoft Windows,1997
Battleground 10: Middle East,TalonSoft,TalonSoft,"Turn-based strategy, real-time tactics",Microsoft Windows,1997
Battlehawks 1942,Lucasfilm Games,Lucasfilm Games,Flight simulation,"MS-DOS, Amiga, Atari ST",October 1988
Battles of Napoleon,"Chuck Kroegel, David Landrey","Strategic Simulations, Inc.",Wargame,"Apple II, Commodore 64, MS-DOS",1988
Beam Breakers,Similis Software GmbH,JoWooD Productions Software,Futuristic racing,Microsoft Windows,"October 31, 2002"
Beyond Divinity,Larian Studios,"HIP Interactive, Ubisoft, Focus Home Interactive",RPG,Microsoft Windows,2004
Billy the Wizard: Rocket Broomstick Racing,Data Design Interactive,Metro3D Europe,"Racing, platform",Microsoft Windows,"September 8, 2011"
BioShock 2,2K Marin,2K Games,First-person shooter,"Microsoft Windows, macOS, PlayStation 3, Xbox 360","February 9, 2010"
Black Mesa,Crowbar Collective,Crowbar Collective,First-person shooter,"Microsoft Windows, Linux","May 5, 2015"
Blade Symphony,Puny Human,Puny Human Games,Action,Microsoft Windows,"May 7, 2014"
Blitzkrieg,Nival Interactive,"CDV, 1C Company, Virtual Programming",Real-time tactics,"Microsoft Windows, macOS","June 4, 2003"
Borderlands 2,"Gearbox Software, Iron Galaxy Studios",2K Games,"Action role-playing, first-person shooter","Microsoft Windows, Linux, macOS","September 18, 2012"
Borderlands: The Pre-Sequel!,"Gearbox Software, 2K Australia",2K Games,"Action role-playing, first-person shooter","Microsoft Windows, Linux, macOS","October 14, 2014"
Brawlhalla,Blue Mammoth Games,Ubisoft,Fighting,"Microsoft Windows, macOS","October 17, 2017"
Brothers in Arms: Earned in Blood,Gearbox Software,Ubisoft,First-person shooter,"Microsoft Windows, OS X","October 4, 2005"
Brothers in Arms: Road to Hill 30,Gearbox Software,Ubisoft,First-person shooter,"Microsoft Windows, Mac OS X","February 15, 2005"
Call of Cthulhu: Dark Corners of the Earth,Headfirst Productions,Bethesda Softworks,"Survival horror, first-person shooter",Microsoft Windows,"October 24, 2005"
Call of Duty 2,Infinity Ward,"Konami, Activision, Aspyr","Action, FPS","Microsoft Windows, macOS","October 25, 2005"
Call of Duty: Black Ops,"Treyarch, n-Space","Square Enix, Activision","Action, FPS","Microsoft Windows, macOS","November 9, 2010"
Call of Duty: Black Ops 3,Treyarch,Activision,FPS,Microsoft Windows,"November 6, 2015"
Call of Duty: Ghosts,Infinity Ward,"Square Enix, Activision","Action, FPS",Microsoft Windows,"November 5, 2013"
Call of Duty: Modern Warfare 2,Infinity Ward,"Activision, Square Enix","Action, FPS","Microsoft Windows, macOS","November 10, 2009"
Call of Duty Online,"Tencent, Raven Software",Tencent,"Action, FPS",Microsoft Windows,"January 14, 2013"
Call of Duty: World at War,"Exakt Entertainment, Rebellion Developments, Treyarch, n-Space",Activision Blizzard,"Action, FPS",Microsoft Windows,"November 11, 2008"
Castlevania: Lords of Shadow,"MercurySteam, Kojima Productions, Climax Studios",Konami,"Action-adventure, hack and slash",Microsoft Windows,"October 5, 2010"
Chaos Island: The Lost World,DreamWorks Interactive,DreamWorks Interactive,Real-time strategy,Microsoft Windows,"October 30, 1997"
Cities in Motion,Colossal Order,Paradox Interactive,Business simulation,"Microsoft Windows, Linux, macOS","February 23, 2011"
Cities: Skylines,Colossal Order,Paradox Interactive,"City-building, Simulation","Microsoft Windows, Linux, macOS","March 10, 2015"
Civilization III,"Firaxis Games, Westlake Interactive, Aspyr","Atari, Aspyr",Turn-based strategy,"Microsoft Windows, macOS","October 30, 2001"
Civilization III: Play the World,Firaxis Games,,Turn-based strategy,"Microsoft Windows, macOS","October 31, 2002"
Civilization V,Firaxis Games,"2K Games, Aspyr",Turn-based strategy,"Microsoft Windows, Linux, macOS","September 21, 2010"
Civilization V: Gods & Kings,Firaxis Games,"2K Games, Aspyr",Turn-based strategy,"Microsoft Windows, Linux, macOS","February 16, 2012"
Clans to Kingdoms,Clans to Kingdoms,Clans to Kingdoms,"4X, Turn-based strategy, City-building",Microsoft Windows,"April 15, 2019"
The Club,Bizarre Creations,Sega,Third-person shooter,Microsoft Windows,"February 7, 2008"
Microsoft Combat Flight Simulator,Microsoft[2][circular reference],Microsoft,"CFS, Flight Simulation",Microsoft Windows,"October 28, 1998"
Command & Conquer: Red Alert,Westwood Studios,Virgin Interactive,RTS,"MS-DOS, Microsoft Windows, PlayStation","November 22, 1996"
Command & Conquer: Red Alert 2,Westwood Pacific,EA Games,RTS,Microsoft Windows,"October 26, 2000"
Command & Conquer: Renegade,Westwood Studios,EA Games,Tactical shooter,Microsoft Windows,"February 26, 2002"
Command & Conquer 3: Tiberium Wars,EA Los Angeles,Electronic Arts,RTS,"Microsoft Windows, Xbox 360, Mac OS X","March 26, 2007"
Commandos: Behind Enemy Lines,Pyro Studios,Eidos Interactive,RTS,Microsoft Windows,"July 31, 1998"
Commandos: Strike Force,Pyro Studios,Eidos Interactive,RTS,Microsoft Windows,"March 17, 2006"
Commandos 3: Destination Berlin,Pyro Studios,Eidos Interactive,RTS,Microsoft Windows,"October 23, 2003"
Company of Heroes 2,Relic Entertainment,Sega,RTS,Microsoft Windows,"June 25, 2013"
Contagion,Monochrome LLC,Monochrome LLC,First-person shooter,Microsoft Windows,"April 14, 2014"
Counter-Strike,Valve,Valve,First-person shooter,"Microsoft Windows, Linux, macOS","June 19, 1999"
Counter-Strike: Global Offensive,Valve,Valve,First-person shooter,"Microsoft Windows, Linux, macOS","August 12, 2012"
Counter-Strike: Source,Valve,Valve,First-person shooter,"Microsoft Windows, Linux, macOS","September 1, 2004"
Crusader Kings II,Paradox Development Studios,Paradox Interactive,Grand strategy,"Microsoft Windows, Linux, macOS","February 14, 2012"
Crysis,Crytek,Electronic Arts,First-person shooter,Microsoft Windows,"November 13, 2007"
Crysis 2,"Crytek, Crytek UK",Electronic Arts,First-person shooter,Microsoft Windows,"March 22, 2011"
Cuphead,StudioMDHR,StudioMDHR,"Action, run and gun",Microsoft Windows,"September 29, 2017"
The Cursed Crusade,Kylotonn,Atlus,Action-adventure,Microsoft Windows,"October 25, 2011"
Dark Souls,From Software,From Software,"action role-playing, More Games Here","Nintendo Switch, PlayStation 4, PlayStation 3, Xbox One, Xbox 360, Microsoft Windows","September 22, 2011"
Dark Souls III,From Software,From Software,action role-playing,"PlayStation 4, Xbox One, Microsoft Windows","March 24, 2016"
Dark Sun: Shattered Lands,"Strategic Simulations, Inc.",Softgold Computerspiele GmbH,"RPG, fantasy",MS-DOS,"September 1, 1993"
Darksiders 2,Vigil Games,THQ,"Hack and slash, platformer",Microsoft Windows,"August 14, 2012"
Daryl F. Gates' Police Quest: SWAT,Sierra Entertainment,Sierra Entertainment,"Interactive movie, simulation, action-adventure","Microsoft Windows, macOS","September 30, 1995"
Day of Defeat: Source,Valve,Valve,First-person shooter,"Microsoft Windows, Linux, macOS","September 26, 2005"
Dead Island,Techland,Deep Silver,"Zombies, survival","Microsoft Windows, Linux, macOS","October 20, 2011"
Dead Space 2,Visceral Games,Electronic Arts,"Survival horror, third-person shooter","Microsoft Windows, PlayStation 3, Xbox 360","January 25, 2011"
Deadlight,Tequila Works,Microsoft Studios,"Cinematic platformer, survival horror, sidescroller","Microsoft Windows, Xbox 360","August 1, 2012"
Death Knights of Krynn,"Strategic Simulations, Inc.","Strategic Simulations, Inc.","Fantasy, RPG","MS-DOS, Commodore 64, Amiga","January 15, 1991"
Defcon,Introversion Software,Introversion Software,RTS,"Microsoft Windows, Linux, macOS","September 29, 2006"
Delta Force 2,NovaLogic,NovaLogic,"Tactical shooter, first-person shooter",Microsoft Windows,"November 3, 1999"
Delta Force: Black Hawk Down: Team Sabre,NovaLogic,NovaLogic,First-person shooter,Microsoft Windows,"January 20, 2004"
Delta Force: Task Force Dagger,Zombie Studios,NovaLogic,First-person shooter,Microsoft Windows,"June 27, 2002"
Delta Force: Xtreme 2,NovaLogic,NovaLogic,First-person shooter,Microsoft Windows,"June 2, 2009"
Desperados: Wanted Dead or Alive,Spellbound Entertainment AG,Atari,Real-time tactics,Microsoft Windows,"20 April,2001"
Desperados III,Mimimi Games,THQ Nordic,Real-time tactics,Microsoft Windows,"June 16, 2020"
Deus Ex: Human Revolution,Eidos Montréal,Square Enix,Action role-playing,Microsoft Windows,"August 23, 2011"
Deus Ex: Mankind Divided,Eidos Montréal,Square Enix,Action role-playing,Microsoft Windows,"August 23, 2016"
Diablo II,Blizzard North,"Blizzard Entertainment, Sierra Entertainment","Action role-playing, hack and slash","Microsoft Windows, macOS","June 29, 2000"
Digital Combat Simulator,Eagle Dynamics,The Fighter Collection,Flight simulator,Microsoft Windows,"December 10, 2008"
Dirt 3,Codemasters,Codemasters,"Racing, arcade",Microsoft Windows,"May 24, 2011"
Dofus,Ankama Games,Ankama Games,MMORPG,"Microsoft Windows, Linux, macOS",September 2004
Doom II: Hell on Earth,id Software,GT Interactive,First-person shooter,"MS-DOS, Macintosh","September 30, 1994"
DOOM,id Software,Bethesda Softworks,First-person shooter,Microsoft Windows,"May 13, 2016"
Dragon Age II,BioWare,Electronic Arts,Role-playing,"Microsoft Windows, macOS","March 8, 2011"
Dragon Age: Origins,BioWare Edmonton,Electronic Arts,Role-playing,"Microsoft Windows, macOS","November 3, 2009"
Dragon Quest X,"Square Enix, Armor Project",Square Enix,RPG,Microsoft Windows,"August 2, 2012"
Dragons of Flame,U.S. Gold,"Strategic Simulations, Inc.","Action, RPG, fantasy","MS-DOS, Amiga, Amstrad CPC, Atari ST, Commodore 64, ZX Spectrum","September 1, 1989"
DRAMAtical Murder,Nitro+chiral,Nitro+chiral,"BL game, visual novel",Microsoft Windows,"March 23, 2012"
Driver 3,Reflections Interactive,"Atari, Inc.","Racing, shooter",Microsoft Windows,"June 24, 2004"
Driver: San Francisco,Ubisoft Reflections,Ubisoft,"Action-adventure, racing","Microsoft Windows, Mac OS X","September 1, 2011"
Dune,Cryo Interactive,Virgin Interactive,"Adventure, strategy","MS-DOS, Amiga, Mega-CD/Sega CD","November 1, 1992"
Dune 2000,"Intelligent Games, Westwood Studios","Virgin Interactive, Electronic Arts",Real-time strategy,"Microsoft Windows, PlayStation","September 4, 1998"
Dungeon Keeper,Bullfrog Productions,Electronic Arts,"RTS, god game, dungeon management game",Microsoft Windows,"June 26, 1997"
Dungeons & Dragons Online,"Turbine, Inc.","Warner Bros., Atari, Codemasters",MMORPG,"Microsoft Windows, macOS","February 28, 2006"
Dwarf Fortress,Bay 12 Games,Bay 12 Games,"Construction and management simulation, Roguelike","Microsoft Windows, Linux, macOS","August 8, 2006"
The Elder Scrolls: Arena,Bethesda Softworks,Bethesda Softworks,Action role-playing,MS-DOS,"March 25, 1994"
The Elder Scrolls II: Daggerfall,Bethesda Softworks,Bethesda Softworks,Action role-playing,MS-DOS,"August 31, 1996"
The Elder Scrolls IV: Oblivion,"Bethesda Game Studios, 4J Games, Superscape",Bethesda Softworks,Action role-playing,"Microsoft Windows, PlayStation 3, Xbox 360","March 20, 2006"
The Elder Scrolls Online,ZeniMax Online Studios,Bethesda Softworks,MMORPG,"Microsoft Windows, Mac OS X, PlayStation 4, Xbox One, Stadia","April 4, 2014"
Emily Wants to Play,Shawn Hitchcock,SKH Apps,Survival horror,"Microsoft Windows, macOS","December 10, 2015"
Empire Earth,Stainless Steel Studios,Sierra Entertainment,RTS,Microsoft Windows,"November 12, 2001"
Empire Earth III,Mad Doc Software,Sierra Entertainment,RTS,Microsoft Windows,"November 6, 2007"
Enclave,Starbreeze Studios,"Vivendi Universal, TopWare Interactive",Action,"Microsoft Windows, Xbox, Wii","March 10, 2003"
Epic Battle Fantasy,Matt Roszak,Kupo Games,Role-playing,"Microsoft Windows, Linux, macOS","March 1, 2009"
Epic Battle Fantasy 3,Matt Roszak,Kupo Games,Role-playing,"Microsoft Windows, Linux, macOS","September 12, 2010"
Euro Truck Simulator,SCS Software,SCS Software,Simulator,Microsoft Windows,"August 29, 2008"
Europa Universalis,Paradox Development Studio,Strategy First,Grand strategy,Microsoft Windows,"March 14, 2000"
Europa Universalis III,Paradox Development Studio,Paradox Interactive,Grand strategy,Microsoft Windows,"January 23, 2007"
Eve Online,CCP Games,CCP Games,"Space flight simulator game, MMORPG","Microsoft Windows, macOS","May 6, 2003"
Eye of the Beholder,"Strategic Simulations, Inc.","TSR, Inc.","Fantasy, RPG",MS-DOS,"April 16, 1990"
Eye of the Beholder III: Assault on Myth Drannor,"Strategic Simulations, Inc.","Strategic Simulations, Inc.","Fantasy, RPG",MS-DOS,"August 3, 1992"
Factorio,Wube Software,Wube Software,RTS,"Microsoft Windows, Linux, macOS",2015
Fallout,Interplay Inc.,Bethesda Softworks,RPG,Microsoft Windows,"November 1, 1997"
Fallout 3,Bethesda Game Studios,Bethesda Softworks,RPG,Microsoft Windows,"October 28, 2008"
Fallout: New Vegas,Obsidian Entertainment,"Namco Bandai Games, Bethesda Softworks",RPG,Microsoft Windows,"October 19, 2010"
Far Cry,Crytek,Ubisoft,First-person shooter,Microsoft Windows,"March 12, 2004"
Far Cry 3,Ubisoft Montreal,Ubisoft,First-person shooter,Microsoft Windows,"November 29, 2012"
Far Cry 4,Ubisoft Montreal,Ubisoft,"First-person shooter, Action-adventure",Microsoft Windows,"November 18, 2014"
Fez,Polytron Corporation,Trapdoor,Puzzle-platform,"Windows, Linux, OS X","May 1, 2013"
Final Fantasy VII,Square Product Development Division 1,"Square, Square Enix, Eidos Interactive",Role-playing,Microsoft Windows,"May 31, 1998"
Final Fantasy XI,"Square Product Development Division 3 (pre-April 1, 2003)[2]Square Enix Product Development Division 3[2]","Square, Square Enix",Role-playing,Microsoft Windows,"May 16, 2002"
Fistful of Frags,FoF Developer Team,"FoF Developer Team, Valve",First-person shooter,"Microsoft Windows, Linux, macOS","December 20, 2007"
Five Nights at Freddy's 2,Scott Cawthon,Scott Cawthon,Survival horror,"Microsoft Windows, Linux","November 10, 2014"
FlatOut,Bugbear Entertainment,"Valve, Empire Interactive, Konami","Racing, arcade","Microsoft Windows, Linux","November 5, 2004"
FlatOut 3: Chaos & Destruction,Team6 Game Studios,Strategy First,"Racing, arcade",Microsoft Windows,"December 13, 2011"
For the Glory: A Europa Universalis Game,Crystal Empire Games,Paradox Interactive,Grand strategy,Microsoft Windows,"November 11, 2009"
A Fork in the Tale,Advance Reality Interactive,Any River Entertainment,Adventure,Microsoft Windows,"February 28, 1997"
Fragile Allegiance,Gremlin Interactive,"Gremlin Interactive, Interplay","4X, real-time strategy","Microsoft Windows, MS-DOS",December 1996
Freelancer,Digital Anvil,Microsoft Game Studios,Space trading and combat simulator,Microsoft Windows,"March 4, 2003"
Game Dev Tycoon,Greenheart Games,Greenheart Games,"Casual, indie, simulation, strategy","Microsoft Windows, Linux, macOS","December 10, 2012"
Giant Cop: Justice Above All,Other Ocean Interactive,Other Ocean Interactive,Action,Microsoft Windows,"May 30, 2017"
Gone Home,The Fullbright Company,The Fullbright Company,"Adventure, interactive fiction, point and click","Microsoft Windows, Linux, macOS","August 15, 2013"
Gothic II,Piranha Bytes,JoWooD Entertainment,Action role-playing,Microsoft Windows,"November 29, 2002"
Gothic 3: Forsaken Gods,"Trine Games, Mad Vulture Games",JoWooD Entertainment,Action role-playing,Microsoft Windows,"November 21, 2008"
Arcania: Fall of Setarrif,Spellbound Entertainment,Nordic Games,Action role-playing,"Microsoft Windows, Xbox 360, PlayStation 3","October 25, 2011"
Grand Theft Auto: The Ballad of Gay Tony,Rockstar North,Rockstar Games,"Open world, action-adventure",Microsoft Windows,"April 13, 2010"
Grand Theft Auto: London 1969,Rockstar Canada,Rockstar Games,"Open world, action-adventure","Microsoft Windows, MS-DOS","March 31, 1999"
Grand Theft Auto III,DMA Design,Rockstar Games,"Open world, action-adventure",Microsoft Windows,"May 21, 2002"
Grand Theft Auto: The Lost and Damned,Rockstar North,Rockstar Games,"Open world, action-adventure",Microsoft Windows,"April 13, 2010"
Grand Theft Auto: Vice City,Rockstar North,Rockstar Games,"Open world, action-adventure","Microsoft Windows, macOS","May 12, 2003"
Grid 2,Codemasters,Codemasters,"Racing, arcade",Microsoft Windows,"May 27, 2013"
Ground Control II: Operation Exodus,Massive Entertainment,Vivendi Universal,Real-time tactics,Microsoft Windows,"June 18, 2004"
GTR Evolution,Sinbin Studios,"Atari, Viva Media",Racing,Microsoft Windows,"August 1, 2008"
Guild Wars 2,ArenaNet,NCSoft,MMORPG,"Microsoft Windows, macOS","August 28, 2012"
Guild Wars Nightfall,ArenaNet,NCSoft,CORPG,Microsoft Windows,"October 27, 2006"
Gunpoint,Suspicious Developments,Suspicious Developments,"Action, adventure, puzzle platformer","Microsoft Windows, Linux, macOS","June 3, 2013"
Half-Life 2,Valve,"Valve, Sierra Entertainment",First-person shooter,"Microsoft Windows, Linux, macOS","November 16, 2004"
Half-Life Deathmatch: Source,Valve,Valve,First-person shooter,"Microsoft Windows, Linux, macOS","May 1, 2006[1]"
Half-Life: Source,Valve,Valve,First-person shooter,"Microsoft Windows, Linux, macOS","June 1, 2004"
Half-Life 2: Episode One,Valve,Valve,First-person shooter,"Microsoft Windows, Linux, macOS","June 1, 2006"
Half-Life 2: Lost Coast,Valve,Valve,First-person shooter,"Microsoft Windows, Linux, macOS","October 27, 2005"
Halo 2,"Bungie, Microsoft Game Studios, Pi Studios",Microsoft Game Studios,First-person shooter,Microsoft Windows,"May 17, 2007"
Harvester,DigiFX Interactive,"Merit Studios, Virgin Interactive, Night Dive Studios",Adventure,"DOS, Microsoft Windows, Linux","September 25, 1996"
Hatoful Boyfriend: A School of Hope and White Wings,"PigeoNaton, Mediatonic","MIST[PSI]PRESS, Devolver Digital","Visual novel, dating simulation, otome game, nakige","Microsoft Windows, Linux, macOS","August 24, 2014"
Hearts of Iron,Paradox Development Studios,Strategy First,Grand strategy,"Microsoft Windows, macOS","November 24, 2002"
Hearts of Iron III,Paradox Development Studios,Paradox Interactive,Grand strategy,"Microsoft Windows, macOS","August 7, 2009"
Heroes of the Lance,U.S. Gold,"Strategic Simulations, Inc.","RPG, fantasy","MS-DOS, Amiga, Amstrad CPC, Atari ST, Commodore 64, FM Towns, ZX Spectrum","November 1, 1988"
Heroes of Might and Magic II,New World Computing,The 3DO Company,Turn-based strategy,"Microsoft Windows, DOS, Mac OS, RISC OS","October 1, 1996"
Heroes of Newerth,S2 Games,S2 Games,MOBA,"Microsoft Windows, Linux, macOS","May 12, 2010"
Hitman: Absolution,"IO Interactive, Feral Interactive","Eidos Interactive, Feral Interactive","Action-adventure, stealth","Microsoft Windows, macOS","November 19, 2012"
Hitman: Codename 47,IO Interactive,Eidos Interactive,"Action-adventure, stealth",Microsoft Windows,"November 19, 2000"
Hitman 2: Silent Assassin,IO Interactive,Eidos Interactive,"Action-adventure, stealth",Microsoft Windows,"October 1, 2002"
Hitman 2,"IO Interactive, Feral Interactive",Warner Bros. Interactive Entertainment,"Action-adventure, stealth","Microsoft Windows, macOS","November 9, 2018"
Hogs of War,Infogrames Studios,Infogrames Europe,"Turn-based tactics, artillery",Microsoft Windows,"November 3, 2000"
Homeworld,Relic Entertainment,Sierra Entertainment,"Real-time strategy, real-time tactics, space simulation",Microsoft Windows,"September 28, 1999"
Homeworld 2,Relic Entertainment,Sierra Entertainment,Real-time strategy,"Microsoft Windows, macOS","September 16, 2003"
Hotline Miami,Dennaton Games,Devolver Digital,"Action, top-down shooter","Microsoft Windows, Linux, macOS","October 23, 2012"
Hugo's House of Horrors,Gray Design Associates,Gray Design Associates,"Adventure, survival horror","Microsoft Windows, DOS",1990
Icewind Dale,Black Isle Studios,Interplay Entertainment,RPG,"Microsoft Windows, macOS","June 29, 2000"
Identity,"Asylum Entertainment, Inc.","Asylum Entertainment, Inc.",MMORPG,"Microsoft Windows, macOS",N/A
Insurgency: Sandstorm,New World Interactive,Focus Home Interactive,First-person shooter,Microsoft Windows,"December 12, 2018"
Jade Empire,"BioWare, LTI Gray Matter","2K Games, Valve",Action role-playing,"Microsoft Windows, macOS, Xbox 360, Xbox","February 26, 2007"
Jazz Jackrabbit,"Epic MegaGames, Arjan Brussee",Epic MegaGames,"Side-scrolling shooter, platform","Microsoft Windows, MS-DOS","July 30, 1994"
Judge Dredd: Dredd vs. Death,Rebellion Developments,"Sierra Entertainment, BAM! Entertainment",First-person shooter,"Microsoft Windows, Xbox, PlayStation 2, GameCube","October 17, 2003"
Jurassic Park,Ocean Software,Ocean Software,Action,"Amiga, DOS",October 1993
Jurassic Park III: Dino Defender,Knowledge Adventure,Knowledge Adventure,"Side-scrolling, action","Microsoft Windows, macOS","June 29, 2001"
Just Cause,Avalanche Studios,Eidos Interactive,"Open world, action",Microsoft Windows,"September 22, 2006"
Just Cause 3,Avalanche Studios,Square Enix,"Open world, action","Microsoft Windows, Xbox One, PS4","December 1, 2015"
Katawa Shoujo,Four Leaf Studios,Four Leaf Studios,"Visual novel, dating sim","Microsoft Windows, Linux, macOS","January 24, 2012"
Kerbal Space Program,Squad,Squad,Sandbox,"Microsoft Windows, Linux, macOS","June 24, 2011"
Killing Floor 2,Tripwire Interactive,Tripwire Interactive,First-person shooter,"Microsoft Windows, Linux, macOS","November 18, 2016"
Kingdoms of Amalur: Reckoning,"38 Studios, Big Huge Games","38 Studios, Electronic Arts","Action role-playing, hack and slash","Microsoft Windows, PlayStation 3, Xbox 360","February 7, 2012"
King Arthur II: The Role-Playing Wargame,NeocoreGames,Paradox Interactive,"Turn-based strategy, real-time tactics",Microsoft Windows,"January 27, 2012"
Knights and Merchants: The Shattered Kingdom,Joymania Entertainment,"TopWare Interactive, Interactive Magic",RTS,"Microsoft Windows, Linux","September 18, 1998"
Lands of Lore: Guardians of Destiny,Westwood Studios,Virgin Interactive,RPG,"MS-DOS, Microsoft Windows","September 30, 1997"
Lands of Lore III,Westwood Studios,Electronic Arts,RPG,Microsoft Windows,"March 3, 1999"
Layers of Fear,Bloober Team,Aspyr,Survival horror,"Microsoft Windows, Linux, macOS, PlayStation 4, Xbox One","February 16, 2016"
Legends of Callasia,Boomzap Entertainment,Boomzap Entertainment,Turn-based strategy,"Microsoft Windows, macOS","June 10, 2016"
Lego Batman 2: DC Super Heroes,Traveller's Tales,"Warner Bros. Interactive Entertainment, Feral Interactive",Action-adventure,"Microsoft Windows, macOS, Nintendo DS, PlayStation 3, PlayStation 4, PlayStation Vita, Wii, Wii U, Xbox 360, Nintendo 3DS, Android, iOS","June 23, 2012"
Lego Rock Raiders,Data Design Interactive,Lego Media,"Real-time strategy, action",Microsoft Windows,"November 15, 1999"
Leisure Suit Larry series,"Sierra Entertainment, High Voltage Software, Team17, Replay Games","Sierra Entertainment, Codemasters, Replay Games",Graphic adventure,"Microsoft Windows, Linux, macOS","June 5, 1987"
London Taxi: Rush Hour,Data Design Interactive,Metro3D Europe,Driving,Microsoft Windows,"June 23, 2006"
Luftrausers,Vlambeer,Devolver Digital,Shoot 'em Up,"Microsoft Windows, macOS, Linux, PlayStation 3, PlayStation Vita, Android","March 18, 2014"
M.U.G.E.N,ElecByte,ElecByte,Fighting,"MS-DOS, Microsoft Windows, Linux, macOS","July 17, 1999"
M1 Tank Platoon II,MicroProse,MicroProse,"Simulation, real-time tactics",Microsoft Windows,"February 28, 1998"
Mass Effect,BioWare Corporation,Electronic Arts,"RPG, Action, science fiction","Microsoft Windows, PlayStation 3, Xbox 360","November 20, 2007"
Mass Effect 3,BioWare Corporation,Electronic Arts,"RPG, action, science fiction","Microsoft Windows, PlayStation 3, Xbox 360","March 6, 2012"
Max Payne 2: The Fall of Max Payne,Remedy Entertainment,Rockstar Games,Third-person shooter,"Microsoft Windows, PlayStation 2, Xbox","October 14, 2003"
MDK2,BioWare,Interplay Entertainment,"Third-person shooter, action-adventure",Microsoft Windows,"March 31, 2000"
Medal of Honor,"DICE, Danger Close Games",Electronic Arts,First-person shooter,"Microsoft Windows, PlayStation 3, Xbox 360","October 8, 2010"
Medieval: Total War,The Creative Assembly,Activision,Turn-based strategy,Microsoft Windows,"August 20, 2002"
MegaRace,Cryo Interactive,The Software Toolworks,Racing video game,"MS-DOS, Sega CD, 3DO",1993
MegaRace 3,Cryo Interactive,"Cryo Interactive, DreamCatcher Interactive",Racing video game,"Microsoft Windows, PlayStation 2","January 9, 2002"
Metal Gear 2: Solid Snake,Konami,Konami,"Action-adventure, stealth",MSX2,"July 20, 1990"
Metal Gear Solid,"KCEJ, Digital Dialect","Konami, Microsoft Game Studios","Action-adventure, stealth",Microsoft Windows,"September 3, 1998"
Metal Gear Solid V: Ground Zeroes,Kojima Productions,Konami,"Action-adventure, stealth",Microsoft Windows,"September 1, 2015"
Metro 2033,4A Games,"Deep Silver, THQ","Post-apocalyptic, FPS","Microsoft Windows, Linux","March 16, 2010"
Microsoft Minesweeper,Arkadium,Microsoft Studios,,Microsoft Windows,2012
Might & Magic X: Legacy,Limbic Entertainment,Ubisoft,"RPG, action RPG",Microsoft Windows,"January 23, 2014"
Might and Magic VII,New World Computing,3DO,"RPG, action RPG",Microsoft Windows,"May 15, 1999"
Minecraft,Mojang,Mojang,Sandbox,"Microsoft Windows, Linux, macOS, iOS, Windows Phone, Xbox 360, Xbox One, PlayStation 3, PlayStation 4, PlayStation Vita, Raspberry Pi, Universal Windows Platform, Wii U, Nintendo Switch, New Nintendo 3DS, Apple TV, Amazon Fire TV","November 18, 2011"
Mirror's Edge,EA Digital Illusions CE,Electronic Arts,"First-person action-adventure, platform","Microsoft Windows, PlayStation 3, Xbox 360 iOS, Windows Phone","November 12, 2008"
Mortal Kombat (2011),"NetherRealm Studios, High Voltage Software",Warner Bros. Interactive Entertainment.,Fighting,Microsoft Windows,"July, 2013"
Mortal Kombat 11,"NetherRealm Studios, QLOC",Warner Bros. Interactive Entertainment.,Fighting,Microsoft Windows,"April 23, 2019"
Mount & Blade: Warband,TaleWorlds Entertainment,Paradox Interactive,"Action RPG, strategy","Microsoft Windows, Linux, macOS","March 30, 2010"
MouseCraft,Crunching Koalas,Crunching Koalas,Puzzle,"Microsoft Windows, Linux, macOS","June 9, 2014"
Myst,Cyan,Brøderbund,Adventure,"Mac OS, Microsoft Windows",1994
Myth Makers: Trixie in Toyland,Data Design Interactive,Metro3D Europe,Platformer,Microsoft Windows,"August 19, 2005"
Natural Selection 2,Unknown Worlds Entertainment,Unknown Worlds Entertainment,"First-person shooter, RTS","Microsoft Windows, Linux","October 30, 2012"
NBA 2K11,Visual Concepts,2K Sports,Sports,"Xbox 360, Wii, PlayStation 3, PlayStation 2, PlayStation Portable, Microsoft Windows","October 5, 2010"
NBA 2K13,Visual Concepts,2K Sports,Sports,"Xbox 360, WiiWii U, PlayStation 3, PlayStation Portable, iOS, Android, Microsoft Windows","October 2, 2012"
NBA 2K15,Visual Concepts,2K Sports,Sports,"Microsoft Windows, Xbox One, Xbox 360, iOS, PlayStation 3, PlayStation 4, Android","October 7, 2014"
NBA 2K17,Visual Concepts,2K Sports,Sports,"Microsoft Windows, PlayStation 4, PlayStation 3, Xbox One, Xbox 360, iOS, Android","September 20, 2016"
NBA 2K9,Visual Concepts,2K Sports,Sports,"PlayStation 2, PlayStation 3, Xbox 360, Microsoft Windows","October 7, 2008"
NBA Inside Drive,Microsoft Studios,Microsoft Studios,Sports,"Microsoft Windows, Xbox","August 17, 2000"
NBA Live 2000,EA Canada,Electronic Arts,Sports,"Windows, PlayStation, Nintendo 64","October 31, 1990"
NBA Live 2003,EA Canada,EA Sports,Sports,"PlayStation, PlayStation 2, Windows","October 8, 2002"
NBA Live 2005,EA Canada,Electronic Arts,Sports,"PlayStation 2, Xbox GameCube, Windows","September 28, 2004"
NBA Live 07,EA Canada,EA Sports,Sports,"PlayStation 2, PlayStation Portable, Xbox 360, Xbox, Windows, Mobile phone","November 15, 2006"
NBA Playgrounds,Saber Interactive,Mad Dog Games,Sports,"Microsoft Windows, Nintendo Switch, PlayStation 4, Xbox One","May 9, 2017"
Need for Speed II,Electronic Arts,Electronic Arts,Racing,Microsoft Windows,"March 31, 1997"
Need for Speed: High Stakes,Electronic Arts,Electronic Arts,Racing,Microsoft Windows,"March 8, 1999"
Need for Speed: Porsche Unleashed,Electronic Arts,Electronic Arts,Racing,Microsoft Windows,"February 29, 2000"
Neighbours from Hell,JoWood Productions,JoWood Productions,Puzzle,Microsoft Windows,"June 20, 2003"
Nether: Resurrected,Phosphor Games Studio,"Nether Productions, LLC","Survival Horror, Open World, Action",Microsoft Windows,"October 28, 2013"
Neverwinter Nights,BioWare,"Atari, Infogrames, MacSoft",Role-playing,"Microsoft Windows, Linux, macOS","June 18, 2002"
Neverwinter Nights: Hordes of the Underdark,BioWare,"Atari, Infogrames, MacSoft",Role-playing,"Microsoft Windows, Linux, macOS","December 2, 2003"
Next Car Game: Wreckfest,Bugbear Entertainment,Bugbear Entertainment,"Racing, destruction",Microsoft Windows,Summer 2017
Nier: Automata,PlatinumGames,Square Enix,Action role-playing,Microsoft Windows,"March 17, 2017"
Ninjabread Man,Data Design Interactive,Metro3D Europe,Platformer,Microsoft Windows,"July 23, 2005"
No More Room in Hell,Matt Kazan,Steam,Survival horror,"Microsoft Windows, Linux, macOS","October 31, 2013"
Operation Flashpoint: Cold War Crisis,Bohemia Interactive,Codemasters,Tactical shooter,Microsoft Windows,"June 22, 2001"
Orcs Must Die 2,Robot Entertainment,Robot Entertainment,"Action, Tower Defense",Microsoft Windows,"July 30, 2012"
Ori and the Blind Forest,Moon Studios,Microsoft Studios,Platform,Microsoft Windows,"March 11, 2015"
osu!,Dean Herbert,PPY Developments PTY,"Rhythm, music","Microsoft Windows, macOS","September 16, 2007"
Outcast,Appeal,Infogrames,"Adventure, Action",Microsoft Windows,"August 31, 1999"
Overgrowth,Wolfire Games,Wolfire Games,Action,"Microsoft Windows, Linux, macOS","September 17, 2008"
Oxenfree,Night School Studio,Night School Studio,Graphic adventure,"Microsoft Windows, Linux, macOS, Xbox One, PlayStation 4, iOS, Android, Nintendo Switch","January 15, 2016"
ParaWorld,SEK,Sunflowers,Real-time strategy,Microsoft Windows,"September 15, 2006"
Payday: The Heist,Overkill Software,Sony Online Entertainment,First-person shooter,"Microsoft Windows, PlayStation 3","October 18, 2011"
Penumbra: Black Plague,Frictional Games,Paradox Interactive,Survival horror,"Microsoft Windows, Linux, macOS","February 12, 2008"
Penumbra: Requiem,Frictional Games,Paradox Interactive,Survival horror,"Microsoft Windows, Linux, macOS","August 27, 2008"
Phantom Doctrine,CreativeForge Games,Good Shepherd Entertainment,Strategy,"Windows, Xbox One, PlayStation 4, Nintendo Switch","August 14, 2018"
Pixel Piracy,Quadro Delta,Re-Logic,Action-adventure,"Microsoft Windows, Linux, OS X, PlayStation 4, Xbox One","February 16, 2016"
Planetary Annihilation,Uber Entertainment,Uber Entertainment,RTS,"Microsoft Windows, Linux, macOS","September 5, 2014"
PlanetSide 2,Sony Online Entertainment,Sony Online Entertainment,MMOFPS,"Microsoft Windows, PlayStation 4","November 12, 2012"
PlayerUnknown's Battlegrounds,"PUBG Corporation, Lightspeed & Quantum Studios (mobile)","PUBG Corporation (Windows), Microsoft Studios (Xbox One), Tencent Games (mobile)","Multiplayer online game, Battle royale game","Microsoft Windows, Xbox One, Android, iOS","December 12, 2017"
Pokémon TCG Online,Dire Wolf Digital,The Pokémon Company,Digital collectible card game,"Microsoft Windows, OS X, iPad, Android","March 24, 2011"
Pony Island,Daniel Mullins Games,Daniel Mullins Games,Indie,Microsoft Windows,"January 4, 2016"
Pools of Darkness,"Strategic Simulations, Inc., MicroMagic, Inc., Marionette (PC9800)","Strategic Simulations, Inc., Pony Canyon (PC9800)","Fantasy, RPG","Microsoft Windows, macOS, Amiga, PC-9800 series",1991
Portal,Valve,"Valve, Microsoft Game Studios",Puzzle-platform game,"Microsoft Windows, Linux, macOS, PlayStation 3, Xbox 360, Android","October 10, 2007"
Postal,Running with Scissors,Running with Scissors,Top-down shooter,"Android, Microsoft Windows, Mac OS, OS X, Linux","November 14, 1997"
Postal III,Running with Scissors,Akella,Third-person shooter,Microsoft Windows,"November 23, 2011"
PP: Pianissimo,Innocent Grey,Innocent Grey,Mystery,Microsoft Windows,"September 29, 2009"
Prince of Persia: Warrior Within,"Ubisoft Montreal, Pipeworks Software, Gameloft","Ubisoft, Gameloft","Action-adventure, platform, hack and slash","Microsoft Windows, PlayStation 2, GameCube, Xbox, PlayStation 3, iOS, PlayStation Portable","November 30, 2004"
Project I.G.I.,Innerloop Studios,Eidos Interactive,Stealth game,Microsoft Windows,"December 15, 2000"
Quake,id Software,GT Interactive,First-person shooter,"DOS, Linux, macOS","June 22, 1996"
Quake III Arena,"id Software, Raster Productions, Bullfrog Productions, Pi Studios","Activision, Loki Software, Sega, Electronic Arts",First-person shooter,"Microsoft Windows, Linux, macOS, Amiga, Dreamcast, PlayStation 2, Xbox 360","December 2, 1999"
Rage,id Software,Bethesda Softworks,"First-person shooter, action-adventure, vehicular combat, racing","Microsoft Windows, PlayStation 3, Xbox 360","October 4, 2011"
Railroad Tycoon 3,PopTop Software,Gathering of Developers,Business simulation,"Microsoft Windows, macOS","October 27, 2003"
Rayman 2: The Great Escape,Ubisoft,Ubisoft,Platformer,Microsoft Windows,"October 31, 1999"
Rayman Legends,Ubisoft,Ubisoft,Platformer,Microsoft Windows,"September 3, 2013"
Rayman Origins,Ubisoft,Ubisoft,Platformer,Microsoft Windows,"March 29, 2012"
Rec Room,Against Gravity,Against Gravity,"Action RPG, first-person shooter","Microsoft Windows, PlayStation 4","June 28, 2016"
Red Dead Redemption 2,Rockstar Studios,Rockstar Games,Action-adventure,"Microsoft Windows, PlayStation 4, Xbox One","November 5, 2019"
Redshirt,The Tiniest Shark,Positech Games,Simulation game,"Microsoft Windows, iOS, Android","November 13, 2013"
Resident Evil,Capcom,Capcom,Survival horror,"Microsoft Windows, PlayStation","March 22, 1996"
Resident Evil 3: Nemesis,Capcom,Capcom,Survival horror,"Microsoft Windows, PlayStation","September 22, 1999"
Resident Evil 5,Capcom,Capcom,"Action-adventure, third-person shooter","Microsoft Windows, PlayStation 3, Xbox 360","March 5, 2009"
Resident Evil: Operation Raccoon City,"Slant Six Games, Capcom",Capcom,"Action-adventure, third-person shooter","Microsoft Windows, PlayStation 3, Xbox 360","March 20, 2012"
Resident Evil: Revelations 2,Capcom,Capcom,"Action, survival horror","Microsoft Windows, PlayStation 3, PlayStation 4, PlayStation Vita, Xbox 360, Xbox One","Episode 1

Episode 2

Episode 3

Episode 4


February 24, 2015

March 3, 2015

March 10, 2015

March 17, 2015","February 24, 2015","March 3, 2015","March 10, 2015","March 17, 2015"
Retrobooster,Really Slick,Really Slick,"Action, arcade, multidirectional shooter","Microsoft Windows, Linux","February 21, 2014"
Ricochet,Valve,,First-person shooter,"Microsoft Windows, Linux, macOS","November 1, 2000"
Rise of Nations,Big Huge Games,Microsoft Game Studios,Real-time strategy,"Microsoft Windows, macOS","May 20, 2003"
Rise of Nations: Thrones and Patriots,Big Huge Games,Microsoft Game Studios,Real-time strategy,"Microsoft Windows, macOS","April 21, 2004"
Robot Roller-Derby Disco Dodgeball,Erik Asmussen,82 Apps,First-person shooter,"Microsoft Windows, Linux, macOS","March 28, 2014"
Rock 'n' Roll Adventures,Data Design Interactive,Data Design Interactive,Platform,Microsoft Windows,"September 17, 2007"
"July 7, 2015","February 17, 2016","September 8, 2016","November 14, 2017"
RollerCoaster Tycoon 2,Chris Sawyer Productions,Infogrames,Simulation game,Microsoft Windows,"October 15, 2002"
Rome: Total War,The Creative Assembly,Sega,Turn-based strategy,"Microsoft Windows, macOS","November 22, 2004"
Rome: Total War: Barbarian Invasion,The Creative Assembly,"Activision, Sega",Turn-based strategy,"Microsoft Windows, macOS","September 27, 2005"
RuneScape,Jagex,Jagex,MMORPG,"Microsoft Windows, Linux, macOS","January 4, 2001"
Ryse: Son of Rome,Crytek,"Microsoft Studios, Crytek","Action-adventure, hack and slash","Microsoft Windows, Xbox One","October 10, 2014"
"July 7, 2015","February 17, 2016","September 8, 2016","November 14, 2017"
Saints Row 2,"Volition, CD Projekt (Windows)",THQ,"Action-adventure, open world","Microsoft Windows, PlayStation 3, Xbox 360","January 5, 2009"
Saints Row IV,Volition,"Deep Silver, Spike Chunsoft","Action-adventure, open world","Microsoft Windows, PlayStation 3, Xbox 360","August 20, 2013"
Scrolls,Mojang,Mojang,Tactical CCG,"Microsoft Windows, macOS","June 3, 2013 (Open beta)"
Sengoku,Paradox Development Studios,Paradox Interactive,Grand strategy,"Microsoft Windows, macOS","September 13, 2011"
Shogun: Total War,The Creative Assembly,"Electronic Arts, Sega, Sold-Out Software","Turn-based strategy, real-time tactics",Microsoft Windows,"June 13, 2000"
Sid Meier's Railroads!,"Firaxis Games, Feral Interactive","2K Games, Feral Interactive",Business simulation,"Microsoft Windows, macOS","October 17, 2006"
Silent Hunter II,Aeon Electronic Entertainment,Ubisoft,Submarine simulator,Microsoft Windows,"November 6, 2001"
Silent Hunter 4: Wolves of the Pacific,Ubisoft Bucharest,Ubisoft,Submarine simulator,Microsoft Windows,"March 20, 2007"
Silkroad Online,Joymax,"Joymax, Yahoo!",MMORPG,Microsoft Windows,2004
SimCity 2000,Maxis,Electronic Arts,City-building,"Microsoft Windows, Various",1994
SimCity 4,Maxis,"Electronic Arts, Aspyr Media",City-building,"Microsoft Windows, macOS","January 14, 2003"
Sins of a Solar Empire,Ironclad Games,Stardock,RTS,Microsoft Windows,2008
Smite,Hi-Rez Studios,Hi-Rez Studios,MOBA,Microsoft Windows,"March 25, 2014"
Sonic & Knuckles Collection,Sega PC,Sega,"platform, compilation",Microsoft Windows,1997
Space Station 13,SS13 Development Team,SS13 Development Team,MMORPG,Microsoft Windows,"February 16, 2003"
Spore,Maxis,Electronic Arts,Life simulation,Microsoft Windows,"September 7, 2008"
S.T.A.L.K.E.R.: Call of Pripyat,GSC Game World,Viva Media,First-person shooter,Microsoft Windows,"February 2, 2010"
S.T.A.L.K.E.R.: Shadow of Chernobyl,GSC Game World,THQ,First-person shooter,Microsoft Windows,"March 20, 2007"
Star Citizen,Cloud Imperium Games Corporation,Cloud Imperium Games Corporation,"Space trading and combat simulator, first-person shooter","Microsoft Windows, Linux",TBA
Star Wars: Empire At War,Petroglyph Games,LucasArts,Real-time strategy,"Microsoft Windows, macOS","February 16, 2006"
Star Wars: Knights of the Old Republic,BioWare,LucasArts,RPG,"Microsoft Windows, macOS","November 19, 2003"
Star Wars: Republic Commando,"LucasArts, Magellan Interactive",THQ Wireless,"Tactical shooter, first-person shooter","Xbox, Microsoft Windows, mobile phone","February 17, 2005"
Star Wars: TIE Fighter,Lucasarts,Lucasarts,Flight simulation,"DOS, Windows 9x, Linux, macOS","July 1, 1994"
StarCraft,Blizzard Entertainment,Blizzard Entertainment,RTS,"Microsoft Windows, macOS, Nintendo 64","March 31, 1998"
StarCraft II: Heart of the Swarm,Blizzard Entertainment,Blizzard Entertainment,RTS,"Microsoft Windows, macOS","March 12, 2013"
StarCraft II: Wings of Liberty,Blizzard Entertainment,Blizzard Entertainment,RTS,"Microsoft Windows, macOS","July 27, 2010"
StarDrive,Zero Sum Games,Iceberg Interactive,"4X, strategy",Microsoft Windows,"April 26, 2013"
Starsiege: Tribes,Dynamix,Sierra On-Line,First-person shooter,Microsoft Windows,"November 30, 1998 2004 (freeware)"
Stellar Monarch,Silver Lemur Games,Silver Lemur Games,"4X, strategy",Microsoft Windows,"December 5, 2016"
Stronghold,"Firefly Studios, MacSoft","Take 2 Interactive, God Games",RTS,"Microsoft Windows, macOS","October 19, 2001"
Stronghold 3,Firefly Studios,7Sixty Games,RTS,"Microsoft Windows, Linux, macOS","October 25, 2011"
Stronghold: Crusader Extreme,Firefly Studios,Gamecock Media Group,RTS,Microsoft Windows,"May 27, 2008"
Stronghold Legends,Firefly Studios,2K Games,RTS,Microsoft Windows,"October 13, 2006"
Super Meat Boy,Team Meat,Team Meat,Platformer,"Microsoft Windows, Linux, macOS, Xbox 360","April 5, 2011"
Surf's Up,"Ubisoft Montreal, Ubisoft Quebec, Totally Games","Ubisoft, Sony Computer Entertainment America",Sports,"Game Boy Advance, GameCube, Mac OS X, Microsoft Windows, Nintendo DS, PlayStation 2, PlayStation 3, PlayStation Portable, Wii, Xbox 360","May 30, 2007"
SWAT 4,Irrational Games,"Vivendi Universal Games, Sierra Entertainment","First-person shooter, tactical shooter","Microsoft Windows, macOS","April 5, 2005"
System Shock 2,"Irrational Games, Looking Glass Studios",Electronic Arts,"Action RPG, survival horror","Microsoft Windows, Linux, macOS","August 11, 1999"
Transport Tycoon,Chris Sawyer Productions,MicroProse,Business simulation game,"MS-DOS, Mac, PlayStation, Sega Saturn","June 15, 1994"
The Settlers II,Blue Byte Software,Blue Byte Software,"City-building game, Real-Time Strategy","MS-DOS, Macintosh, Nintendo DS","April 17, 1996"
The Settlers IV,Blue Byte Software,Ubi Soft,"City-building game, Real-Time Strategy","Microsoft Windows, iOS, webOS, bada, Symbian, Android","February 15, 2001"
The Settlers II (10th Anniversary),Blue Byte Software,Ubi Soft,"City-building game, Real-Time Strategy",Microsoft Windows,"November 7, 2006"
The Settlers: Awakening of Cultures,Blue Byte Software,Ubi Soft,"City-building game, Real-Time Strategy",Microsoft Windows,"August 28, 2008"
Team Fortress 2,Valve,Valve,First-person shooter,"Microsoft Windows, Linux, macOS, PlayStation 3, Xbox 360","October 9, 2007"
Terraria,Re-Logic,"Re-Logic, 505 Games, Spike Chunsoft","Action-adventure, survival","Microsoft Windows, PlayStation 3, Xbox 360, PlayStation Vita, Android, iOS","May 16, 2011"
The Adventures of Fatman,SOCKO! Entertainment,SOCKO! Entertainment,Point-and-click adventure,Microsoft Windows,May 2003
The Lord of the Rings Online,"Turbine, Inc.","Turbine, Inc.",MMORPG,"Microsoft Windows, macOS","April 27, 2007"
The Punisher (2005 video game),Volition,THQ,"Action, third-person shooter","PlayStation 2, Xbox, Microsoft Windows, mobile phone","April 12, 2004"
The Secret World,Funcom,Electronic Arts,MMORPG,Microsoft Windows,"July 3, 2012"
The Sims,"Edge of Reality, Maxis",Electronic Arts,Life simulation,"Microsoft Windows, Mac OS, OS X, Linux, PlayStation 2, GameCube, Xbox","February 11, 2000"
The Sims 2: Apartment Life,Maxis,Electronic Arts,Life simulation,"Microsoft Windows, macOS","August 25, 2008"
The Sims 2: FreeTime,Maxis,Electronic Arts,Life simulation,"Microsoft Windows, macOS","February 22, 2008"
The Sims 2: Open for Business,Maxis,Electronic Arts,Life simulation,"Microsoft Windows, macOS","March 6, 2006"
The Sims 2: University,Maxis,Electronic Arts,Life simulation,"Microsoft Windows, macOS","March 11, 2005"
The Sims 3: Generations,Maxis,Electronic Arts,Life simulation,"Microsoft Windows, macOS","May 31, 2011"
The Sims 3: Island Paradise,Maxis,Electronic Arts,Life simulation,"Microsoft Windows, macOS","June 25, 2013"
The Sims 3: Seasons,Maxis,Electronic Arts,Life simulation,"Microsoft Windows, macOS","November 13, 2012"
The Sims 3: Supernatural,Maxis,Electronic Arts,Life simulation,"Microsoft Windows, macOS","September 4, 2012"
The Sims: Hot Date,Maxis,Electronic Arts,Life simulation,"Microsoft Windows, macOS","November 14, 2001"
The Sims: Livin' Large,Maxis,"Electronic Arts, Aspyr",Life simulation,"Microsoft Windows, macOS","August 27, 2000"
The Sims: Superstar,Maxis,Electronic Arts,Life simulation,"Microsoft Windows, macOS","May 13, 2003"
The Sims: Vacation,Maxis,Electronic Arts,Life simulation,"Microsoft Windows, macOS","March 28, 2002"
The Stanley Parable,Galactic Cafe,Galactic Cafe,Interactive fiction,"Microsoft Windows, Linux, macOS","October 17, 2013"
Thief,Eidos Montréal,Square Enix,Stealth,Microsoft Windows,"February 25, 2014"
Thief: The Dark Project,Looking Glass Studios,Eidos Interactive,Stealth,Microsoft Windows,"November 30, 1998"
Titan Quest,Iron Lore Entertainment,THQ,RPG,Microsoft Windows,"June 26, 2006"
Tom Clancy's Splinter Cell: Blacklist,"Ubisoft Toronto, Ubisoft Montreal, Ubisoft Shanghai",Ubisoft,"Action-adventure, stealth","Microsoft Windows, PlayStation 3, Wii U, Xbox 360","August 20, 2013"
Tom Clancy's Splinter Cell: Conviction,"Ubisoft Montreal, Gameloft","Ubisoft, Gameloft","Action-adventure, stealth","Microsoft Windows, macOS, Xbox 360, iOS, Cloud (OnLive), Android, Windows Phone, Bada","April 13, 2010"
Tom Clancy's Splinter Cell: Pandora Tomorrow,"Ubisoft Shanghai, Ubisoft Milan, Ubisoft Annecy, Gameloft",Ubisoft,Stealth,"Microsoft Windows, Xbox, Game Boy Advance, PlayStation 2, GameCube, PlayStation 3","March 23, 2004"
Tomb Raider: Anniversary,Crystal Dynamics,Eidos Interactive,Action-adventure,"Microsoft Windows, macOS, PlayStation 2, PlayStation 3, PlayStation Portable, Xbox 360, Wii, Mobile","June 1, 2007"
Torchlight,Runic Games,Runic Games,"Action RPG, hack and slash","Microsoft Windows, Linux, macOS","October 27, 2009"
Total Annihilation,Cavedog Entertainment,GT Interactive,RTS,"Microsoft Windows, macOS","September 30, 1997"
Total War: Shogun 2,The Creative Assembly,Sega,RTS,"Microsoft Windows, macOS","April 15, 2011"
TrackMania Forever,Nadeo,"Deep Silver, Enlight, Focus Home Interactive, Digital Jesters",Racing,Microsoft Windows,"April 15, 2008"
TrackMania Nations Forever,Nadeo,"Focus Home Interactive, Valve",Racing,Microsoft Windows,"April 16, 2008"
TrackMania United,Nadeo,"Deep Silver, Enlight, Buka, QV Software, Valve",Racing,Microsoft Windows,"November 17, 2006"
Transistor,Supergiant Games,Supergiant Games,Action RPG,"Microsoft Windows, Linux, macOS, PlayStation 4","May 20, 2014"
Tribes 2,Dynamix,Sierra,First-person shooter,"Microsoft Windows, Linux","March 30, 2001"
Tribes: Vengeance,Irrational Games,VU Games,First-person shooter,Microsoft Windows,"October 5, 2004"
Tropico 2: Pirate Cove,Frog City Software,"Gathering of Developers, Take-Two Interactive",Construction and management simulation,"Microsoft Windows, macOS","April 28, 2003"
Tropico 4,Haemimont Games,Kalypso Media,"Construction and management simulation, City-building game","Microsoft Windows, macOS","August 26, 2011"
Tropico 6,Limbic Entertainment,Kalypso Media,"Construction and management simulation, City-building game","Microsoft Windows, macOS","March 29, 2019"
Tzar,Haemimont Games,"Take-Two Interactive, FX Interactive",Real-time strategy,Microsoft Windows,"March 31, 2000"
Undertale,Toby Fox,Toby Fox,RPG,"Microsoft Windows, Linux, macOS","September 15, 2015"
Unreal,"Epic MegaGames, Digital Extremes",GT Interactive,First-person shooter,"Microsoft Windows, macOS","May 22, 1998"
Unreal Tournament 2003,"Epic Games, Digital Extremes","Atari, Inc.",First-person shooter,"Microsoft Windows, Linux, macOS","October 1, 2002"
Unreal Tournament 3,Epic Games,Midway Games,First-person shooter,"Microsoft Windows, PlayStation 3, Xbox 360","November 19, 2007"
Unturned,Nelson Sexton,Smartly Dressed Games,"Open-world, first-person shooter, RPG","Microsoft Windows, macOS","July 7, 2017"
Vampire: The Masquerade – Bloodlines,Troika Games,Activision,Action role-playing,Microsoft Windows,"November 16, 2004"
Victoria: An Empire Under The Sun,Paradox Development Studios,Paradox Development Studios,Grand strategy,"Microsoft Windows, macOS",2003
Vivisector: Beast Within,Action Forms,"1C, Brigades","First-person shooter, survival horror",Microsoft Windows,"January 5, 2006"
War of the Lance,"Strategic Simulations, Inc.","Strategic Simulations, Inc.",Strategy,"MS-DOS, Apple II, Commodore 64","May 1, 1988"
Warcraft: Orcs & Humans,Blizzard Entertainment,Blizzard Entertainment,RTS,"MS-DOS, macOS","November 23, 1994"
Wargame: AirLand Battle,Eugen Systems,Focus Home Interactive,Real-time tactics,"Microsoft Windows, Linux, macOS","May 29, 2013"
Wargame: Red Dragon,Eugen Systems,Focus Home Interactive,Real-time tactics,"Microsoft Windows, Linux, macOS","April 17, 2014"
Wasteland,Interplay Productions,Electronic Arts,RPG,"Commodore 64, Apple II, DOS, Microsoft Windows, Linux, macOS",1988
Wheels of Aurelia,Santa Ragione S.r.l.,Santa Ragione S.r.l.,Visual Novel,"Linux, Macintosh, PlayStation 4, Xbox One, iOS, Nintendo Switch","September 20, 2016"
Widelands,Widelands Development Team,Widelands Development Team,Widelands,"Linux, Macintosh, Windows","May 2, 2019"
The Witcher,CD Projekt Red,"Atari, Inc",Action role-playing,"Microsoft Windows, macOS","October 26, 2007"
Wizards & Warriors,Heuristic Park,Activision,RPG,Microsoft Windows,"September 27, 2000"
World in Conflict: Soviet Assault,Massive Entertainment,"Sierra Entertainment (former), Ubisoft",Real-time tactics,Microsoft Windows,"March 10, 2009"
World of Tanks,Wargaming,Wargaming,"Action, MMO",Microsoft Windows,"April 12, 2011"
World of Warcraft,Blizzard Entertainment,Blizzard Entertainment,Online role-playing game,"Microsoft Windows, macOS","November 23, 2004"
World of Warcraft: The Burning Crusade,Blizzard Entertainment,Blizzard Entertainment,Online role-playing game,"Microsoft Windows, macOS","January 15, 2007"
World of Warcraft: Legion,Blizzard Entertainment,Blizzard Entertainment,Online role-playing game,"Microsoft Windows, macOS","August 30, 2016"
World of Warcraft: Warlords of Draenor,Blizzard Entertainment,Blizzard Entertainment,Online role-playing game,"Microsoft Windows, macOS","November 13, 2014"
Xargon,Epic MegaGames,Epic MegaGames,Platform,DOS,"January 15, 1994"
X-Plane 10,Laminar Research,Laminar Research,Flight simulator,"Microsoft Windows, Linux, macOS",
XCOM: Enemy Unknown,"Firaxis Games, Feral Interactive","2K Games, Feral Interactive","Turn-based tactics, tactical role-playing","Microsoft Windows, Linux, macOS, Xbox 360, PlayStation 3, iOS","October 9, 2012"
Xenonauts,Goldhawk Interactive,Goldhawk Interactive,Turn-based tactics,"Microsoft Windows, Linux, macOS","June 17, 2014"
Yakuza Kiwami,SEGA,SEGA,"Action Adventure, Beat 'Em Up",Microsoft Windows,"Feb 19, 2019[2]"
Yakuza: Like a Dragon,Ryu ga Gotoku Studio,SEGA,"Role-Playing Game, Beat 'Em Up",Microsoft Windows,"Nov 10, 2020[4]"
Yury,Cubic Pie,Cubic Pie,Action,Microsoft Windows,"December 9, 2014"
Z: Steel Soldiers,The Bitmap Brothers,EON Digital Entertainment,Real-time strategy,"Microsoft Windows, Android, iOS","June 14, 2001"
ZoMGman! Battle Arena,Tristan Nishimoto,Tristan Nishimoto,Co-op Battle Arena,Microsoft Windows,"June 26, 2007"
Zoo Tycoon,Blue Fang Games,Microsoft Game Studios,Business simulation,"Microsoft Windows, macOS","October 17, 2001"
Zoo Tycoon 2: African Adventure,Blue Fang Games,Microsoft Game Studios,Business simulation,"Microsoft Windows, macOS",May 2006
Zoo Tycoon 2: Endangered Species,Blue Fang Games,Microsoft Game Studios,Business simulation,"Microsoft Windows, macOS",October 2005
Zoo Tycoon 2: Marine Mania,Blue Fang Games,Microsoft Game Studios,Business simulation,"Microsoft Windows, macOS","October 17, 2006"
Zork: Grand Inquisitor,Activision,Activision,Adventure,"Microsoft Windows, macOS","October 31, 1997"
Zuma's Revenge!,PopCap Games,PopCap Games,Puzzle,"Microsoft Windows, macOS, Xbox Live Arcade, PlayStation Network","September 15, 2009"
Zup! 2,Quiet River,Quiet River,Puzzle,Microsoft Windows,"December 5, 2016"
Zup! 4,Quiet River,Quiet River,Puzzle,Microsoft Windows,"February 20, 2017"
Zup! 6,Quiet River,Quiet River,Puzzle,Microsoft Windows,"September 19, 2017"
Zup! 8,Quiet River,Quiet River,Puzzle,Microsoft Windows,"February 22, 2018"
Zup! X,Quiet River,Quiet River,Puzzle,Microsoft Windows,"May 17, 2018"
Zup! Zero 2,Quiet River,Quiet River,Puzzle,Microsoft Windows,"September 11, 2018"
_summer,Hooksoft,Hook,Visual novel,Microsoft Windows,"July 15, 2005"
007 Legends,Eurocom,Activision,First-person shooter,Microsoft Windows,"November 2, 2012"
007: Quantum of Solace,"Treyarch, Beenox","Activision, Square Enix",First-person shooter,Microsoft Windows,"October 31, 2008"
101 Dalmatians: Escape from DeVil Manor,DreamForge Intertainment,Disney Interactive,"Action, adventure, strategy",Microsoft Windows,1997
10th Frame,Access Software,US Gold,Sports,MS-DOS,1986
18 Wheels of Steel: Haulin',SCS Software,ValuSoft,Vehicle simulation,Microsoft Windows,"December 8, 2006"
1830: Railroads & Robber Barons,Simtex,Avalon Hill,RTS,MS-DOS,1995
1914 Shells of Fury,Randomeida,Strategy First,Simulation,Microsoft Windows,"August 14, 2007"
221B Baker Street,Datasoft,Datasoft,Puzzle,MS-DOS,1987
3-D Bomberman,Hudson Soft,Hudson Soft,"Arcade, maze, strategy",,1984
3D Construction Kit,Incentive Software,Domark,Simulation,MS-DOS,"July 1, 1991"
3D Maze Man: Amazing Adventures,Webfoot Technologies,eGames Inc,Arcade,MS-DOS,1998
3Kingdoms,Project Community,,MUD,,1992
4D Sports Tennis,Distinctive Software,Mindscape,Sports,DOS,1990
4Story,Zemi Interactive,Gameforge,MMORPG,Microsoft Windows,2008
4x4 Hummer,Avalon Entertainment,"505 Games, 1C Company",Racing,Microsoft Windows,"June 15, 2009"
5,Ram,Visual Art's,"Eroge, visual novel",Microsoft Windows,"July 25, 2008"
50 Mission Crush,John Gray,"Strategic Simulations, Inc",RPG,"Apple II, Atari 8-bit family, Commodore 64, DOS",1984
688(I) Hunter/Killer,Sonalysts Inc.,Electronic Arts,Submarine simulator,Microsoft Windows,"July 4, 1997"
7554,Emobi Games,Emobi Games,First-person shooter,Microsoft Windows,"December 16, 2011"
80 Days,Frogwares,,Adventure,Microsoft Windows,2005
9: The Last Resort,Tribeca Interactive,GT Interactive,Adventure game,"Microsoft Windows, macOS","September 30, 1996"
