1,Strawberry,"331,922","11,064",B,High
2,Charles Darwin,"153,553","5,118",FA,Top
3,Ayahuasca,"142,152","4,738",B,High
6,Pitaya,"115,158","3,838",C,High
7,Potato,"107,993","3,599",B,High
9,Turmeric,"105,934","3,531",C,High
10,Apple,"104,571","3,485",GA,High
11,Banana,"99,555","3,318",C,High
14,Liquorice,"96,550","3,218",B,High
15,Maize,"95,480","3,182",B,High
16,Jackfruit,"92,935","3,097",C,High
18,Avocado,"90,086","3,002",B,High
20,Coriander,"86,271","2,875",B,High
22,Tomato,"84,639","2,821",C,High
23,Hibiscus,"84,550","2,818",C,Top
25,Cannabis,"83,503","2,783",C,High
26,Chrysanthemum,"82,654","2,755",C,Top
28,Pomegranate,"81,314","2,710",C,Top
29,Cashew,"80,940","2,698",C,High
30,Ricinus,"79,878","2,662",C,High
31,Saffron,"79,869","2,662",B,High
32,Legume,"79,449","2,648",C,High
33,Quinoa,"75,791","2,526",C,High
35,Cassava,"74,674","2,489",C,High
36,Eggplant,"74,581","2,486",B,High
39,Okra,"71,891","2,396",B,High
44,Ginkgo biloba,"68,870","2,295",B,High
45,Durian,"68,353","2,278",FA,High
48,Pineapple,"66,754","2,225",C,High
49,Coconut,"66,294","2,209",B,High
51,Rose,"65,492","2,183",C,High
54,Chickpea,"63,851","2,128",C,Top
55,Wheat,"63,768","2,125",B,High
57,Peanut,"63,009","2,100",C,High
59,Aloe vera,"62,604","2,086",GA,High
60,Black pepper,"62,314","2,077",B,High
63,Chili pepper,"61,998","2,066",Start,High
65,Sambucus,"60,976","2,032",Start,High
68,Almond,"59,934","1,997",C,High
69,Soybean,"59,751","1,991",B,High
70,Orange (fruit),"59,386","1,979",B,High
71,Guava,"59,336","1,977",C,High
72,Date palm,"59,055","1,968",Start,High
75,Common fig,"58,476","1,949",C,High
77,Datura stramonium,"57,629","1,920",B,High
78,Atropa belladonna,"57,557","1,918",B,High
80,Hydrangea,"57,141","1,904",Start,High
90,Kiwifruit,"55,874","1,862",B,High
93,Fenugreek,"55,737","1,857",C,High
94,Oat,"55,582","1,852",C,High
101,Fennel,"53,122","1,770",B,High
103,Onion,"52,830","1,761",GA,High
106,Barley,"51,958","1,731",B,High
110,Flax,"51,099","1,703",C,High
112,Ginger,"50,617","1,687",C,High
114,Oak,"50,116","1,670",B,High
115,Sorghum,"49,866","1,662",Start,High
116,Taro,"49,663","1,655",Start,High
117,Cactus,"49,646","1,654",GA,High
118,Soursop,"49,254","1,641",C,High
121,Passiflora edulis,"48,654","1,621",C,High
123,Chayote,"48,428","1,614",C,High
124,Quince,"47,958","1,598",C,High
126,Amaranth,"47,790","1,593",C,High
128,Pistachio,"47,677","1,589",Start,High
129,Lentil,"47,571","1,585",C,High
130,Opuntia,"47,340","1,578",C,High
132,Rapeseed,"47,201","1,573",Start,High
134,Buckwheat,"46,706","1,556",B,High
135,Rhubarb,"46,638","1,554",C,High
138,Watermelon,"46,197","1,539",C,High
139,Bamboo,"46,035","1,534",C,High
143,Nelumbo nucifera,"45,676","1,522",Start,High
145,Tamarind,"45,549","1,518",B,High
159,Olive,"43,802","1,460",B,High
164,Salvia divinorum,"42,902","1,430",C,High
169,Cannabis sativa,"41,919","1,397",B,High
177,Urtica dioica,"41,130","1,371",C,High
184,Konjac,"40,101","1,336",C,High
188,Kumquat,"39,586","1,319",C,High
191,Pine,"39,221","1,307",B,High
193,Asparagus,"39,193","1,306",C,High
194,Peony,"39,127","1,304",C,High
196,Chicory,"38,662","1,288",C,High
197,Blueberry,"38,526","1,284",C,High
199,Orchidaceae,"38,506","1,283",C,High
207,Ocimum tenuiflorum,"37,820","1,260",Start,High
208,Taraxacum,"37,757","1,258",C,High
209,Peach,"37,725","1,257",B,High
235,Nigella sativa,"36,116","1,203",Start,High
248,Chestnut,"34,414","1,147",C,High
254,Papaver somniferum,"33,951","1,131",Start,High
279,Jerusalem artichoke,"32,298","1,076",Start,High
281,Brazil nut,"32,136","1,071",C,High
283,Lilium,"31,969","1,065",C,High
296,Aconitum,"31,183","1,039",C,High
315,Sequoiadendron giganteum,"30,277","1,009",B,High
318,Valerian (herb),"30,231","1,007",C,High
350,Pear,"28,408",946,C,High
355,Teak,"28,160",938,C,High
359,Vicia faba,"27,946",931,B,High
365,Camellia sinensis,"27,633",921,C,High
379,Cannabis indica,"27,179",905,Start,High
389,Cucurbita,"26,379",879,FA,High
396,Salvia officinalis,"25,935",864,C,High
402,Ficus benjamina,"25,787",859,Start,High
409,Drupe,"25,430",847,C,High
423,Ficus,"24,942",831,C,High
429,Mentha,"24,800",826,Start,High
439,Brassica oleracea,"24,405",813,C,High
453,Dill,"23,597",786,C,High
455,Phyllanthus emblica,"23,477",782,C,High
480,Tagetes,"22,550",751,C,High
552,Iris (plant),"19,938",664,B,High
565,Daucus carota,"19,429",647,Start,High
588,Shrub,"18,647",621,Start,High
613,Delonix regia,"17,755",591,C,High
617,Trinidad Scorpion Butch T pepper,"17,676",589,Start,Low
623,Kabocha,"17,501",583,Start,Low
626,Moringa,"17,469",582,Start,Low
627,Ficus lyrata,"17,460",582,Start,High
665,Coffea,"16,571",552,B,High
698,Ruta graveolens,"15,979",532,C,High
735,Oryza sativa,"14,694",489,C,High
766,Adzuki bean,"14,024",467,C,High
812,Cassia fistula,"13,362",445,C,High
855,Salvia hispanica,"12,687",422,C,High
867,Opuntia ficus-indica,"12,491",416,Start,High
890,Vitis vinifera,"12,152",405,C,High
901,Aegle marmelos,"12,017",400,C,High
913,Prunus mume,"11,876",395,B,High
922,Callicarpa,"11,661",388,Start,Low
935,Cinnamomum cassia,"11,363",378,C,High
970,Aloe,"10,960",365,C,High
974,Tradescantia,"10,947",364,C,Low
995,Oxalis triangularis,"10,775",359,C,High
58,Withania somnifera,"62,792","2,093",Start,Mid
83,Ghost pepper,"56,814","1,893",C,Mid
88,Ragweed,"55,980","1,866",B,Mid
91,Asimina triloba,"55,868","1,862",C,Mid
95,Phytolacca americana,"55,580","1,852",C,Mid
97,Helianthus,"54,077","1,802",C,Mid
99,Dendrocnide moroides,"53,326","1,777",C,Mid
107,Rambutan,"51,945","1,731",Start,Mid
119,Epipremnum aureum,"48,987","1,632",C,Mid
131,Datura,"47,202","1,573",C,Mid
141,Dracaena trifasciata,"45,815","1,527",Start,Mid
149,Calluna,"45,136","1,504",Start,Mid
157,Monstera deliciosa,"44,275","1,475",C,Mid
163,Maclura pomifera,"42,927","1,430",B,Mid
165,Rose hip,"42,618","1,420",Start,Mid
175,Plumeria,"41,339","1,377",Start,Mid
179,Dahlia,"40,948","1,364",B,Mid
201,Scotch bonnet,"38,295","1,276",Start,Mid
203,Tomatillo,"38,014","1,267",Start,Mid
210,Frankincense,"37,695","1,256",C,Mid
227,Adansonia,"36,560","1,218",C,Mid
230,Mangosteen,"36,367","1,212",C,Mid
231,Popcorn,"36,301","1,210",Start,Mid
234,Shallot,"36,131","1,204",Start,Mid
243,Zamioculcas,"34,956","1,165",C,Mid
244,Spathiphyllum,"34,905","1,163",Start,Mid
246,Chlorophytum comosum,"34,632","1,154",Start,Mid
257,Philodendron,"33,835","1,127",B,Mid
261,Clitoria ternatea,"33,666","1,122",Start,Mid
264,Rowan,"33,461","1,115",Start,Mid
276,Momordica charantia,"32,587","1,086",C,Mid
284,Galangal,"31,947","1,064",Start,Mid
289,Tinospora cordifolia,"31,617","1,053",Start,Mid
291,Yucca,"31,442","1,048",C,Mid
294,Pine nut,"31,242","1,041",Start,Mid
240,Cotton Candy grapes,"35,491","1,183",Start,Low
323,Dal,"29,931",997,Start,Low
372,Delicata squash,"27,367",912,Start,Low
616,Chardonnay,"17,697",589,B,Low
623,Kabocha,"17,501",583,Start,Low
626,Moringa,"17,469",582,Start,Low
732,Cannabis strain,"14,811",493,C,Low
753,Mandevilla,"14,335",477,Stub,Low
788,San Marzano tomato,"13,814",460,Start,Low
