Rank,Page title,Views,Daily average,Assessment,Importance
1,Strawberry,"331,922","11,064",B,High
2,Charles Darwin,"153,553","5,118",FA,Top
3,Ayahuasca,"142,152","4,738",B,High
4,XY sex-determination system,"130,752","4,358",C,Low
5,Photosynthesis,"120,404","4,013",C,Top
6,Pitaya,"115,158","3,838",C,High
7,Potato,"107,993","3,599",B,High
8,Scoville scale,"106,984","3,566",B,High
9,Turmeric,"105,934","3,531",C,High
10,Apple,"104,571","3,485",GA,High
11,Banana,"99,555","3,318",C,High
12,Eukaryote,"97,250","3,241",B,Mid
13,Coffee,"96,941","3,231",B,High
14,Liquorice,"96,550","3,218",B,High
15,Maize,"95,480","3,182",B,High
16,Jackfruit,"92,935","3,097",C,High
17,Carolina Reaper,"91,072","3,035",Start,High
18,Avocado,"90,086","3,002",B,High
19,Organ (anatomy),"89,424","2,980",C,High
20,Coriander,"86,271","2,875",B,High
21,Mitragyna speciosa,"85,844","2,861",B,High
22,Tomato,"84,639","2,821",C,High
23,Hibiscus,"84,550","2,818",C,Top
24,Bonsai,"84,291","2,809",C,Mid
25,Cannabis,"83,503","2,783",C,High
26,Chrysanthemum,"82,654","2,755",C,Top
27,Plant,"81,437","2,714",C,Top
28,Pomegranate,"81,314","2,710",C,Top
29,Cashew,"80,940","2,698",C,High
30,Ricinus,"79,878","2,662",C,High
31,Saffron,"79,869","2,662",B,High
32,Legume,"79,449","2,648",C,High
33,Quinoa,"75,791","2,526",C,High
34,Vascular plant,"75,275","2,509",C,Top
35,Cassava,"74,674","2,489",C,High
36,Eggplant,"74,581","2,486",B,High
37,Flower,"74,174","2,472",C,Top
38,Eucalyptus,"72,360","2,412",B,High
39,Okra,"71,891","2,396",B,High
40,Hemp,"70,734","2,357",B,High
41,Rice,"70,428","2,347",B,High
42,Catnip,"69,879","2,329",Start,High
43,Chia seed,"69,106","2,303",Start,Mid
44,Ginkgo biloba,"68,870","2,295",B,High
45,Durian,"68,353","2,278",FA,High
46,Cereal,"68,223","2,274",C,High
47,Cardamom,"66,948","2,231",Start,High
48,Pineapple,"66,754","2,225",C,High
49,Coconut,"66,294","2,209",B,High
50,Persimmon,"65,787","2,192",C,High
51,Rose,"65,492","2,183",C,High
52,Carl Linnaeus,"64,717","2,157",GA,Top
53,Life,"64,551","2,151",B,High
54,Chickpea,"63,851","2,128",C,Top
55,Wheat,"63,768","2,125",B,High
56,Cinnamon,"63,058","2,101",C,High
57,Peanut,"63,009","2,100",C,High
58,Withania somnifera,"62,792","2,093",Start,Mid
59,Aloe vera,"62,604","2,086",GA,High
60,Black pepper,"62,314","2,077",B,High
61,Birth flower,"62,217","2,073",List,Mid
62,Zucchini,"62,041","2,068",B,High
63,Chili pepper,"61,998","2,066",Start,High
64,Flowering plant,"61,526","2,050",B,Top
65,Sambucus,"60,976","2,032",Start,High
66,Tea,"60,515","2,017",B,Mid
67,Nutmeg,"60,065","2,002",C,High
68,Almond,"59,934","1,997",C,High
69,Soybean,"59,751","1,991",B,High
70,Orange (fruit),"59,386","1,979",B,High
71,Guava,"59,336","1,977",C,High
72,Date palm,"59,055","1,968",Start,High
73,Pumpkin,"58,852","1,961",B,High
74,Solanaceae,"58,697","1,956",C,High
75,Common fig,"58,476","1,949",C,High
76,Asafoetida,"57,786","1,926",C,High
77,Datura stramonium,"57,629","1,920",B,High
78,Atropa belladonna,"57,557","1,918",B,High
79,Millet,"57,259","1,908",Start,High
80,Hydrangea,"57,141","1,904",Start,High
81,List of culinary herbs and spices,"57,139","1,904",List,High
82,Death by coconut,"57,112","1,903",B,High
83,Ghost pepper,"56,814","1,893",C,Mid
84,Basil,"56,456","1,881",B,High
85,George Washington Carver,"56,322","1,877",B,High
86,Cotton,"56,261","1,875",B,High
87,Mango,"56,077","1,869",C,High
88,Ragweed,"55,980","1,866",B,Mid
89,Moringa oleifera,"55,925","1,864",B,High
90,Kiwifruit,"55,874","1,862",B,High
91,Asimina triloba,"55,868","1,862",C,Mid
92,Binomial nomenclature,"55,867","1,862",C,High
93,Fenugreek,"55,737","1,857",C,High
94,Oat,"55,582","1,852",C,High
95,Phytolacca americana,"55,580","1,852",C,Mid
96,Fruit,"54,626","1,820",B,Top
97,Helianthus,"54,077","1,802",C,Mid
98,Succulent plant,"53,906","1,796",Start,High
99,Dendrocnide moroides,"53,326","1,777",C,Mid
100,Broccoli,"53,298","1,776",B,High
101,Fennel,"53,122","1,770",B,High
102,Plant symbolism,"53,108","1,770",Start,High
103,Onion,"52,830","1,761",GA,High
104,Perennial plant,"52,385","1,746",Start,High
105,Sweet potato,"52,231","1,741",B,High
106,Barley,"51,958","1,731",B,High
107,Rambutan,"51,945","1,731",Start,Mid
108,Bell pepper,"51,847","1,728",Start,High
109,Gregor Mendel,"51,537","1,717",B,Low
110,Flax,"51,099","1,703",C,High
111,Scallion,"50,725","1,690",Start,High
112,Ginger,"50,617","1,687",C,High
113,Canola oil,"50,254","1,675",Start,Mid
114,Oak,"50,116","1,670",B,High
115,Sorghum,"49,866","1,662",Start,High
116,Taro,"49,663","1,655",Start,High
117,Cactus,"49,646","1,654",GA,High
118,Soursop,"49,254","1,641",C,High
119,Epipremnum aureum,"48,987","1,632",C,Mid
120,Cell wall,"48,720","1,624",B,Top
121,Passiflora edulis,"48,654","1,621",C,High
122,Chard,"48,451","1,615",Start,High
123,Chayote,"48,428","1,614",C,High
124,Quince,"47,958","1,598",C,High
125,Algae,"47,898","1,596",C,Top
126,Amaranth,"47,790","1,593",C,High
127,Paprika,"47,736","1,591",C,High
128,Pistachio,"47,677","1,589",Start,High
129,Lentil,"47,571","1,585",C,High
130,Opuntia,"47,340","1,578",C,High
131,Datura,"47,202","1,573",C,Mid
132,Rapeseed,"47,201","1,573",Start,High
133,Vegetable,"46,908","1,563",GA,High
134,Buckwheat,"46,706","1,556",B,High
135,Rhubarb,"46,638","1,554",C,High
136,Robert Hooke,"46,449","1,548",B,Mid
137,Lavandula,"46,304","1,543",C,High
138,Watermelon,"46,197","1,539",C,High
139,Bamboo,"46,035","1,534",C,High
140,Rutabaga,"46,027","1,534",C,High
141,Dracaena trifasciata,"45,815","1,527",Start,Mid
142,Mangrove,"45,803","1,526",C,High
143,Nelumbo nucifera,"45,676","1,522",Start,High
144,Sugarcane,"45,554","1,518",B,High
145,Tamarind,"45,549","1,518",B,High
146,Chamomile,"45,538","1,517",Start,High
147,Garlic,"45,299","1,509",B,High
148,Sumac,"45,213","1,507",C,High
149,Calluna,"45,136","1,504",Start,Mid
150,Habanero,"44,829","1,494",C,Mid
151,Khat,"44,827","1,494",C,High
152,Lemon,"44,798","1,493",C,High
153,Morning glory,"44,723","1,490",Start,Mid
154,Tobacco,"44,534","1,484",B,High
155,Coca,"44,491","1,483",B,Mid
156,Grape,"44,333","1,477",B,High
157,Monstera deliciosa,"44,275","1,475",C,Mid
158,Lichen,"43,976","1,465",B,High
159,Olive,"43,802","1,460",B,High
160,Lychee,"43,324","1,444",C,High
161,Cucumber,"43,302","1,443",C,High
162,Cherry blossom,"43,249","1,441",C,High
163,Maclura pomifera,"42,927","1,430",B,Mid
164,Salvia divinorum,"42,902","1,430",C,High
165,Rose hip,"42,618","1,420",Start,Mid
166,Cumin,"42,274","1,409",B,High
167,Pomelo,"42,262","1,408",C,High
168,Jalapeño,"42,188","1,406",C,High
169,Cannabis sativa,"41,919","1,397",B,High
170,Yam (vegetable),"41,849","1,394",C,High
171,Clove,"41,753","1,391",Start,High
172,Flora of Madagascar,"41,752","1,391",FA,Mid
173,Deforestation,"41,570","1,385",B,Top
174,Caper,"41,411","1,380",C,High
175,Plumeria,"41,339","1,377",Start,Mid
176,Carrot,"41,216","1,373",GA,High
177,Urtica dioica,"41,130","1,371",C,High
178,Anise,"40,949","1,364",C,High
179,Dahlia,"40,948","1,364",B,Mid
180,Kohlrabi,"40,692","1,356",Start,Mid
181,Mung bean,"40,614","1,353",C,High
182,Papaya,"40,106","1,336",C,High
183,Psyllium,"40,104","1,336",Start,Mid
184,Konjac,"40,101","1,336",C,High
185,Breadfruit,"39,938","1,331",Start,High
186,Bougainvillea,"39,924","1,330",C,High
187,Yerba mate,"39,618","1,320",Start,High
188,Kumquat,"39,586","1,319",C,High
189,Toxicodendron radicans,"39,454","1,315",C,High
190,Natural rubber,"39,318","1,310",B,Mid
191,Pine,"39,221","1,307",B,High
192,Stevia,"39,204","1,306",C,Mid
193,Asparagus,"39,193","1,306",C,High
194,Peony,"39,127","1,304",C,High
195,Chlorophyll,"38,766","1,292",C,Top
196,Chicory,"38,662","1,288",C,High
197,Blueberry,"38,526","1,284",C,High
198,Bay leaf,"38,508","1,283",Start,High
199,Orchidaceae,"38,506","1,283",C,High
200,Acorn,"38,327","1,277",C,Mid
201,Scotch bonnet,"38,295","1,276",Start,Mid
202,Beetroot,"38,237","1,274",B,High
203,Tomatillo,"38,014","1,267",Start,Mid
204,Cayenne pepper,"37,970","1,265",C,Mid
205,Walnut,"37,921","1,264",B,High
206,Rosemary,"37,917","1,263",C,High
207,Ocimum tenuiflorum,"37,820","1,260",Start,High
208,Taraxacum,"37,757","1,258",C,High
209,Peach,"37,725","1,257",B,High
210,Frankincense,"37,695","1,256",C,Mid
211,List of root vegetables,"37,580","1,252",List,High
212,Palm oil,"37,458","1,248",C,Mid
213,Ginseng,"37,281","1,242",Start,High
214,Jujube,"37,277","1,242",Start,High
215,Resin,"37,266","1,242",C,Mid
216,Allspice,"37,177","1,239",C,High
217,Horticulture,"37,096","1,236",Start,High
218,Vacuole,"37,083","1,236",Start,Top
219,List of oldest trees,"37,050","1,235",List,Mid
220,Lily of the valley,"37,033","1,234",C,High
221,Myrrh,"36,993","1,233",Start,High
222,Vanilla,"36,847","1,228",B,High
223,Deciduous,"36,732","1,224",Start,High
224,Kale,"36,714","1,223",C,High
225,Capsicum,"36,692","1,223",B,High
226,Sesame,"36,653","1,221",B,High
227,Adansonia,"36,560","1,218",C,Mid
228,Pliny the Elder,"36,474","1,215",C,Mid
229,Acacia,"36,433","1,214",Start,High
230,Mangosteen,"36,367","1,212",C,Mid
231,Popcorn,"36,301","1,210",Start,Mid
232,Parsley,"36,276","1,209",B,High
233,Kava,"36,214","1,207",B,High
234,Shallot,"36,131","1,204",Start,Mid
235,Nigella sativa,"36,116","1,203",Start,High
236,Pepper X,"36,032","1,201",Start,Low
237,Poppy,"35,867","1,195",C,High
238,Wasabi,"35,833","1,194",C,High
239,Hops,"35,813","1,193",C,High
240,Cotton Candy grapes,"35,491","1,183",Start,Low
241,Fern,"35,291","1,176",C,Top
242,Pea,"34,978","1,165",C,High
243,Zamioculcas,"34,956","1,165",C,Mid
244,Spathiphyllum,"34,905","1,163",Start,Mid
245,Hazelnut,"34,858","1,161",C,High
246,Chlorophytum comosum,"34,632","1,154",Start,Mid
247,Artichoke,"34,439","1,147",C,High
248,Chestnut,"34,414","1,147",C,High
249,Plant cell,"34,329","1,144",C,Top
250,Areca nut,"34,148","1,138",C,High
251,Thyme,"34,092","1,136",C,High
252,Digitalis,"33,993","1,133",Start,High
253,Chloroplast,"33,974","1,132",B,Top
254,Papaver somniferum,"33,951","1,131",Start,High
255,Turnip,"33,934","1,131",C,High
256,Beatrix Potter,"33,878","1,129",B,Low
257,Philodendron,"33,835","1,127",B,Mid
258,Azadirachta indica,"33,822","1,127",C,High
259,Exploding tree,"33,745","1,124",Stub,Low
260,Cabbage,"33,698","1,123",FA,High
261,Clitoria ternatea,"33,666","1,122",Start,Mid
262,Cooking banana,"33,551","1,118",Start,High
263,Turpentine,"33,513","1,117",Start,Mid
264,Rowan,"33,461","1,115",Start,Mid
265,Nerium,"33,377","1,112",C,High
266,Agave,"33,242","1,108",C,High
267,Nitrogen fixation,"33,219","1,107",C,High
268,Norman Borlaug,"33,163","1,105",B,Mid
269,Forest,"33,115","1,103",B,Top
270,Seed dispersal,"33,108","1,103",C,High
271,International Union for Conservation of Nature,"33,018","1,100",C,Mid
272,Bean,"32,947","1,098",C,High
273,Wood,"32,919","1,097",B,Top
274,General Sherman (tree),"32,793","1,093",Start,Mid
275,Oregano,"32,786","1,092",Start,High
276,Momordica charantia,"32,587","1,086",C,Mid
277,Medicinal plants,"32,531","1,084",GA,High
278,Plum,"32,399","1,079",C,High
279,Jerusalem artichoke,"32,298","1,076",Start,High
280,Weed,"32,275","1,075",B,High
281,Brazil nut,"32,136","1,071",C,High
282,Poaceae,"32,091","1,069",B,High
283,Lilium,"31,969","1,065",C,High
284,Galangal,"31,947","1,064",Start,Mid
285,Arecaceae,"31,872","1,062",B,High
286,Juniper,"31,844","1,061",C,High
287,Cauliflower,"31,805","1,060",Start,High
288,Cruciferous vegetables,"31,735","1,057",C,Mid
289,Tinospora cordifolia,"31,617","1,053",Start,Mid
290,Jute,"31,589","1,052",C,High
291,Yucca,"31,442","1,048",C,Mid
292,Rhododendron,"31,327","1,044",C,High
293,Sassafras,"31,260","1,042",C,High
294,Pine nut,"31,242","1,041",Start,Mid
295,Carambola,"31,192","1,039",C,Mid
296,Aconitum,"31,183","1,039",C,High
297,Passiflora,"31,047","1,034",Start,Mid
298,Capsicum annuum,"31,042","1,034",Start,Mid
299,Cymbopogon,"30,944","1,031",C,Mid
300,Germination,"30,799","1,026",B,Top
301,Goji,"30,695","1,023",Start,Mid
302,Butterfly pea flower tea,"30,601","1,020",C,Low
303,Crassula ovata,"30,565","1,018",Start,Mid
304,Horseradish,"30,504","1,016",B,High
305,Apricot,"30,484","1,016",C,High
306,Prunus spinosa,"30,477","1,015",Start,Mid
307,Illicium verum,"30,464","1,015",C,Mid
308,Seed,"30,415","1,013",B,Top
309,Savanna,"30,385","1,012",B,Mid
310,Botany,"30,382","1,012",GA,Top
311,Xylem,"30,354","1,011",C,Top
312,Coffee bean,"30,333","1,011",B,Mid
313,Calabash,"30,327","1,010",Start,Mid
314,Amorphophallus titanum,"30,326","1,010",C,High
315,Sequoiadendron giganteum,"30,277","1,009",B,High
316,Maple,"30,269","1,008",C,High
317,Mugwort,"30,232","1,007",Start,Mid
318,Valerian (herb),"30,231","1,007",C,High
319,Radish,"30,187","1,006",GA,High
320,Willow,"30,119","1,003",C,High
321,Citrus,"29,960",998,B,High
322,Leek,"29,957",998,Start,High
323,Dal,"29,931",997,Start,Low
324,Eruca vesicaria,"29,926",997,Start,High
325,Cocoa bean,"29,892",996,C,Mid
326,Rooibos,"29,882",996,Start,High
327,Blackcurrant,"29,869",995,GA,High
328,Jasmine,"29,858",995,Start,High
329,Lettuce,"29,820",994,FA,High
330,Berry,"29,690",989,B,High
331,Juniper berry,"29,629",987,GA,Mid
332,Essential oil,"29,566",985,C,High
333,Butternut squash,"29,553",985,Start,Mid
334,Chipotle,"29,529",984,Start,Mid
335,Conium maculatum,"29,465",982,Start,High
336,Cranberry,"29,439",981,C,High
337,Tulip mania,"29,262",975,FA,Mid
338,Multicellular organism,"28,938",964,C,Low
339,Spinach,"28,935",964,B,High
340,Cherry,"28,905",963,B,High
341,Blackberry,"28,873",962,C,High
342,Asteraceae,"28,868",962,C,High
343,Yuzu,"28,851",961,C,Mid
344,Alfalfa,"28,840",961,B,High
345,Loquat,"28,827",960,Start,High
346,Portulaca oleracea,"28,702",956,C,High
347,Carbon cycle,"28,595",953,B,Top
348,Sugar-apple,"28,575",952,C,Mid
349,Sandalwood,"28,550",951,C,High
350,Pear,"28,408",946,C,High
351,List of citrus fruits,"28,336",944,List,Low
352,Jagadish Chandra Bose,"28,327",944,B,Low
353,Rose of Sharon,"28,244",941,C,Mid
354,Pimiento,"28,220",940,Start,Mid
355,Teak,"28,160",938,C,High
356,Celosia,"28,092",936,Start,Mid
357,Huckleberry,"28,091",936,Start,Mid
358,Physalis peruviana,"27,958",931,C,Mid
359,Vicia faba,"27,946",931,B,High
360,Transpiration,"27,889",929,Start,Top
361,Vegetable oil,"27,879",929,C,Mid
362,Taxus baccata,"27,761",925,C,Mid
363,Banyan,"27,746",924,Start,Mid
364,Mimosa pudica,"27,737",924,C,Mid
365,Camellia sinensis,"27,633",921,C,High
366,Sago,"27,596",919,Start,Mid
367,Cantaloupe,"27,586",919,Start,High
368,Aster (genus),"27,557",918,Start,Mid
369,Moss,"27,506",916,C,Top
370,Raspberry,"27,459",915,C,High
371,Ajwain,"27,456",915,C,Mid
372,Delicata squash,"27,367",912,Start,Low
373,Sequoia sempervirens,"27,360",912,B,Mid
374,Pinophyta,"27,350",911,B,High
375,Henna,"27,283",909,C,Mid
376,Bok choy,"27,281",909,Start,Mid
377,Narcissus (plant),"27,213",907,GA,High
378,Laurus nobilis,"27,206",906,Start,Mid
379,Cannabis indica,"27,179",905,Start,High
380,Mahogany,"27,079",902,C,Mid
381,Rye,"27,053",901,Start,High
382,Romanesco broccoli,"26,945",898,Start,Mid
383,Salvia,"26,660",888,Start,Mid
384,Crataegus,"26,622",887,C,Mid
385,Tilia,"26,522",884,C,Mid
386,NASA Clean Air Study,"26,492",883,Start,Low
387,Mycorrhiza,"26,471",882,B,High
388,Grain,"26,399",879,Start,High
389,Cucurbita,"26,379",879,FA,High
390,Mandarin orange,"26,376",879,C,Mid
391,Brussels sprout,"26,322",877,Start,High
392,Tulip,"26,273",875,C,High
393,Celery,"26,214",873,B,High
394,Luffa,"25,987",866,Start,Mid
395,Poblano,"25,967",865,C,Mid
396,Salvia officinalis,"25,935",864,C,High
397,Calathea,"25,929",864,Stub,Mid
398,Açaí palm,"25,896",863,C,High
399,Basmati,"25,886",862,C,Mid
400,Artemisia absinthium,"25,851",861,C,Mid
401,Bird's eye chili,"25,827",860,C,Mid
402,Ficus benjamina,"25,787",859,Start,High
403,Beech,"25,722",857,C,Mid
404,Plant reproduction,"25,643",854,C,Top
405,Gooseberry,"25,627",854,C,Mid
406,Curry tree,"25,583",852,C,Mid
407,Kudzu,"25,462",848,B,High
408,Silybum marianum,"25,453",848,Start,Mid
409,Drupe,"25,430",847,C,High
410,Meristem,"25,398",846,C,Top
411,Saguaro,"25,381",846,Start,Mid
412,Pando (tree),"25,364",845,C,Mid
413,Macadamia,"25,317",843,C,High
414,Nut (fruit),"25,275",842,C,High
415,Wisteria,"25,253",841,C,Mid
416,Witch-hazel,"25,213",840,Start,Mid
417,Yucca brevifolia,"25,131",837,C,Mid
418,Cabernet Sauvignon,"25,064",835,GA,Low
419,Aspen,"25,034",834,Start,Mid
420,Borage,"25,005",833,C,High
421,Herbal medicine,"24,997",833,C,Top
422,Grafting,"24,989",832,Start,Mid
423,Ficus,"24,942",831,C,High
424,Monocotyledon,"24,939",831,C,High
425,Vitis rotundifolia,"24,873",829,C,Mid
426,Reynoutria japonica,"24,852",828,B,Mid
427,History of coffee,"24,814",827,B,High
428,Grayanotoxin,"24,804",826,Start,Low
429,Mentha,"24,800",826,Start,High
430,List of poisonous plants,"24,794",826,List,High
431,Daikon,"24,765",825,Start,Mid
432,Ethylene,"24,732",824,B,Low
433,Collard (plant),"24,721",824,C,Mid
434,Sichuan pepper,"24,659",821,C,Mid
435,Dieffenbachia,"24,566",818,Start,Mid
436,Magnolia,"24,540",818,B,Mid
437,Botanical garden,"24,441",814,GA,Top
438,History of cannabis,"24,420",814,Start,Low
439,Brassica oleracea,"24,405",813,C,High
440,Aesculus hippocastanum,"24,320",810,C,Mid
441,Tarragon,"24,310",810,C,Mid
442,Pollination,"24,244",808,B,Top
443,Black rice,"24,143",804,Start,Mid
444,Morus (plant),"24,079",802,C,High
445,Four-leaf clover,"24,066",802,Start,Mid
446,Malus,"24,004",800,C,Mid
447,Anthocyanin,"23,969",798,B,High
448,Fabaceae,"23,919",797,B,High
449,Peppermint,"23,870",795,Start,Mid
450,Honeycrisp,"23,839",794,Start,Mid
451,Caraway,"23,700",790,C,High
452,Hibiscus rosa-sinensis,"23,684",789,Start,Mid
453,Dill,"23,597",786,C,High
454,Gourd,"23,490",783,Start,Mid
455,Phyllanthus emblica,"23,477",782,C,High
456,Echinacea,"23,452",781,C,Mid
457,Kalanchoe,"23,406",780,Start,Mid
458,Grassland,"23,389",779,C,Top
459,Herb,"23,360",778,C,High
460,Lemon balm,"23,327",777,C,Mid
461,Myosotis,"23,284",776,Start,Mid
462,Solanum nigrum,"23,232",774,Start,Mid
463,Cherimoya,"23,224",774,C,High
464,Zinnia,"23,218",773,Start,Mid
465,Gymnosperm,"23,215",773,C,High
466,Bergamot orange,"23,212",773,C,Mid
467,Gladiolus,"23,159",771,Start,Mid
468,Shea butter,"23,065",768,Start,Mid
469,Plant tissue culture,"23,060",768,Start,High
470,Carob,"23,032",767,C,Mid
471,Herbivore,"23,025",767,C,Low
472,Azalea,"22,902",763,Start,Mid
473,Pecan,"22,901",763,C,High
474,Calamansi,"22,785",759,Start,Mid
475,Peri-peri,"22,736",757,Start,Mid
476,Hippophae,"22,701",756,B,Mid
477,Sugar beet,"22,639",754,C,High
478,Pinot noir,"22,574",752,B,Mid
479,Solidago,"22,556",751,Start,Mid
480,Tagetes,"22,550",751,C,High
481,Fiber,"22,535",751,C,Mid
482,Theobroma cacao,"22,487",749,C,High
483,Heart of palm,"22,467",748,Start,Mid
484,Echinopsis pachanoi,"22,437",747,C,Mid
485,Coffea arabica,"22,373",745,C,High
486,Terpene,"22,371",745,Start,Mid
487,Camellia,"22,336",744,Start,Mid
488,Farro,"22,303",743,Start,Low
489,Dragon's Breath (chili pepper),"22,299",743,Start,Mid
490,Achillea millefolium,"22,210",740,C,Mid
491,Honeysuckle,"22,176",739,Start,Mid
492,Dendrosenecio,"22,117",737,B,Mid
493,Lime (fruit),"22,106",736,C,High
494,Aronia,"22,060",735,B,Mid
495,Patchouli,"22,051",735,Start,Mid
496,Begonia,"22,049",734,Start,Mid
497,Kola nut,"22,010",733,Start,Mid
498,Catharanthus roseus,"21,986",732,Start,Mid
499,Parsnip,"21,981",732,GA,High
500,Rhizome,"21,910",730,Start,High
501,Clover,"21,863",728,C,High
502,Vaccinium vitis-idaea,"21,773",725,C,Mid
503,Betel,"21,731",724,C,High
504,Phaseolus vulgaris,"21,648",721,C,High
505,Svalbard Global Seed Vault,"21,595",719,C,Mid
506,Chives,"21,579",719,B,High
507,Taproot,"21,559",718,Start,High
508,Evergreen,"21,547",718,Start,High
509,Spruce,"21,515",717,Start,High
510,Cynodon dactylon,"21,480",716,Start,Mid
511,Aglaonema,"21,391",713,Start,Mid
512,Serrano pepper,"21,364",712,Start,Mid
513,Lantana,"21,355",711,Start,Mid
514,Ficus religiosa,"21,311",710,Start,Mid
515,Watercress,"21,253",708,Start,Mid
516,Pilea peperomioides,"21,253",708,C,Mid
517,Sansevieria,"21,218",707,Start,Mid
518,Plant nutrition,"21,190",706,C,Top
519,Kidney bean,"21,137",704,Start,Mid
520,Berry (botany),"21,104",703,B,High
521,Vegetative reproduction,"21,091",703,Start,High
522,Verbena,"21,081",702,C,High
523,Ebony,"21,055",701,Start,Mid
524,Spelt,"21,017",700,C,Mid
525,Domestication,"20,969",698,C,Mid
526,Hottest chili pepper,"20,895",696,C,Mid
527,Terrarium,"20,890",696,Start,Low
528,Ailanthus altissima,"20,886",696,FA,Mid
529,Hyacinth (plant),"20,881",696,Start,Mid
530,Roselle (plant),"20,819",693,Start,Mid
531,Durum,"20,805",693,Start,High
532,Physalis,"20,791",693,Start,Mid
533,Gum arabic,"20,790",693,C,Mid
534,Rosewood,"20,773",692,Start,Mid
535,Green bean,"20,771",692,C,Mid
536,Alocasia,"20,643",688,Start,Mid
537,Seaweed,"20,612",687,C,High
538,American chestnut,"20,544",684,C,Mid
539,Bodhi Tree,"20,504",683,Start,Mid
540,Wax gourd,"20,482",682,Start,Mid
541,Language of flowers,"20,445",681,Start,Mid
542,Bryophyte,"20,433",681,C,Top
543,Centella asiatica,"20,421",680,Start,Mid
544,Aquatic plant,"20,406",680,Start,High
545,List of psychoactive plants,"20,344",678,List,Mid
546,Safflower,"20,288",676,Start,Mid
547,Dianthus caryophyllus,"20,249",674,Start,Mid
548,Pollen,"20,147",671,B,Top
549,Silphium,"19,990",666,C,Mid
550,Fraxinus,"19,987",666,Start,Mid
551,Prairie,"19,963",665,Start,Mid
552,Iris (plant),"19,938",664,B,High
553,Pluot,"19,924",664,Start,Mid
554,Marjoram,"19,892",663,Start,Mid
555,Ficus elastica,"19,818",660,Start,Mid
556,Anthurium,"19,810",660,Start,Mid
557,Lepidium meyenii,"19,797",659,C,Mid
558,Methuselah (tree),"19,719",657,Start,Mid
559,Parthenocissus quinquefolia,"19,691",656,B,Mid
560,Populus,"19,654",655,Start,Mid
561,Pachira aquatica,"19,608",653,Start,Mid
562,Manchineel,"19,546",651,C,Mid
563,Juglans nigra,"19,523",650,C,Mid
564,Artemisia (genus),"19,516",650,C,Mid
565,Daucus carota,"19,429",647,Start,High
566,Mustard plant,"19,391",646,Start,High
567,Cultivar,"19,387",646,GA,High
568,Hickory,"19,362",645,Start,High
569,Pandanus amaryllifolius,"19,356",645,Start,Mid
570,Robinia pseudoacacia,"19,352",645,Start,Mid
571,Stoma,"19,228",640,B,Top
572,List of apple cultivars,"19,215",640,List,Mid
573,Celeriac,"19,195",639,Start,High
574,Sequoioideae,"19,052",635,Start,Mid
575,Douglas fir,"19,019",633,C,Mid
576,Honey locust,"18,938",631,Start,Mid
577,Blue agave,"18,917",630,Start,Mid
578,Iris flower data set,"18,802",626,Start,Low
579,Chaparral,"18,791",626,Start,Mid
580,Synsepalum dulcificum,"18,781",626,C,Mid
581,Tuber,"18,755",625,B,High
582,Mustard seed,"18,737",624,Start,Low
583,Autotroph,"18,729",624,Start,High
584,Shiso,"18,655",621,C,Mid
585,Epiphyllum oxypetalum,"18,650",621,C,High
586,Vigna mungo,"18,650",621,Start,Mid
587,Poinsettia,"18,649",621,GA,High
588,Shrub,"18,647",621,Start,High
589,Coleus,"18,587",619,Stub,Mid
590,Passiflora incarnata,"18,586",619,Start,Mid
591,Rafflesia,"18,528",617,Start,Mid
592,Bilberry,"18,525",617,Start,Mid
593,Inflorescence,"18,469",615,C,High
594,Cinchona,"18,441",614,C,Mid
595,Asclepias,"18,435",614,Start,Mid
596,Glutinous rice,"18,356",611,B,Mid
597,Mandrake,"18,289",609,C,Mid
598,Colocasia,"18,199",606,Start,Mid
599,Melon,"18,157",605,C,High
600,Citron,"18,127",604,C,Mid
601,Phloem,"18,103",603,B,Top
602,Mistletoe,"18,093",603,C,High
603,Convention on Biological Diversity,"17,984",599,C,Mid
604,New Mexico chile,"17,983",599,C,Mid
605,Eleocharis dulcis,"17,960",598,Start,Mid
606,Monstera,"17,894",596,Stub,Mid
607,Blighia sapida,"17,862",595,C,Mid
608,Napa cabbage,"17,846",594,Start,Mid
609,Lupinus,"17,833",594,Start,Mid
610,Allium,"17,823",594,C,High
611,Jasmine rice,"17,822",594,Start,Mid
612,Pigeon pea,"17,803",593,Start,High
613,Delonix regia,"17,755",591,C,High
614,Tribulus terrestris,"17,728",590,C,Mid
615,Curare,"17,725",590,Start,Mid
616,Chardonnay,"17,697",589,B,Low
617,Trinidad Scorpion Butch T pepper,"17,676",589,Start,Low
618,Euphorbia,"17,619",587,C,Mid
619,Trinidad Moruga scorpion,"17,572",585,Start,Mid
620,Endive,"17,554",585,Start,Mid
621,Kaffir lime,"17,527",584,Start,Mid
622,Lignin,"17,526",584,C,High
623,Kabocha,"17,501",583,Start,Low
624,John C. Frémont,"17,492",583,C,Low
625,Phytoplankton,"17,469",582,C,Top
626,Moringa,"17,469",582,Start,Low
627,Ficus lyrata,"17,460",582,Start,High
628,Bryophyllum pinnatum,"17,406",580,Start,Mid
629,Anemone,"17,357",578,Start,Mid
630,Morus alba,"17,351",578,Start,Mid
631,Annual plant,"17,346",578,Start,High
632,Guarana,"17,342",578,C,Mid
633,Canna (plant),"17,309",576,B,Mid
634,Dracaena (plant),"17,257",575,Start,Mid
635,Bromeliaceae,"17,202",573,C,High
636,Polyphenol,"17,189",572,Start,Low
637,Caladium,"17,183",572,Start,Mid
638,Spore,"17,166",572,Start,Top
639,Sedum,"17,138",571,Start,Mid
640,Mastic (plant resin),"17,099",569,Start,Low
641,Pyrus pyrifolia,"17,099",569,Start,Mid
642,Morinda citrifolia,"17,059",568,C,Mid
643,Larch,"17,041",568,C,Mid
644,Malbec,"17,011",567,B,Low
645,Golden rice,"17,000",566,B,Mid
646,List of superlative trees,"16,999",566,List,Mid
647,Epimedium,"16,988",566,Start,Mid
648,Tradescantia zebrina,"16,951",565,Stub,Mid
649,Root,"16,927",564,B,Top
650,Rosin,"16,907",563,Start,Low
651,Pachyrhizus erosus,"16,843",561,Start,Mid
652,Ipomoea aquatica,"16,832",561,C,Mid
653,Muskmelon,"16,817",560,C,Mid
654,Geranium,"16,811",560,C,Mid
655,List of woods,"16,801",560,List,High
656,Herbicide,"16,771",559,C,High
657,Monotropa uniflora,"16,759",558,Start,Mid
658,Sorrel,"16,712",557,Start,Mid
659,Night-blooming cereus,"16,675",555,Start,Low
660,Melicoccus bijugatus,"16,662",555,Start,Mid
661,Amaryllis,"16,620",554,Start,Mid
662,Navy bean,"16,611",553,Start,Mid
663,Lovage,"16,599",553,Start,Mid
664,Bellis perennis,"16,580",552,C,Mid
665,Coffea,"16,571",552,B,High
666,Pumpkin seed,"16,561",552,Start,Mid
667,Helianthus annuus,"16,529",550,C,High
668,Pollinator,"16,528",550,Start,High
669,Sphagnum,"16,527",550,B,High
670,Winter squash,"16,507",550,Start,Mid
671,Dicotyledon,"16,488",549,Start,High
672,Rosaceae,"16,481",549,C,High
673,Lima bean,"16,454",548,C,High
674,Viburnum,"16,429",547,Start,Mid
675,Acer saccharum,"16,413",547,C,Mid
676,Ground tissue,"16,406",546,C,Top
677,Longan,"16,391",546,Start,High
678,Catalpa,"16,389",546,Start,Mid
679,Plant stem,"16,364",545,B,Top
680,Cinnamomum camphora,"16,340",544,C,Mid
681,Tumbleweed,"16,336",544,Start,Mid
682,Actinidia arguta,"16,333",544,Start,Mid
683,Landrace,"16,284",542,C,Mid
684,Hanakotoba,"16,275",542,Start,Mid
685,Peperoncino,"16,243",541,Start,Mid
686,Double fertilization,"16,203",540,Start,Mid
687,Plant hormone,"16,197",539,B,Top
688,Cucurbitaceae,"16,195",539,Start,High
689,Gardenia,"16,194",539,Start,Mid
690,Cyclamen,"16,192",539,C,Mid
691,Autumn leaf color,"16,099",536,Start,High
692,Manilkara zapota,"16,091",536,Start,Mid
693,Leaf vegetable,"16,075",535,Start,Mid
694,Platanus occidentalis,"16,074",535,Start,Mid
695,Acer rubrum,"16,034",534,GA,Mid
696,Herbaceous plant,"16,002",533,Start,Mid
697,Cypress,"15,990",533,List,Mid
698,Ruta graveolens,"15,979",532,C,High
699,Syrah,"15,878",529,B,Low
700,Alder,"15,867",528,Start,Mid
701,Mangifera indica,"15,846",528,Start,Mid
702,Althaea officinalis,"15,845",528,Start,Mid
703,Arbutus unedo,"15,798",526,C,Mid
704,Rudraksha,"15,749",524,Start,Mid
705,Dioscorea alata,"15,730",524,Start,Mid
706,Siraitia grosvenorii,"15,561",518,Start,Mid
707,Vine,"15,529",517,Start,High
708,Genetically modified crops,"15,501",516,B,Mid
709,Dypsis lutescens,"15,440",514,Start,Mid
710,Liriodendron tulipifera,"15,438",514,B,Mid
711,Acer palmatum,"15,409",513,C,Mid
712,Gentiana,"15,401",513,C,Mid
713,Hedera helix,"15,360",512,Start,Mid
714,Impatiens capensis,"15,339",511,C,Mid
715,Rattan,"15,284",509,B,High
716,Jasminum sambac,"15,282",509,C,Mid
717,Jungle,"15,216",507,C,Mid
718,Damson,"15,174",505,Start,Mid
719,Rapini,"15,108",503,Start,Mid
720,Honeydew (melon),"15,069",502,Start,High
721,Parasitic plant,"15,041",501,C,High
722,Merlot,"15,023",500,B,Low
723,Brassica,"15,022",500,C,High
724,Mirabilis jalapa,"15,006",500,Start,Mid
725,Macrotyloma uniflorum,"14,931",497,Start,Mid
726,Bitter orange,"14,915",497,C,Mid
727,Hibiscus syriacus,"14,912",497,C,Mid
728,Holly,"14,908",496,C,High
729,Brassicaceae,"14,889",496,B,High
730,Plant breeding,"14,883",496,C,High
731,McIntosh (apple),"14,836",494,C,Mid
732,Cannabis strain,"14,811",493,C,Low
733,Sweet corn,"14,797",493,C,High
734,Petunia,"14,699",489,Start,Mid
735,Oryza sativa,"14,694",489,C,High
736,Tangerine,"14,662",488,Start,Mid
737,Hosta,"14,625",487,C,Mid
738,Leontopodium nivale,"14,619",487,Start,Mid
739,Peperomia,"14,601",486,Start,Mid
740,Gynoecium,"14,598",486,C,High
741,Bran,"14,589",486,Start,Mid
742,Spaghetti squash,"14,583",486,Start,Mid
743,Liquidambar styraciflua,"14,578",485,B,Mid
744,Auxin,"14,571",485,B,High
745,Black-eyed pea,"14,535",484,B,Mid
746,Flora,"14,503",483,C,High
747,Thuja,"14,491",483,C,Mid
748,Tamarillo,"14,489",482,Start,Mid
749,Glossary of leaf morphology,"14,479",482,List,High
750,Plasmolysis,"14,468",482,Start,High
751,Whole grain,"14,444",481,Start,Mid
752,Concord grape,"14,418",480,Start,Low
753,Mandevilla,"14,335",477,Stub,Low
754,Nyctanthes arbor-tristis,"14,319",477,Start,Mid
755,Ornamental plant,"14,296",476,Start,Mid
756,List of culinary fruits,"14,244",474,List,High
757,Plastid,"14,235",474,B,Top
758,Citrus limetta,"14,227",474,Start,Mid
759,Sepal,"14,220",474,Start,High
760,Conifer cone,"14,216",473,Start,High
761,Rubus chamaemorus,"14,205",473,C,Mid
762,Araucaria araucana,"14,191",473,C,Mid
763,List of rice cultivars,"14,130",471,List,Mid
764,Glossary of botanical terms,"14,109",470,List,Top
765,Arrowroot,"14,033",467,C,Mid
766,Adzuki bean,"14,024",467,C,High
767,List of plants by common name,"14,012",467,SL,Top
768,Jabuticaba,"14,006",466,Start,Mid
769,Thaumatophyllum bipinnatifidum,"13,997",466,Start,Mid
770,Ranunculus,"13,974",465,Start,Mid
771,Viola (plant),"13,971",465,C,Mid
772,Scuppernong,"13,965",465,Start,Mid
773,Agapanthus,"13,959",465,Start,Mid
774,Cedrus,"13,955",465,B,Mid
775,Granny Smith,"13,949",464,Start,Mid
776,Radicchio,"13,928",464,Start,Mid
777,Mesquite,"13,927",464,Start,Mid
778,Arctium,"13,916",463,Start,Mid
779,Strelitzia,"13,902",463,C,Mid
780,Crop,"13,893",463,Start,High
781,Podocarpus,"13,888",462,Start,Mid
782,Lagerstroemia,"13,880",462,Start,Mid
783,Philodendron bipinnatifidum,"13,877",462,Redirect,NA
784,Fir,"13,877",462,C,High
785,Flint corn,"13,875",462,Start,Mid
786,Dormancy,"13,847",461,C,High
787,Aesculus glabra,"13,821",460,Start,Mid
788,San Marzano tomato,"13,814",460,Start,Low
789,List of plants used in herbalism,"13,810",460,List,High
790,Gardening,"13,809",460,Start,High
791,Apiaceae,"13,802",460,Start,High
792,Lamiaceae,"13,771",459,C,High
793,Spearmint,"13,770",459,Start,Mid
794,Saussurea obvallata,"13,750",458,Start,Mid
795,Hardwood,"13,726",457,Start,High
796,Hyperion (tree),"13,723",457,Start,Mid
797,Sorghum bicolor,"13,712",457,Start,Mid
798,Cortaderia selloana,"13,692",456,Start,Mid
799,Epiphyte,"13,667",455,Start,High
800,Rudbeckia hirta,"13,656",455,Start,Mid
801,Lupin bean,"13,626",454,Start,Mid
802,Wade Davis (anthropologist),"13,624",454,Start,Low
803,Cowpea,"13,616",453,GA,Mid
804,Lantana camara,"13,578",452,C,Mid
805,Blood orange,"13,575",452,B,Mid
806,Spanish moss,"13,564",452,Start,Mid
807,Gala (apple),"13,560",452,Start,Mid
808,Arnica,"13,557",451,Start,Mid
809,Coleus amboinicus,"13,529",450,Start,Mid
810,Cannabis ruderalis,"13,497",449,Start,Mid
811,Dracaena fragrans,"13,458",448,Start,Mid
812,Cassia fistula,"13,362",445,C,High
813,Eudicots,"13,341",444,Start,High
814,Clematis,"13,328",444,C,Mid
815,Bacopa monnieri,"13,315",443,Start,Mid
816,Mimosa tenuiflora,"13,297",443,Start,Mid
817,Cyperus esculentus,"13,277",442,C,Mid
818,Seedless fruit,"13,268",442,Start,Low
819,Calendula,"13,260",442,Start,Mid
820,Key lime,"13,229",440,C,Mid
821,Osmoregulation,"13,197",439,Start,High
822,Tillandsia,"13,180",439,Start,Mid
823,Marrow (vegetable),"13,180",439,Start,Mid
824,Custard apple,"13,178",439,List,Low
825,List of grape varieties,"13,174",439,List,Mid
826,Pearl millet,"13,161",438,Start,Mid
827,Natural history,"13,134",437,C,High
828,Vitex agnus-castus,"13,085",436,Start,Mid
829,Araceae,"13,057",435,Start,High
830,Cananga odorata,"13,021",434,Start,Mid
831,Cycas revoluta,"13,010",433,C,Mid
832,Oak apple,"13,008",433,Start,Low
833,Quercus alba,"12,994",433,Start,Mid
834,Wild rice,"12,988",432,C,Mid
835,Paulownia,"12,958",431,Start,Mid
836,Cornus kousa,"12,956",431,Start,Mid
837,Gros Michel banana,"12,947",431,C,Mid
838,Delphinium,"12,937",431,Start,Mid
839,Eichhornia crassipes,"12,926",430,Start,Mid
840,Water caltrop,"12,891",429,Start,Mid
841,Coccinia grandis,"12,886",429,Start,Mid
842,Carotenoid,"12,884",429,Start,Mid
843,Sambucus nigra,"12,869",428,Start,Mid
844,Cavendish banana,"12,869",428,Start,Mid
845,Endosperm,"12,840",428,Start,High
846,Nopal,"12,808",426,Start,Low
847,Forsythia,"12,803",426,Start,Mid
848,Petal,"12,770",425,Start,High
849,Toxicodendron vernix,"12,742",424,Start,Mid
850,Natural fiber,"12,742",424,Start,Low
851,Shamrock,"12,734",424,C,High
852,Blight,"12,699",423,Stub,Low
853,Centaurea cyanus,"12,698",423,Start,Mid
854,Hazel,"12,695",423,Start,Mid
855,Salvia hispanica,"12,687",422,C,High
856,Cornus,"12,687",422,C,Mid
857,Alternation of generations,"12,670",422,C,Top
858,Pansy,"12,657",421,C,High
859,Couroupita guianensis,"12,654",421,Start,Mid
860,Photorespiration,"12,639",421,C,High
861,Portulaca grandiflora,"12,612",420,Start,Mid
862,Solanum,"12,610",420,Start,Mid
863,Green algae,"12,594",419,C,Top
864,Mentha pulegium,"12,538",417,Start,Mid
865,Pinus strobus,"12,512",417,B,Mid
866,Epidermis (botany),"12,502",416,C,Top
867,Opuntia ficus-indica,"12,491",416,Start,High
868,Myrtus,"12,486",416,C,Mid
869,Kew Gardens,"12,470",415,B,Mid
870,C4 carbon fixation,"12,447",414,C,High
871,Kush (cannabis),"12,446",414,Start,Low
872,Budding,"12,426",414,Start,Mid
873,Broccolini,"12,418",413,Start,Mid
874,Ambrosia artemisiifolia,"12,405",413,Start,Mid
875,Balm of Gilead,"12,386",412,C,Low
876,Bursera graveolens,"12,361",412,Start,Mid
877,Mulukhiyah,"12,346",411,Start,Mid
878,Nectar,"12,305",410,Start,High
879,Cutting (plant),"12,284",409,Start,Mid
880,Hura crepitans,"12,267",408,Start,Mid
881,Platanus,"12,238",407,C,Mid
882,RuBisCO,"12,233",407,B,Mid
883,Thai basil,"12,223",407,Start,Low
884,Dracaena cinnabari,"12,222",407,Start,Mid
885,Ovule,"12,217",407,Start,High
886,Coir,"12,213",407,Start,Mid
887,Calendula officinalis,"12,198",406,Start,Mid
888,Aesculus,"12,184",406,Start,Mid
889,Plant pathology,"12,183",406,C,Top
890,Vitis vinifera,"12,152",405,C,High
891,Acca sellowiana,"12,114",403,C,Mid
892,Boysenberry,"12,107",403,Start,Mid
893,Banana pepper,"12,106",403,Start,Mid
894,Abrus precatorius,"12,095",403,Start,Mid
895,Cucumis metuliferus,"12,074",402,Start,Mid
896,Jacaranda mimosifolia,"12,053",401,B,Mid
897,Evolutionary history of plants,"12,049",401,B,Top
898,Romaine lettuce,"12,042",401,Start,Mid
899,Carnauba wax,"12,035",401,GA,Mid
900,Biennial plant,"12,025",400,Start,High
901,Aegle marmelos,"12,017",400,C,High
902,Vaccinium myrtillus,"11,975",399,Start,Mid
903,Callaloo,"11,969",398,Start,Mid
904,Gerbera,"11,958",398,Start,Mid
905,Cycad,"11,942",398,B,High
906,Lithops,"11,928",397,B,Mid
907,Pteridophyte,"11,918",397,C,High
908,Citrus unshiu,"11,910",397,Start,Mid
909,Clementine,"11,910",397,Start,Mid
910,Picea abies,"11,909",396,C,Mid
911,Plant reproductive morphology,"11,908",396,C,Top
912,Leyland cypress,"11,884",396,Start,Mid
913,Prunus mume,"11,876",395,B,High
914,Eleusine coracana,"11,859",395,Start,Mid
915,Bristlecone pine,"11,846",394,C,Mid
916,Physalis alkekengi,"11,845",394,Start,Mid
917,Cornus mas,"11,825",394,Start,Mid
918,Dysphania ambrosioides,"11,802",393,C,Mid
919,List of poisonous flowers,"11,748",391,SL,Low
920,Crocus,"11,712",390,C,Mid
921,List of U.S. state and territory flowers,"11,700",390,List,Mid
922,Callicarpa,"11,661",388,Start,Low
923,Oxalis,"11,659",388,Start,Mid
924,Water potential,"11,654",388,Start,Mid
925,Cedrus libani,"11,570",385,C,Mid
926,Dendrochronology,"11,564",385,C,Mid
927,List of edible seeds,"11,558",385,List,High
928,Chrysopogon zizanioides,"11,542",384,C,Mid
929,Micropropagation,"11,451",381,Start,Mid
930,Hedera,"11,430",381,C,High
931,Eucalyptus deglupta,"11,386",379,Start,Mid
932,Aloysia citrodora,"11,378",379,Start,Mid
933,Lignum vitae,"11,370",379,Start,Mid
934,Panax ginseng,"11,368",378,Start,Mid
935,Cinnamomum cassia,"11,363",378,C,High
936,List of largest giant sequoias,"11,353",378,List,Mid
937,Trichome,"11,350",378,Start,High
938,Syzygium cumini,"11,338",377,Start,Mid
939,Plant propagation,"11,312",377,Start,High
940,Thatching,"11,297",376,Start,Mid
941,Senna (plant),"11,287",376,Start,Mid
942,Turgor pressure,"11,265",375,Start,High
943,Dracaena sanderiana,"11,264",375,Start,Mid
944,Mucuna pruriens,"11,253",375,Start,Mid
945,Impatiens,"11,244",374,C,Mid
946,Ravenala,"11,222",374,Start,Mid
947,Teff,"11,197",373,C,Mid
948,Stamen,"11,188",372,Start,High
949,Burl,"11,182",372,Start,Mid
950,Tradescantia pallida,"11,160",372,Start,Mid
951,Baby corn,"11,158",371,Start,Low
952,Brassica juncea,"11,149",371,B,Mid
953,Root hair,"11,141",371,Start,Mid
954,Hyoscyamus niger,"11,140",371,B,Mid
955,Alstroemeria,"11,131",371,Start,Mid
956,Mespilus germanica,"11,130",371,C,Mid
957,Equisetum,"11,119",370,C,High
958,Thuja plicata,"11,096",369,C,Mid
959,Codiaeum variegatum,"11,056",368,Start,Mid
960,Foxtail (diaspore),"11,056",368,Start,Mid
961,Sultana (grape),"11,053",368,Start,Low
962,Potpourri,"11,005",366,Start,Low
963,Ageratina altissima,"10,990",366,C,Mid
964,Hellebore,"10,981",366,C,Mid
965,Red kuri squash,"10,979",365,Start,Low
966,Schefflera arboricola,"10,976",365,Start,Mid
967,Cotyledon,"10,972",365,Start,High
968,Rosa canina,"10,969",365,Start,Mid
969,Chile de árbol,"10,964",365,Start,Low
970,Aloe,"10,960",365,C,High
971,Crassulacean acid metabolism,"10,953",365,Start,High
972,Viburnum opulus,"10,951",365,C,Mid
973,Magnolia grandiflora,"10,948",364,C,Mid
974,Tradescantia,"10,947",364,C,Low
975,Rhodiola rosea,"10,934",364,Start,Mid
976,Albizia julibrissin,"10,934",364,C,Mid
977,Verbascum thapsus,"10,924",364,FA,Mid
978,Introduced species,"10,918",363,B,Mid
979,Theophrastus,"10,908",363,B,Top
980,Bryophyllum daigremontianum,"10,904",363,Start,Mid
981,Nandina,"10,901",363,Start,Mid
982,Chenopodium album,"10,901",363,C,Mid
983,Fuchsia,"10,878",362,C,Mid
984,Coreopsis,"10,877",362,Start,Mid
985,Garcinia gummi-gutta,"10,865",362,Start,Mid
986,Adansonia grandidieri,"10,850",361,Start,Mid
987,Thuja occidentalis,"10,842",361,C,Mid
988,Pinus ponderosa,"10,821",360,C,Mid
989,Cucurbita pepo,"10,807",360,Start,Mid
990,Callicarpa americana,"10,804",360,Stub,Low
991,Acer negundo,"10,802",360,C,Mid
992,Vinca,"10,799",359,Start,Mid
993,Hoya carnosa,"10,793",359,Start,Mid
994,Coleus scutellarioides,"10,789",359,C,Mid
995,Oxalis triangularis,"10,775",359,C,High
996,Quercus rubra,"10,771",359,Start,Mid
997,Prunus laurocerasus,"10,747",358,C,Mid
998,Malvaceae,"10,735",357,Start,High
999,Guajillo chili,"10,731",357,Start,Mid
1000,Colchicum autumnale,"10,720",357,Start,Mid
