Giuseppe Ungaretti,
Conrad Aitken,US
John Berryman,US
Jorge Luis Borges,Argentina
Edward Brathwaite,Barbados
Hans Magnus Enzensberger,West Germany
Graham Greene,UK
Jorge Guillén,Spain
Zbigniew Herbert,Poland
Pierre-Jean Jouve,France
Pablo Neruda,Chile
Francis Ponge,France
Alexander Solzhenitsyn,USSR
Gabriel García Márquez, 
Zbigniew Herbert,Poland
Vasko Popa,Yugoslavia
Claude Simon,France
Harold Pinter,UK
Paavo Haavikko,Finland
Birago Diop ,Senegal
Nathalie Sarraute,France
Czesław Miłosz,Poland
Octavio Paz,Mexico
Francis Ponge,
Wole Soyinka,Nigeria
Georges Schéhadé,Lebanon/France
Ian Hamilton Finlay,UK
Gyula Illyés,Hungary
Eyvind Johnson,Sweden
Zaharia Stancu,Romania
Allen Tate,US
Doris Lessing,Rhodesia
Henri Michaux,Belgium
Anna Seghers,East Germany
Elizabeth Bishop,
Yannis Ritsos,Greece
Anaïs Nin,US
Bert Schierbeek,The Netherlands
Andrei Voznesensky,USSR
Wole Soyinka,Nigeria
Tawfiq al-Hakim,Egypt
Czesław Miłosz,Poland
Robert Lowell,US
Tadeusz Rózewicz,Poland
Czesław Miłosz,
Anthony Powell,UK
Nadezhda Mandelstam,USSR
Carlos Drummond de Andrade,Brazil
Zbigniew Herbert,Poland
János Pilinszky,Hungary
Elias Canetti,Austria/Bulgaria
Graham Greene,UK
Eudora Welty,US
V. S. Naipaul,Trinidad and Tobago/UK
Georges Schéhadé,Lebanon/France
Josef Škvorecký,
Alberto de Lacerda,Portugal
Breyten Breytenbach,South Africa
Yves Bonnefoy,France
Günter Grass,West Germany
Kim Chi-ha,South Korea
Mulk Raj Anand,India
Miroslav Krleza,Yugoslavia
Yannis Ritsos,Greece
Norman Maccaig,UK
Octavio Paz,
Ted Hughes,UK
Laura Riding,US
Robert Penn Warren,US
Vladimir Voinovich,USSR/ West Germany
Max Frisch,Switzerland
Guillevic,France
Ba Jin,China
Artur Lundkvist,Sweden
Leonardo Sciascia,Italy
Paavo Haavikko,
Zbigniew Herbert,Poland
Jorge Amado,Brazil
Howard Brenton,UK
Christopher Logue,UK
Sándor Weöres,Hungary
Ernesto Sábato,Argentina
Mohammed Dib,Algeria/France
Donald Davie,UK
Jorge Luis Borges,Argentina
Manès Sperber,Austria/France
Max Frisch,
Wole Soyinka,Nigeria
Francisco Ayala,Spain
Primo Levi,Italy
Kenzaburo Oe,Japan
Jorge Luis Borges,Argentina
Günter Grass,West Germany
Yves Bonnefoy,France
Eugène Ionesco,Romania/France
Mavis Gallant,Canada/France
Raja Rao,
Ghérasim Luca,Romania/France
Stanislaw Lem,Poland
René Char,France
Milan Kundera,Czechoslovakia/France
Léopold Sédar Senghor,Senegal
João Cabral de Melo Neto,Brazil
Peter Handke,Austria
Roy Fisher,England
Nadine Gordimer,South Africa
Paule Marshall,Barbados/US
Tomas Tranströmer,
Östen Sjöstrand,Sweden
Mohammed Dib,Algeria
Rolf Jacobsen,Norway
Mavis Gallant,Canada/France
Yordan Radichkov,Bulgaria
György Konrád,Hungary
Michel Leiris,France
V. S. Naipaul,Trinidad and Tobago/UK
Vasko Popa,Yugoslavia
Dai Houying,China
João Cabral de Melo Neto,
Habib Tengour,Algeria
Bella Akhmadulina,Russia
Christopher Middleton,UK
Orhan Pamuk,Turkey
Henri Meschonnic,France
Kenzaburo Oe,Japan
Andrea Zanzotto,Italy
Eduardo Galeano,Uruguay
John Berger,UK
A. B. Yehoshua,Israel
Kamau Brathwaite,
Svetlana Alexievich,Belarus
Norman Mailer,US
Zbigniew Herbert,Poland
Toni Morrison,US
Chinua Achebe,Nigera
Miguel Delibes,Spain
Mahasveta Devi,India
Costas Montis,Cyprus
Mohamed Choukri,Morocco
Seamus Heaney,Ireland
Assia Djebar,
Vassilis Vassilikos,Greece
Vizma Belsevica,Latvia
Nirmal Verma,India
Randolph Stow,Australia/UK
Rafael Alberti,Spain
Werner Lambersy,Belgium
Tahar Ben Jelloun,Morocco
Carlos Fuentes,Mexico
Bei Dao,China
Nuruddin Farah,
Adrienne Rich,US
R. S. Thomas,Wales
Mo Yan,China
Les Murray ,Australia
Doris Lessing,UK/Rhodesia
Philip Roth,US
Frankétienne,Haiti
Ernesto Cardenal,Nicaragua
John Ashbery,US
David Malouf,
Wilson Harris,Guyana/England
V. S. Naipaul,Trinidad and Tobago/UK
N. Scott Momaday,US
Juan Goytisolo ,Spain
Augusto Monterroso,Guatemala
Femi Osofisan,Nigeria
Mirkka Rekola,Finland
György Konrád,Hungary
Alvaro Mutis,
Andrée Chedid,Egypt/France
Antonio Lobo Antunes,Portugal
Wilson Harris,Guyana
Eduardo Galeano ,Uruguay
Janet Frame,New Zealand
Homero Aridjis,Mexico
Luis Fernando Verissimo,Brazil
Peter Matthiessen,US
Mavis Gallant,Canada/France
Adam Zagajewski,
Duong Thu Huong,Vietnam
Gary Snyder,US
J. M. Coetzee,South Africa
Chinua Achebe ,Nigeria
Mario Vargas Llosa,Peru
José Saramago,Portugal
Marjorie Agosín,Chile
Claribel Alegría,
Orhan Pamuk,Turkey
Alice Munro,Canada
Linton Kwesi Johnson,Jamaica/UK
Gerald Stern,US
André Brink,South Africa
Per Olov Enquist,Sweden
Philip Roth,US
N. Scott Momaday,US
Hélène Cixous,Algeria/France
Patricia Grace,
Ngugi wa Thiong’o,Kenya
Saadi Youssef,Iraq
Michael Ondaatje,Sri Lanka/Canada
Jacques Roubaud,France
Katerina Anghelaki-Rooke,Greece
Tsering Woeser,Tibet/China
Haruki Murakami,Japan
E. L. Doctorow,US
Yoel Hoffmann,Israel
Duo Duo,
Ha Jin,China/US
Ricardo Piglia,Argentina
Michael Ondaatje,Sri Lanka/Canada
Haruki Murakami,Japan
Margaret Atwood,Canada
A. B. Yehoshua,Israel
Athol Fugard,South Africa
E. L. Doctorow,US
Shahriar Mandanipour,Iran
Rohinton Mistry,
Aleksandar Hemon,Bosnia/US
Zoë Wicomb,South Africa
Elena Poniatowska,Mexico
Bob Dylan,US
Diamela Eltit,Chile
Vénus Khoury-Ghata,Lebanon
John Banville,Ireland
Tahar Ben Jelloun,Morocco
Mia Couto,
César Aira,Argentina
Duong Thu Huong,Vietnam
Edward P. Jones,US
Ilya Kaminsky,Ukraine/US
Chang-rae Lee,South Korea/US
Edouard Maunick,Mauritius
Haruki Murakami,Japan
Cecile Pineda,US
Ghassan Zaqtan,Palestine
Dubravka Ugresic,
Can Xue,China
Caryl Churchill,UK
Carolyn Forché,US
Aminatta Forna,Sierra Leone/UK
Ann-Marie MacDonald,Canada
Guadalupe Nettel,Mexico
Don Paterson,UK
Ghassan Zaqtan,Palestine
Edwidge Danticat,
Emmanuel Carrère,France
Amitav Ghosh,India
Aracelis Girmay,US
Mohsin Hamid,Pakistan
Jamaica Kincaid,Antigua/US
Yusef Komunyakaa,US
Patricia Smith,US
Ludmila Ulitskaya,Russia
Ismail Kadare,
Emmanuel Carrère,France
Jorie Graham,US
Jessica Hagedorn,US
Eduardo Halfon,Guatemala
Sahar Khalifeh,Palestine
Abdellatif Laâbi,Morocco
Lee Maracle,Canada
Hoa Nguyen,US
