1,WAP,"509,613","16,987",C,Unknown
6,Dynamite,"165,508","5,516",Start,Unknown
8,911 (Lady Gaga song),"124,887","4,162",C,Unknown
10,Ice Cream,"114,877","3,829",C,Unknown
11,Blinding Lights,"108,862","3,628",Start,Unknown
15,"September","94,263","3,142",C,Unknown
16,Bella ciao,"92,274","3,075",C,Unknown
17,Bohemian Rhapsody,"87,533","2,917",C,Unknown
18,Despacito,"86,129","2,870",GA,Unknown
19,Single,"82,946","2,764",C,Unknown
20,Hallelujah,"77,919","2,597",B,Unknown
22,American Pie,"73,041","2,434",C,Unknown
23,Midnight Sky,"71,287","2,376",C,Unknown
26,Watermelon Sugar,"68,330","2,277",C,Unknown
27,The Sound of Silence,"66,215","2,207",C,Unknown
29,Music video,"63,349","2,111",C,Unknown
32,Reflection,"62,645","2,088",GA,Unknown
33,Hotel California,"60,389","2,012",GA,Unknown
34,Song,"60,288","2,009",Start,Unknown
36,Rain on Me,"59,849","1,994",C,Unknown
43,Stan,"55,428","1,847",C,Unknown
47,Amazing Grace,"52,932","1,764",FA,Unknown
48,In the Air Tonight,"51,532","1,717",C,Unknown
49,Dance Monkey,"50,788","1,692",C,Unknown
50,Fortunate Son,"50,415","1,680",C,Unknown
52,I Am Woman,"48,256","1,608",C,Unknown
53,Cotton-Eyed Joe,"48,023","1,600",C,Unknown
55,Torn,"47,505","1,583",C,Unknown
56,Pumped Up Kicks,"47,235","1,574",C,Unknown
58,How You Like That,"46,122","1,537",Start,Unknown
59,Zombie,"44,752","1,491",C,Unknown
60,Gangnam Style,"44,662","1,488",GA,Unknown
61,Stairway to Heaven,"44,274","1,475",C,Unknown
66,The Boy Is Mine,"42,214","1,407",C,Unknown
67,Y.M.C.A.,"42,067","1,402",C,Unknown
68,Heather ,"41,423","1,380",Start,Unknown
71,Take Me to Church,"40,223","1,340",C,Unknown
73,Hurt,"40,147","1,338",C,Unknown
74,Old Town Road,"40,071","1,335",C,Unknown
79,Style,"39,343","1,311",FA,Unknown
80,Dragostea Din Tei,"39,237","1,307",C,Unknown
82,Lady Marmalade,"39,088","1,302",C,Unknown
85,Laugh Now Cry Later,"38,334","1,277",Start,Unknown
86,Hey Jude,"37,797","1,259",FA,Unknown
87,Hello,"37,745","1,258",C,Unknown
89,Gangsta's Paradise,"37,240","1,241",C,Unknown
92,Blackbird,"36,897","1,229",C,Unknown
94,Smells Like Teen Spirit,"36,580","1,219",FA,Unknown
95,Blinded by the Light,"36,438","1,214",Start,Unknown
97,I Think We're Alone Now,"35,680","1,189",C,Unknown
100,Billie Jean,"35,251","1,175",GA,Unknown
105,Blurred Lines,"34,647","1,154",C,Unknown
107,Africa,"34,242","1,141",C,Unknown
111,Death Bed,"33,549","1,118",Stub,Unknown
112,Bad Guy,"33,297","1,109",GA,Unknown
113,Mia Khalifa,"33,108","1,103",GA,Unknown
115,White & Nerdy,"32,983","1,099",C,Unknown
116,Say So,"32,664","1,088",C,Unknown
119,Cardigan,"32,367","1,078",C,Unknown
121,Mad World,"31,906","1,063",C,Unknown
126,Layla,"31,520","1,050",C,Unknown
127,You're So Vain,"31,372","1,045",C,Unknown
130,Shallow,"30,951","1,031",GA,Unknown
135,Dixie,"30,349","1,011",C,Unknown
138,Return of the Mack,"29,937",997,Start,Unknown
139,Sweet Home Alabama,"29,885",996,C,Unknown
140,Take On Me,"29,825",994,GA,Unknown
141,This Is America,"29,515",983,C,Unknown
142,Macarena,"29,453",981,B,Unknown
143,Ameno,"29,398",979,Stub,Unknown
147,La Vie en rose,"28,651",955,Start,Unknown
149,Nothing Compares 2 U,"28,506",950,C,Unknown
151,Sinner Man,"28,429",947,Start,Unknown
153,Bitter Sweet Symphony,"28,389",946,C,Unknown
154,Bloody Valentine,"28,360",945,Stub,Unknown
157,Hey Ya!,"28,138",937,GA,Unknown
158,Money for Nothing,"27,887",929,C,Unknown
164,See You Again,"27,497",916,C,Unknown
165,Girls Like You,"27,286",909,Start,Unknown
166,Purple Rain,"27,247",908,C,Unknown
169,Waka Waka,"27,208",906,GA,Unknown
172,My Way,"27,089",902,Start,Unknown
175,25 or 6 to 4,"26,898",896,C,Unknown
176,Killing in the Name,"26,832",894,C,Unknown
177,Someone You Loved,"26,776",892,Start,Unknown
178,Betty,"26,772",892,Start,Unknown
181,Greensleeves,"26,504",883,C,Unknown
182,"America","26,394",879,Start,Unknown
185,Solomon Grundy,"26,240",874,Start,Unknown
186,Levitating,"26,216",873,C,Unknown
187,Golden Brown,"26,198",873,C,Unknown
190,Mood,"26,014",867,C,Unknown
191,Creep,"25,961",865,C,Unknown
192,Tears in Heaven,"25,935",864,C,Unknown
193,My Heart Will Go On,"25,931",864,C,Unknown
194,"Que Sera, Sera","25,738",857,Start,Unknown
196,Stuck with U,"25,698",856,C,Unknown
199,November Rain,"25,350",845,C,Unknown
201,California Dreamin',"25,179",839,C,Unknown
203,Eye of the Tiger,"25,120",837,C,Unknown
205,Tainted Love,"24,995",833,C,Unknown
209,Sweet but Psycho,"24,647",821,GA,Unknown
210,Smooth Criminal,"24,634",821,C,Unknown
213,Memories,"24,603",820,Start,Unknown
215,Careless Whisper,"24,390",813,C,Unknown
216,A Whiter Shade of Pale,"24,382",812,C,Unknown
217,The Girl from Ipanema,"24,379",812,Start,Unknown
219,Stacy's Mom,"24,276",809,Start,Unknown
224,Knockin' on Heaven's Door,"23,891",796,C,Unknown
226,Viva la Vida,"23,737",791,B,Unknown
230,Rockstar,"23,406",780,Start,Unknown
231,Say Something,"23,337",777,Stub,Unknown
233,Proud Mary,"23,195",773,Start,Unknown
234,Always on My Mind,"23,144",771,Start,Unknown
235,Shape of You,"23,122",770,C,Unknown
236,Sicko Mode,"23,084",769,Start,Unknown
240,Sweet Dreams,"22,969",765,B,Unknown
241,Holy,"22,951",765,Stub,Unknown
244,I Can Only Imagine,"22,829",760,GA,Unknown
245,Beat It,"22,746",758,GA,Unknown
246,Baba O'Riley,"22,691",756,C,Unknown
248,Fly Me to the Moon,"22,650",755,Start,Unknown
256,Savage,"22,310",743,C,Unknown
267,Ode to Billie Joe,"22,020",734,C,Unknown
275,Strange Fruit,"21,752",725,C,Unknown
277,Tik Tok,"21,714",723,GA,Unknown
278,Come On Eileen,"21,677",722,C,Unknown
279,Jeremy,"21,665",722,C,Unknown
282,Jolene,"21,584",719,Start,Unknown
283,Don't Stop Believin',"21,501",716,C,Unknown
284,Every Breath You Take,"21,447",714,C,Unknown
285,Come Together,"21,395",713,C,Unknown
286,Jocelyn Flores,"21,340",711,Start,Unknown
287,Semi-Charmed Life,"21,230",707,C,Unknown
292,Sympathy for the Devil,"21,060",702,C,Unknown
295,I Will Survive,"21,018",700,Start,Unknown
299,Exile,"20,909",696,Start,Unknown
300,Wagon Wheel,"20,900",696,C,Unknown
302,The Weight,"20,885",696,C,Unknown
304,Space Oddity,"20,849",694,C,Unknown
305,Barbie Girl,"20,837",694,C,Unknown
308,Moon River,"20,711",690,C,Unknown
309,Smile,"20,675",689,Start,Unknown
310,Dreams,"20,634",687,C,Unknown
311,Higher Love,"20,631",687,Start,Unknown
312,Sweet Child o' Mine,"20,532",684,C,Unknown
313,La Bamba,"20,513",683,Start,Unknown
314,Love Story,"20,498",683,GA,Unknown
318,Heart of Glass,"20,437",681,C,Unknown
321,Mrs. Robinson,"20,414",680,C,Unknown
503,Autumn Leaves (1945 song),"16,116",537,Start,Unknown
509,When I Look at You,"16,050",535,GA,Unknown
510,Life Is a Highway,"16,047",534,Start,Unknown
511,Dancing Queen,"16,031",534,C,Unknown
512,Crazy Little Thing Called Love,"16,028",534,Start,Unknown
513,Good Vibrations,"16,027",534,GA,Unknown
514,Look What You Made Me Do,"16,027",534,C,Unknown
515,Still D.R.E.,"16,018",533,Start,Unknown
516,"Ob-La-Di, Ob-La-Da","16,015",533,C,Unknown
518,Running Up That Hill,"15,987",532,C,Unknown
520,Guantanamera,"15,982",532,C,Unknown
521,My Sharona,"15,981",532,C,Unknown
523,Landslide (Fleetwood Mac song),"15,967",532,Start,Unknown
524,Changes (Tupac Shakur song),"15,950",531,Start,Unknown
525,Iris (song),"15,938",531,C,Unknown
526,Lovely Day,"15,924",530,C,Unknown
527,Poker Face (Lady Gaga song),"15,914",530,GA,Unknown
532,"Hush, Little Baby","15,857",528,Stub,Unknown
533,They Don't Care About Us,"15,849",528,GA,Unknown
534,"Swing Low, Sweet Chariot","15,835",527,C,Unknown
536,The Final Countdown (song),"15,804",526,C,Unknown
537,Free Bird,"15,760",525,C,Unknown
539,(Everything I Do) I Do It for You,"15,750",525,Start,Unknown
541,Bennie and the Jets,"15,733",524,Start,Unknown
543,What's Love Got to Do with It (song),"15,681",522,Start,Unknown
545,The Great Pretender,"15,661",522,Start,Unknown
546,The Power of Love (Jennifer Rush song),"15,640",521,C,Unknown
548,Magnificat,"15,609",520,Start,Unknown
549,Take You Dancing,"15,605",520,Stub,Unknown
550,Bring Me to Life,"15,600",520,C,Unknown
551,(Sittin' On) The Dock of the Bay,"15,593",519,C,Unknown
552,Remove Kebab,"15,575",519,Stub,Unknown
553,Bad Blood (Taylor Swift song),"15,538",517,C,Unknown
554,Gloria in excelsis Deo,"15,524",517,C,Unknown
555,Jessica (instrumental),"15,502",516,Start,Unknown
556,Pillowtalk (song),"15,500",516,B,Unknown
557,"He Ain't Heavy, He's My Brother","15,498",516,Start,Unknown
559,Suicide Is Painless,"15,447",514,Start,Unknown
560,Umbrella (song),"15,435",514,GA,Unknown
561,Wuthering Heights (song),"15,433",514,Start,Unknown
562,The Boys of Summer (song),"15,425",514,C,Unknown
564,Escape (The Piña Colada Song),"15,370",512,Start,Unknown
565,Hey Diddle Diddle,"15,359",511,Start,Unknown
567,Dream a Little Dream of Me,"15,353",511,Start,Unknown
568,The Muffin Man,"15,336",511,Start,Unknown
569,Mr. Bojangles (song),"15,329",510,Start,Unknown
570,Taki Taki (song),"15,327",510,C,Unknown
572,Sour Candy (Lady Gaga and Blackpink song),"15,305",510,Start,Unknown
574,A Little Less Conversation,"15,289",509,Start,Unknown
575,Axel F,"15,265",508,C,Unknown
576,La Cucaracha,"15,238",507,C,Unknown
577,Nothing's Gonna Stop Us Now,"15,230",507,Start,Unknown
578,Walk on the Wild Side (Lou Reed song),"15,222",507,C,Unknown
579,When Johnny Comes Marching Home,"15,213",507,Start,Unknown
580,All the Things She Said,"15,183",506,B,Unknown
582,Out Here on My Own,"15,125",504,Start,Unknown
583,Brown Eyed Girl,"15,078",502,C,Unknown
585,Sukiyaki (song),"15,067",502,Start,Unknown
586,Black or White,"15,047",501,C,Unknown
587,I Love Rock 'n' Roll,"15,033",501,C,Unknown
588,Sign of the Times (Harry Styles song),"15,020",500,C,Unknown
589,There was an Old Woman Who Lived in a Shoe,"15,019",500,Start,Unknown
590,Hey Joe,"14,947",498,C,Unknown
591,Hatikvah,"14,919",497,Start,Unknown
592,Solsbury Hill (song),"14,902",496,Start,Unknown
593,Witch Doctor (song),"14,889",496,Start,Unknown
595,Drunken Sailor,"14,855",495,Start,Unknown
596,How to Save a Life,"14,850",495,C,Unknown
597,Daisies (song),"14,849",494,C,Unknown
599,Sexx Laws,"14,835",494,Stub,Unknown
600,I Shot the Sheriff,"14,807",493,Start,Unknown
601,No Time to Die (song),"14,798",493,C,Unknown
602,I Don't Want to Miss a Thing,"14,789",492,Start,Unknown
603,Adam's Song,"14,782",492,GA,Unknown
604,How Great Thou Art,"14,780",492,C,Unknown
605,I Feel Love,"14,765",492,Start,Unknown
608,Bad Romance,"14,728",490,GA,Unknown
609,500 Miles,"14,714",490,Stub,Unknown
