12Riven: The Psi-Climinal of Integral,2008,"KID, Cyberfront","KID, Cyberfront, SDR Project"
3D Body Adventure,1995,Knowledge Adventure,Levande Böcker
7 Wonders of the Ancient World,2007,Hot Lava Games,MumboJumbo
A2 Racer,1997,Davilex Games,Davilex Games
Act of War: High Treason,2006,Eugen Systems,Atari
Adrift,2015,Three One Zero,505 Games
After...,2003,Ciel,Ciel
Age of Empires,1997,Ensemble Studios,Microsoft Game Studios
Age of Empires III: The Asian Dynasties,2007,Ensemble StudiosBig Huge Games,Microsoft Game Studios
Age of Wanderers,2003,Joymax,OSC
Ai Space,2008,Ai Space Production Committee,Ai Space Production Committee
Akatsuki Blitzkampf,2007,Subtle Style,Subtle Style
Alice: An Interactive Museum,1994,Toshiba-EMI Ltd,Synergy Interactive Crop.
Aliens vs. Predator,2010,Rebellion Developments,Sega
Alpha Protocol,2009,Obsidian Entertainment,Sega
American McGee's Alice,2000,Rogue Entertainment,Electronic Arts
Anarchy Online,2001,Funcom,Funcom
Animaniacs Game Pack,1997,Funnybone Entertainment,Warner Bros. Interactive
Anodyne,2013,Analgesic Productions,Analgesic Productions
Apprentice,2003,Herculean Effort Productions,Herculean Effort Productions
Area 51,2005,Midway Austin,Midway
Army Men: Air Tactics,2000,3DO,3DO
Asda Story,2008,MaxOn Soft Corp,gamescampus.com
Assassin's Creed: Brotherhood,2010,Ubisoft Montreal,Ubisoft
Asterix & Obelix,1996,Infogrames,Infogrames
Astro Battle,2004,Lava Lord Games,
Atlantis II,1999,Cryo Interactive,Dreamcatcher Interactive
Attack on Pearl Harbor,2007,Legendo Entertainment,Legendo Entertainment
Auto Assault,2006,NetDevil,NCsoft
Avernum 2,2000,Spiderweb Software,Spiderweb Software
Axis & Allies,2004,TimeGate Studios,Atari
Babyz,1999,Andrew Stern,Mindscape
Bad Day L.A.,2006,Enlight,Enlight
Baldur's Gate: Tales of the Sword Coast,1999,BioWare,"Black Isle Studios, Interplay Entertainment"
The Banner Saga 2,2016,Stoic Studio,Versus Evil
Barbie Super Sports,1999,Runecraft,Mattel Media
Battle Arena Toshinden 2,1995,"Tamsoft, Shintarou Nakaoka","Takara, Toshiaki Ota"
Battle Realms: Winter of the Wolf,2002,Liquid Entertainment/Crave,Ubisoft
Battlefield 4,2013,EA DICE,Electronic Arts
Battleground: Bulge-Ardennes,1995,TalonSoft,TalonSoft
Battleground 9: Chickamauga,1998,TalonSoft,TalonSoft
Beast Wars: Transformers,1997,Hasbro Interactive,Hasbro Interactive
Bella Sara,2008,Hidden City Games,Codemasters
Big Bang Beat,2007,NRF,AliceSoft
Big Rigs: Over the Road Racing,2003,Stellar Stone,GameMill Publishing
The Binding of Issac: Wrath of the Lamb,2012,Edmund McMillen and Florian Himsl,Edmund McMillen
Birth of America,2006,SEP BOA,AGEOD
Black & White: Creature Isle,2002,Lionhead Studios,Electronic Arts
Blasphemous,2019,The Game Kitchen,Team17
Block Breaker Deluxe,2004,Gameloft,Gameloft
BloodRayne 2,2004,Terminal Reality,"Majesco Entertainment, THQ"
Bolt,2008,Avalanche Software,Disney Interactive Studios
Boogie Bunnies,2008,Artech Studios,Sierra Online
Brain Exercise with Dr. Kawashima,2009,Namco Bandai,Namco Bandai
Brawlhalla,2017,Blue Mammoth Games,Ubisoft
Brick Breaker,2016,Sanuk Games,Bigben Interactive S.A.
Broken Sword: The Sleeping Dragon,2003,Revolution Software,THQ
Bubsy: Paws on Fire!,2019,Choice Provisions,Accolade
Bully,2006,Rockstar Vancouver,Rockstar Games
Cabela's 4x4 Off-Road Adventure 2,2001,Clever's Software Development,Activision Value
Cabela's Big Game Hunter III: The Next Harvest,1999,Elsinore Multimedia,"Activision Publishing, Inc."
Cabela's Dangerous Hunts 2,2005,Sand Grain Studios,"Activision, Zoo Digital Publishing"
Cabela's Ultimate Deer Hunt 2,2002,"Sylum Entertainment, Ltd.","Activision Publishing, Inc."
Call of Duty 4: Modern Warfare,2007,Infinity Ward,Activision
Call to Power II,2000,Activision,Activision
Capitalism II,2001,Enlight,Ubisoft
Carmageddon,1997,Stainless Software Ltd.,SCi Games Ltd.
Carnivores,1998,Action Forms,WizardWorks
Casino Empire,2002,Sierra Entertainment,Sierra Entertainment
Castlevania,2002,Konami,Konami
Caucasus: Nanatsuki no Nie,2009,Innocent Grey,Innocent Grey
Centipede,1998,"Atari, Leaping Lizard",Hasbro Interactive
Championship Manager: Season 03/04,2003,Sports Interactive,Eidos Interactive
Chaos Legion,2003,Capcom Production Studio 6,Capcom
Chess Crusade,2008,Slam Games,"Destination Software, Zoo Digital Publishing"
Chessmaster 10th Edition,2004,Ubisoft,Ubisoft
Chicken Shoot,2003,Toontraxx,Zuxxez/TopWare Interactive
Chrome: SpecForce,2005,Techland,Deep Silver
Chrono Resurrection,2004,Resurrection Games,Resurrection Games
The City Beneath,2007,Caravel Games,Caravel Games
Civilization III: Conquests,2003,BreakAway Games,Atari
Clan Lord,1998,Delta Tao Software,Delta Tao Software
Close Combat,1996,Atomic Games,Microsoft
Closure,2012,Eyebrow Interactive,Eyebrow Interactive
The ClueFinders 4th Grade Adventures: Puzzle of the Pyramid,1998,The Learning Company,The Learning Company
Cocoto Kart Racer,2005,Neko Entertainment,"BigBen Interactive, Conspiracy Entertainment"
Codename: Panzers,2004,StormRegion,CDV
Colin McRae Rally 3,2002,Codemasters,Codemasters
Comanche 4,2001,"NovaLogic, Inc.","Electronic Arts, Inc."
Combined Arms,2009,Free Imagination Group,Sony Online Entertainment
Command & Conquer: Red Alert 2,2000,Westwood Pacific,EA Games
Commandos 2: Men of Courage,2001,Pyro Studios,Eidos Interactive
Company of Heroes: Tales of Valor,2009,Relic Entertainment,THQ
Conquer Online,2004,TQ Digital Entertainment,NetDragon WebSoft Inc
Contra,2002,Konami,Konami
Cossacks: European Wars,2001,GSC Game World,Strategy First
Cracking the Conspiracy,1998,Pixel Shop Inc.,Pixel Shop Inc.
Creator: Harry Potter and the Chamber of Secrets,2002,Qube Software,Lego Interactive
Cricket 2002,2002,HB Studios,EA Sports
Criminal Minds,2012,Legacy Games,Legacy Games
Cruise Ship Tycoon,2003,Cat Daddy Games,"Activision Value Publishing, Inc."
The Crystal Key,2000,Earthlight Productions,"DreamCatcher Interactive, The Adventure Company"
Cuban Missile Crisis: The Aftermath,2005,G5 Software,"1C Company, Black Bean, Strategy First"
The Curse of Monkey Island,1997,LucasArts,LucasArts
D,1995,Warp,Acclaim Entertainment
Dance Praise 2: The ReMix,2007,Digital Praise,Digital Praise
Darius Gaiden,1997,Taito,GamebankCyberfrontMediaKiteInterplay EntertainmentConspiracy Entertainment
Dark Fall II: Lights Out,2004,Darkling Room,"The Adventure Company, Darkling Room"
Dark Souls: Remastered,2018,QLOC,Bandai Namco Entertainment
Darklight Conflict,1997,Rage Software,Electronic Arts
Darwinia,2005,Introversion Software,Introversion Software
Daytona USA,1996,"Sega-AM2, Sega-AM4","Sega, Hasbro Interactive, Infogrames"
Dead Man's Hand,2004,Human Head Studios,Atari
Dead to Rights II,2005,Widescreen Games,Namco
Deal or No Deal,2006,Gravity-i,Mindscape
DeathSpank,2010,Hothead Games,Hothead Games
Deer Avenger 3D,2000,Hypnotix,Simon & Schuster Interactive
Deer Hunter II: Extended Season,1998,Sunstorm Interactive,WizardWorks
Deer Hunter Tournament,2008,Southlogic Studios,Atari
Delicious - Emily's Hopes and Fears,2015,Blue Giraffe,GameHouse
Delta Force: Land Warrior,2000,NovaLogic,NovaLogic
Democracy 3,2013,Positech Games,
Descent 3: Mercenary,1999,Outrage Entertainment,Interplay Productions
Desperados III,2020,Mimimi Games,THQ Nordic
Deus Ex: Human Revolution,2011,Eidos Montréal,Square Enix
Diablo,1996,Blizzard North,"Blizzard Entertainment, Ubisoft"
Die Hard Trilogy,1996,Probe Entertainment,Fox Interactive
Diner Dash 2: Restaurant Rescue,2006,PlayFirst,PlayFirst
Dirt Track Racing,2000,Ratbag Games,Ratbag Games
Disease: Hidden Object,2020,Opera House Corporation,D3 Publisher
Disney's Villains' Revenge,1999,Disney Interactive,Disney Interactive
Doctor Who: Destiny of the Doctors,1997,Studio Fish,BBC Multimedia
"Dominions: Priests, Prophets and Pretenders",2002,Illwinter Game Design,Shrapnel Games
Dōsei,1997,Tactics,Nexton
Dr. Brain: Action Reaction,1999,Knowledge Adventure,Knowledge Adventure
Dragon Age II,2011,BioWare,Electronic Arts
Dragon Riders: Chronicles of Pern,2001,Ubi Studios UK,Ubisoft
Drake of the 99 Dragons,2003,Idol FX,Majesco Entertainment
Driftmoon,2013,Interactive Kingdom,Interactive Kingdom
Drowned God: Conspiracy of the Ages,1996,Epic Multimedia Group,Inscape
Dungeon Keeper,1997,Bullfrog Productions,Electronic Arts
Dungeon Siege,2002,Gas Powered Games,Microsoft Game Studios
DX-Ball,1996,Michael P. Welch,
Earache: Extreme Metal Racing,2006,Data Design Interactive,Data Design Interactive
Earth Universe,2005,Reality PumpTopWare Interactive,ZUXXEZ Entertainment
Echelon,2001,MADia Entertainment,BUKA
Edna & Harvey: The Breakout,2008,Daedalic Entertainment,Daedalic Entertainment
The Elder Scrolls III: Bloodmoon,2003,Bethesda Softworks,Bethesda Softworks
Elf Bowling,1999,"NStorm, Inc.","NStorm, Inc."
Elven Legacy,2009,1C Company,Paradox Interactive
Empire Deluxe Enhanced Edition,2004,Killer Bee Software,Killer Bee Software
Empire of the Ants,2000,Microids,Microids
Enemy Nations,1997,Windward Studios,Head Games Publishing
Eragon,2006,"Stormfront Studios, Amaze Entertainment",Vivendi Universal Games
Eternal Silence,2006,Crankshaft Games,Valve
Euroleague Basketball Manager,2008,U-Play Studios,U-Play Studios
Europa Universalis: Rome,2008,Paradox Interactive,Paradox Interactive
EverQuest II: East,2005,Sony Online Entertainment,Gamania
EverQuest: The Serpent's Spine,2006,Sony Online Entertainment,Sony Online Entertainment
Evil Islands: Curse of the Lost Soul,2000,Nival Interactive,Nival Interactive
Evoland 2,2015,Shiro Games,Shiro Games
Extreme-G 2,1998,Probe Entertainment,Acclaim Entertainment
The F.A. Premier League Football Manager 2002,2002,EA UK,EA Sports
F1 Racing Championship,2000,Ubisoft,Video System
Fahrenheit: Indigo Prophecy Remastered,2015,"Quantic Dream, Aspyr",Aspyr
Falcon 4.0: Allied Force,2005,Lead Pursuit,Graphsim EntertainmentExcalibur Publishing
Fallout 76,2018,Bethesda Game Studios,Bethesda Softworks
Fantasy Wars,2007,Ino-Co,"1C Company, Nobilis France"
Fast Food Tycoon 2,2001,Software 2000,Activision Value
Feudal Alloy,2019,Attu Games,Attu Games
FIFA 12,2011,EA Canada,EA Sports
FIFA 20,2019,"EA Vancouver, EA Romania",EA Sports
FIFA Football 2005,2004,EA Canada,Electronic Arts
FIFA Soccer Manager,1997,EA Sports,EA Sports
Final Fantasy VII,1997,Square Co.,Eidos Interactive
Finding Teddy II,2015,Storybird,LookAtMyGame
First Queen,1994,Kure Software Koubou,Culture Brain
Fleet Command,1999,Sonalysts Combat Simulations,"Electronic Arts, Strategy First"
Flyable Heart,2009,UNiSONSHIFT: Blossom,UNiSONSHIFT
Football Manager 2008,2007,Sports Interactive,Sega
Forge of Freedom: The American Civil War,2006,Western Civilization Software,Matrix Games
Fortnite Battle Royale,2017,Epic Games,Epic Games
Freddi Fish and Luther's Maze Madness,1996,Humongous Entertainment,Humongous Entertainment
Freak Out: Extreme Freeride,2007,ColdWood Interactive,JoWooD Productions
FreeSpace 2,1999,Volition,Interplay Entertainment
Frogger's Adventures: The Rescue,2003,Konami HWI,Konami
Front Page Sports: Ski Racing,1997,Dynamix,Sierra On-Line
Fuck Quest,2004,Richard Eter,
Full Tilt! Pinball,1996,Cinematronics,Microsoft
Fur Fighters,2000,Bizarre Creations,Acclaim
FX Fighter Turbo,1996,Argonaut Software Ltd.,GTE Entertainment
Gabriel Knight: Sins of the Fathers,1993,Sierra On-Line,Sierra On-Line
Galactic Civilizations II: Endless Universe,2008,Stardock,Kalypso Media
Garden Rescue,2015,Rainbow Games,Rainbow Games
Gearhead Garage,1999,Mekada,Activision
Geneforge,2001,Spiderweb Software,Spiderweb Software
Genesys,2000,"Cybele Productions, Wanadoo Edition","Cybele Productions, Wanadoo Edition"
Ghost Blade HD,2017,Hucast,Hucast
Giri Giri Love,2002,Hayashi-Gumi,Hayashi-Gumi
Global Operations,2002,Barking Dog Studios,Crave Entertainment
The Godfather II,2009,EA Redwood Shores,Electronic Arts
Gore: Ultimate Soldier,2002,4D Rulers,DreamCatcher Games
Grand Prix 3,2000,MicroProse,Hasbro Interactive
Grand Theft Auto V,2015,Rockstar North,Rockstar Games
Great Invasions,2005,"Philippe Thibaut, Luca Cammisa","Nobilis, Strategy First"
Grid 2,2013,Codemasters,Codemasters
Ground Control II: Operation Exodus,2004,Massive Entertainment,Vivendi Universal
Guild Wars 2,2012,ArenaNet,NCsoft
Guitar Hero III: Legends of Rock,2007,Aspyr Media,Activision
Gunrox,2008,Enkord,Enkord
Half-Life 2: Episode One,2006,Valve,Valve
Happy Feet,2006,Artificial Mind and Movement,Midway Games
Harry Potter and the Order of the Phoenix,2007,Electronic Arts,Electronic Arts
A Hat in Time,2017,Gears for Breakfast,Humble Bundle
Hearts of Iron III,2009,Paradox Interactive,Paradox Interactive
Hellbender,1996,Terminal Reality,Microsoft
Heretic II,1998,Raven Software,Activision
Heroes of Might and Magic,1995,"New World Computing, Inc.",Softgold Computerspiele GmbH
Heroes of Might and Magic IV: The Gathering Storm,2002,New World Computing,3DO
Heroes of the Pacific,2005,Transmission Games,Codemasters
Hidden & Dangerous,1999,Illusion Softworks,"Take-Two Interactive, TalonSoft, Global Star Software, Gathering of Developers"
Highlander: The Game,2010,Widescreen Games,Square Enix
Hitman: Blood Money,2006,IO Interactive,Eidos Interactive
Homefront,2010,Kaos Studios,THQ
Hopkins FBI,1998,MP Entertainment,MP Entertainment
Hot Wheels Velocity X,2002,Beyond Games,THQ
The House of the Dead 2,1999,Wow Entertainment,Sega
Hoyle Card Games,1999,Sierra On-Line,Sierra On-Line
Hoyle Slots,2001,Sierra On-Line,Sierra On-Line
Huxley,2009,Webzen Games,"Webzen Games, NHN"
I Spy Spooky Mansion Deluxe,2005,Scholastic,Scholastic
Iced!,2008,Breakthrough,Breakthrough
Imagine: Animal Doctor,2007,Ubisoft,Ubisoft
Imperishable Night,2004,Team Shanghai Alice,Team Shanghai Alice
In Memoriam,2003,Lexis Numerique,"Ubisoft, The Adventure Company"
The Incredibles: Rise of the Underminer,2005,"Yuke's, Pacific Coast Power & Light","THQ, Capcom"
Industry Giant,1998,JoWood Productions,Interactive Magic
Inkawar,2007,Luis Grimaldo,
Intellivision Rocks,2001,Intellivision Productions,Intellivision Productions
International Rally Championship,1997,Magnetic Fields,"Interplay Entertainment, THQ, Europress"
Iron Grip: Warlord,2008,Isotx,Isotx
The Italian Job,2001,Pixelogic,"SCi, Global Star Software"
James Bond 007: Nightfire,2002,"Eurocom, Gearbox Software, Aspyr, JV Games","Electronic Arts, MGM Interactive"
Jaws Unleashed,2006,Appaloosa Interactive,Majesco Entertainment
Jimmy Neutron vs. Jimmy Negatron,2002,AWE Games,THQ
Joint Operations: Typhoon Rising,2004,NovaLogic,NovaLogic
Juiced,2005,Juice Games,THQ
JumpStart Spy Masters: Max Strikes Back,2001,Knowledge Adventure,Knowledge Adventure
Just Cause 2,2010,Avalanche Studios,Eidos Interactive
Karma II,2009,"Dragonfly, Futureport, Blueside",Dragonfly
Killing Floor,2009,Tripwire Interactive,Tripwire Interactive
Kingpin: Life of Crime,1999,Xatrix Entertainment,Interplay Entertainment
KnightOut,TBA,2nd Studio,2nd Studio
Kono Aozora ni Yakusoku o,2006,Giga,Giga
Kusari,2005,Leaf,Aquaplus
Lamplight City,2018,Grundislav Games,Application Systems
Laser Squad Nemesis,2003,Codo Technologies,"Got Game, Merscom"
La Tale,2006,Actoz Soft,"Actoz Soft, OGPlanet, Gamepot, Shanda, Aeria Games"
Learning Adventures! I Can Be an Animal Doctor,1998,Cloud 9 Interactive,Macmillan Digital Publishing
Legacy of Flan 2: Flans Online,2003,Scott Cawthon,
The Legend of Mir 2,2001,WeMade Entertainment,Actoz Soft
Lego City Undercover,2017,TT Fusion,Warner Bros. Interactive Entertainment
Lego Loco,1998,Intelligent Games,Lego Media
Lego Stunt Rally,2000,Intelligent Games,Lego Media
Lemonade Tycoon,2002,"Hexacto, Jamdat","Airborne, MacPlay, EA Mobile, Broderbund"
Lifeforce Tenka,1997,Psygnosis,Psygnosis
Lines Millenium,2000,,
Live for Speed,2003,LFS Team,LFS Team
Longbow 2,1997,Origin Systems,"Jane's Combat Simulations, Electronic Arts"
Lord of the Rings: The Fellowship of the Ring,2002,The Whole Experience Surreal Software,Universal Interactive
Lose Your Marbles,1997,SegaSoft,SegaSoft
Lost: Via Domus,2008,Ubisoft Montreal,Ubisoft
Lunar: Silver Star Story Complete,1999,DigiCube,DigiCube
Luxor: Quest for the Afterlife,2008,MumboJumbo,MumboJumbo
Mad Tracks,2006,Load Inc.,Micro Application
Madden NFL 2002,2001,"EA Tiburon, Budcat Creations",EA Sports
Madden NFL 20,2019,EA Tiburon,EA Sports
Magic and Mayhem,1998,Mythos Games,"Virgin Interactive, Bethesda Softworks"
Magna Carta: The Phantom of Avalanche,2001,Softmax,Wizard Soft
Maji de Watashi ni Koi Shinasai!,2009,Minato Soft,Minato Soft
Mall Tycoon 2,2003,"Fusion Digital Games, Virtual Playground",Global Star Software
Marathon 2: Durandal,1995,Bungie,Bungie
Marvel Trading Card Game,2007,Vicious Cycle Software,Konami
Master of the Skies: The Red Ace,2000,Fiendish Games,Small Rockets
The Maw,2009,Twisted Pixel Games,Microsoft
MechCommander,1998,FASA Interactive,MicroProse
Medal of Honor: Airborne,2007,EA Los Angeles,Electronic Arts
Medieval II: Total War: Kingdoms,2007,The Creative Assembly,Sega
Mega Man X4,1997,Capcom,Capcom
Mercenaries 2: World in Flames,2008,Pandemic Studios,Electronic Arts
Metal Gear Rising: Revengeance,2013,PlatinumGames,Konami
Michelin Rally Masters: Race of Champions,2000,Digital Illusions CE,Infogrames
Microsoft Flight Simulator for Windows 95,1996,Microsoft,Microsoft
Microsoft Golf 2001 Edition,2000,Microsoft,Microsoft
Midnight Rescue!,1995,The Learning Company,The Learning Company
Might and Magic VI: The Mandate of Heaven,1998,New World Computing,Ubisoft
MindRover,2000,CogniToy,CogniToy
Mission: T.H.I.N.K.,1999,The Learning Company,The Learning Company
Mobility,2001,Glamus,Glamus
Monopoly Casino,1999,Leaping Lizard Software,Hasbro Interactive
Monster Madness: Battle for Suburbia,2007,Artificial Studios,SouthPeak Games
Moon Tycoon,2001,Legacy Interactive,Anarchy Enterprises
Mortal Kombat X,2015,"NetherRealm Studios, High Voltage Software",Warner Bros. Interactive Entertainment.
Motocross Madness 2,2000,Rainbow Studios,Microsoft Games
MotoGP 19,2019,Milestone srl,Milestone srl
The Movies,2005,Lionhead Studios,Activision
Muppets Inside,1996,Starwave,Starwave
Myst III: Exile,2001,Presto Studios,Ubisoft
Mystery Case Files: Ravenhearst,2006,Big Fish Studios,Big Fish Games
Myth II: Chimera,1999,Bungie,Bungie
Nancy Drew: The Haunting of Castle Malloy,2008,Her Interactive,Her Interactive
NASCAR 2000,2000,"EA Sports, Stormfront Studios",EA Sports
NASCAR Racing 4,2001,Papyrus Design Group,Sierra Entertainment
Natural Selection 2,2009,Unknown Worlds Entertainment,Unknown Worlds Entertainment
NBA 2K17,2016,Visual Concepts,2K Sports
NBA Live 2000,1999,Electronic Arts Canada,Electronic Arts
NBA Live 08,2007,"EA Canada, HB Studios Multimedia",EA Sports
Need for Speed II: Special Edition,1997,"EA Seattle, EA Canada",Electronic Arts
Need for Speed: Most Wanted,2005,EA Canada,Electronic Arts
Need for Speed: World,2009,"EA Black Box, EA Singapore",Electronic Arts
Need for Speed Heat,2019,Ghost Games,Electronic Arts
Neon Genesis Evangelion: Iron Maiden 2nd,2005,Gainax,BROCCOLI
netKar Pro,2006,Kunos Simulazioni,Kunos Simulazioni
Neverwinter Nights 2,2006,Obsidian Entertainment,Atari
New York Race,2001,Kalisto Entertainment,Wanadoo Edition
NHL 98,1997,EA Canada,EA Sports
NHL 06,2005,"EA Canada, HB Studios",EA Sports
Nickelodeon Party Blast,2002,Data Design Interactive,Atari
Nightmare Creatures,1997,Kalisto Entertainment,Activision
Nocturnal Illusion,1995,Apricot,"Excellents Japan, Jast"
NRL Rugby League,2003,Sidhe Interactive,Home Entertainment Suppliers
Oceanhorn: Monster of Uncharted Seas,2015,Cornfox & Bros.,FDG Entertainment
Oh No! - A Game of Chance,1994,Stephen R. Woods,"Financial Systems Associates, Inc."
One Piece: Pirate Warriors 3,2015,Omega Force,Bandai Namco Entertainment
Only If,2014,Creability,Creability
Operation Neptune,1995,The Learning Company,The Learning Company
The Oregon Trail II,1995,MECC,Softkey
Osmos,2009,Hemisphere Games,Hemisphere Games
Outlaw Golf,2002,Hypnotix,Global Star Software
Overboard!,1997,Psygnosis,Psygnosis
Ozzie's Science,1995,Digital Impact,MicroMedia Publishers Inc.
Pac-Man: Adventures in Time,2000,Creative Asylum,Hasbro Interactive
Pajama Sam 3: You Are What You Eat from Your Head to Your Feet,2001,Humongous Entertainment,GT Interactive Software
Panzer Elite,1999,Wings Simulations,"Psygnosis, JoWooD Productions Software"
Parabellum,2009,Acony,K2 Network
Pathologic,2005,Ice-Pick Lodge,Buka Entertainment
Peggle,2007,PopCap Games,PopCap Games
Perfect Cherry Blossom,2003,Team Shanghai Alice,Team Shanghai Alice
PGA Championship Golf 2000,2000,Headgate Studios,Sierra Sports
Phantasy Star Universe: Ambition of the Illuminus,2007,Sonic Team,Sega
Playtoons No. 5: The Stone of Wakan,1995,Coktel Vision,Sierra Entertainment
Pirates of the Burning Sea,2008,Flying Lab Software,"Sony Online Entertainment, Akella, Gamearena"
Pixel Piracy,2013,Quadro Delta,Quadro Delta
Plants vs. Zombies,2009,PopCap Games,PopCap Games
Pokémon Project Studio,1999,Leisure Concepts,The Learning Company
Pony World 3,2015,Rhema Press,PLAY sp zoo
"Port Royale: Gold, Power and Pirates",2003,Ascaron Entertainment,Tri-Synergy
Postal,1997,Running with Scissors,Ripcord Games
PoxNora,2006,Sony Online Entertainment,Sony Online Entertainment
Prince of Persia,2008,Ubisoft Montreal,Ubisoft
Prism: Light the Way,2007,Morpheme Game Studios,Eidos Interactive
Pro Cycling Manager,2005,Cyanide,Focus
Pro Evolution Soccer 2011,2010,Konami Computer Entertainment Tokyo,Konami
Pro Pinball: Big Race USA,1998,Cunning Development,Empire Interactive
Project I.G.I.,2000,Innerloop Studios,Eidos Interactive
Psi-Ops: The Mindgate Conspiracy,2004,Midway Games,Midway Games
PureSim Baseball 2007,2006,PureSim Software Studios,Matrix Games
Putt-Putt Joins the Parade,1995,Humongous Entertainment,Humongous Entertainment
Puyo Puyo SUN,1998,Compile,Compile
Puzzle Quest: Galactrix,2009,Infinite Interactive,D3 Publisher
Quantum of Solace,2008,Treyarch,Activision
The Quivering,1998,Charybdis,Alternative Software
Rage,2011,id Software,Electronic Arts
Rally Championship,2002,Warthog Games,"SCi, Encore Software Inc."
Rappelz,2009,nFlavor,Gala-Net Inc
Rayman,1995,Ubisoft Montpellier,Ubisoft
Reach for the Stars,2000,Strategic Studies Group,"Strategic Simulations, Inc."
Reader Rabbit Kindergarten: Bounce Down in Balloon Town!,2001,The Learning Company,The Learning Company
Reader Rabbit's Reading 2,1997,The Learning Company,The Learning Company
The Realm Online,1996,"Sierra On-Line, Codemasters, Norseman Games",Sierra On-Line
Recoil,1999,Zipper Interactive,Electronic Arts
Red Faction: Guerrilla,2009,Volition,THQ
Remember Me,2013,Dontnod Entertainment,Capcom
Requiem: Avenging Angel,1999,Cyclone Studios,"3DO, Ubisoft"
Resident Evil 5,2009,Capcom,Capcom
Revelations: Persona,1996,Atlus,Atlus
Richard Burns Rally,2004,Warthog Games,"SCi, Gizmondo Games"
Rig Racer 2,2005,Data Design Interactive,"Destineer, Metro 3D"
Rise of the Triad,2009,Apogee Software,Apogee Software
Road to India,2001,Microids,Microids
Robots,2005,Eurocom,Vivendi Games
Rockman Strategy,2001,Capcom,Capcom
RollerCoaster Tycoon,1999,Chris Sawyer,Hasbro Interactive
Romance of the Three Kingdoms XI,2006,Koei,Koei
Root After and Another,2007,Makura,Makura
RPM Tuning,2004,Babylon Software,Wanadoo Edition
Rugrats in Paris: The Movie,2000,KnowWonder,THQ
Runner3,2018,Choice Provisions,Choice Provisions
Sacred,2004,Ascaron,Encore Games
Sakura Strasse,2008,Palette,Palette
Samurai Shodown II,1996,SNK,SNK
Santa's Secret Valley,1995,AHA! Software,AHA! Software
Scarlet Weather Rhapsody,2008,"Twilight Frontier, Team Shanghai Alice","Twilight Frontier, Team Shanghai Alice"
Scratches,2006,Nucleosys,Got Game Entertainment
"Second Face, AA Second Face",2008,Jospin Le Woltaire,
The Secret of the Nautilus,2001,Cryo Interactive,Cryo Interactive
Secret Weapons Over Normandy,2003,Totally Games,LucasArts
Sega Marine Fishing,2001,"Wow Entertainment, Inc.","Sega, Empire Interactive Europe Ltd."
Sensible Golf,1995,Sensible Software,Virgin Interactive
Serious Sam II,2005,Croteam,2K Games
The Settlers: Rise of an Empire,2007,Blue Byte,Ubisoft
Shadow Warrior 3,2021,Flying Wild Hog,Devolver Digital
Shanghai II: Dragon's Eye,1995,Activision,Activision
Sharin no Kuni: The Girl Among the Sunflowers,2005,Akabeisoft2,Akabeisoft2
Shellshock: Nam '67,2004,Guerrilla Games,Eidos Interactive
Shikkoku no Sharnoth: What a Beautiful Tomorrow,2008,Liar-soft,Liar-soft
Shogo: Mobile Armor Division,1998,Monolith Productions,Monolith Productions
Sid Meier's Alien Crossfire,1999,Firaxis Games,Electronic Arts
Silent Hill 2,2001,Konami,Konami
Silent Hunter 4: Wolves of the Pacific (Collector's Edition),2007,Ubisoft SRL,Ubisoft
Silverfall,2007,Monte Cristo,Monte Cristo
SimCopter,1996,Maxis,Electronic Arts
Simon the Sorcerer 4: Chaos Happens,2007,Silver Style Entertainment,"RTL Enterprises, Playlogic Entertainment"
The Sims,2000,Maxis,Electronic Arts
The Sims 2: Seasons,2007,Maxis,EA Games
The Sims: Livin' Large,2000,Maxis,Electronic Arts
SiN: Wages of Sin,1999,"2015, Inc.",Activision
Skateboard Park Tycoon,2001,Cat Daddy Games,Activision
Slaves to Armok II: Dwarf Fortress,2006,Tarn Adams,Bay 12 Games
Snood,1996,David M. Dobson,Snood World
Soldat,2002,"Nick ""EnEsCe"" Cooper, Michal Marcinkowski",
Solein,2009,ACID.Games,
Sonic Forces,2017,Sonic Team,Sega
Sonic the Hedgehog,2010,Sonic Team,Sega
Soul Link,2004,Navel,Navel
Space Ace,2007,Digital Leisure Inc.,1C Company
Space Empires IV,2000,Malfador Machinations,"Shrapnel Games, Strategy First"
Space Quest 6: Roger Wilco in The Spinal Frontier,1995,Sierra Entertainment,Sierra Entertainment
Special Force 2: Tale of the Truthful Pledge,2007,Central Internet Bureau,Hezbollah
SpeedRunners,2013,DoubleDutch Games,tinyBuild
Spelunky,2008,Derek Yu,Independent
Split/Second,2010,Black Rock Studio,Disney Interactive Studios
Spore Creature Creator,2008,Maxis,Electronic Arts
SpyHunter 2,2003,Angel Studios,Midway Games
StarFlyers: Alien Space Chase,2002,The Learning Company,The Learning Company
Star Trek: Bridge Commander,2002,Totally Games,Activision
Star Trek: New Worlds,2000,14 Degrees East,Interplay Entertainment
Star Trek: The Next Generation: Birth of the Federation,1999,Microprose,Hasbro
Star Wars Galaxies: Jump to Lightspeed,2004,Sony Online Entertainment,LucasArts
Star Wars: Behind the Magic,1998,LucasArts,LucasArts
Star Wars: Knights of the Old Republic II – The Sith Lords,2004,Obsidian Entertainment,LucasArts
Star Wars: The Old Republic,2011,BioWare,LucasArts
Star Wars: X-Wing Trilogy,2000,LucasArts,LucasArts
Stargate Worlds,2009,Cheyenne Mountain Entertainment,FireSky
Starscape,2004,Moonpod,Moonpod
Starwhal: Just the Tip,2014,Breakfall,Breakfall
Steins;Gate,2010,"5pb., Nitroplus",5pb.
Steven Spielberg's Director's Chair,1996,Knowledge Adventure,Knowledge Adventure
Strategic Command: European Theater,2002,Fury Software,Battlefront.com
Streets of SimCity,1997,Maxis,"Maxis, Electronic Arts"
Stronghold: Crusader,2002,Firefly Studios,Take 2 Interactive and God Games
Subterra 2,2009,Crystal Shard,Crystal Shard
SunAge,2007,Vertex4,Lighthouse Interactive
Super Meat Boy,2010,Team Meat,Team Meat
Supreme Commander 2,2010,Gas Powered Games,Square Enix
Survival: The Ultimate Challenge,2001,Techland Software,Activision Value
Switchball,2007,Atomic Elbow,Sierra On-Line
Symbiocom,1998,Istvan Pely Productions,Bethesda Softworks
Tactical Ops: Assault on Terror,1999,Kamehan Studios,Infogrames
Tales of Monkey Island,2009,Telltale Games,Telltale Games
Team Apache,1998,Simis,Mindscape
Telengard,2002,Travis Baldree,
Terminus,2000,Vicarious Visions,Vatical Entertainment LLC
Test Drive 5,1998,Pitbull Syndicate,Accolade
Tetris Worlds,2001,"Radical Entertainment, Blue Planet Software, 3d6 Games",THQ
They Hunger,1999,Black Widow Games,PC Gamer
This Is Where I Want To Die,2013,Marcel Weyers,Marcel Weyers
Throne of Darkness,2001,Click Entertainment,Sierra Studios
Tiger Woods PGA Tour 07,2006,EA Sports,EA Games
Tintin: Destination Adventure,2001,Destination Software,Infogrames
TMNT,2007,Ubisoft Montreal,Ubisoft
Tom Clancy's EndWar,2008,Ubisoft Shanghai,Ubisoft
Tom Clancy's Rainbow Six 3: Raven Shield,2003,"Ubisoft Montreal, Red Storm Entertainment",Ubisoft
Tom Clancy's Splinter Cell: Chaos Theory,2005,"Ubisoft Montreal, Ubisoft Annecy",Ubisoft
Tomb Raider: The Last Revelation,1999,Core Design,Eidos Interactive
Tony Hawk's American Wasteland,2005,Neversoft,"Activision, Aspyr"
Top Gun,2010,Doublesix,Paramount Digital Entertainment
Top Trumps: Doctor Who,2008,Ironstone Partners,Eidos Interactive
Total Club Manager 2004,2003,Electronic Arts,Electronic Arts
Touhou Hisōtensoku,2009,"Twilight Frontier, Team Shanghai Alice","Twilight Frontier, Team Shanghai Alice"
Trade Empires,2001,Frog City Software,Take-Two Interactive
Tread Marks,2000,Longbow Digital Arts,Longbow Digital Arts
Trial by Magic,1995,Silver Lightning Software,Merit Studios
Triplane Turmoil II,2006,Draconus Entertainment,Draconus Entertainment
Tropico 3,2009,Haemimont Games,Kalypso Media
TubeTwist,2006,21-6 Productions,GarageGames
Turok,2008,Propaganda Games,Disney Interactive Studios
Typer Shark!,2003,PopCap Games,PopCap Games
UEFA Euro 2012,2012,EA Canada,EA Sports
Ultima Online,1997,"Origin Systems, Electronic Arts",Electronic Arts
Uncharted Waters Online,2004,"KOEI, Delfin","KOEI, CJ Internet, The Foreseen Group"
Universe at War: Earth Assault,2007,Petroglyph Games,Sega
Uplink,2001,Introversion Software,Introversion Software
V-Rally 2,1999,Eden Studios,Infogrames Europe
Vangers,1998,K-D Lab,"Buka Entertainment, Interactive Magic"
Velvet Assassin,2009,Replay Studios,SouthPeak Games
Victoria: Revolutions,2006,Paradox Interactive,Paradox Interactive
Vinnie's Tomb,1999,Reldni Productions,Global Star Software
Virtua Tennis 3,2006,Sumo Digital,SEGA
Virtual Villagers,2006,Last Day of Work,Last Day of Work
WALL-E,2008,"Heavy Iron Studios, Asobo Studio, Savage Entertainment","Disney Interactive Studios, THQ"
War Wind,1996,DreamForge Intertainment,"Strategic Simulations, Inc."
Warfare,2009,Dorset Multimedia,Dorset Multimedia
"Warhammer 40,000: Dawn of War – Winter Assault",2005,Relic Entertainment,THQ
Warlords IV: Heroes of Etheria,2003,Infinite Interactive,Ubisoft
Warzone 2100,1999,Pumpkin Studios,Eidos Interactive
We Are Chicago,2017,Culture Shock Games,Culture Shock Games
Where's Waldo?: Exploring Geography,1996,WarnerActive,WarnerActive
Wild Metal Country,1999,DMA Design,Gremlin Interactive
Wing Commander: Prophecy Special Edition,1997,Origin Systems,Electronic Arts
Wings Over Israel,2008,Third Wire Productions,Third Wire Productions
Wizardry 8,2001,Sir-Tech,Sir-Tech
Wondering Repair!,2008,Escu:de,Escu:de
World in Conflict,2007,Massive Entertainment,Ubisoft
World of Warcraft: The Burning Crusade,2007,Blizzard Entertainment,Blizzard Entertainment
World of Zoo,2009,Blue Fang Games,THQ
World War III: Black Gold,2001,Reality Pump,JoWood
Worms Forts: Under Siege,2004,Team17,Sega
WWE 2K20,2019,Yuke'sVisual Concepts,2K Sports
X-COM: Email games,1999,Hasbro Interactive,Hasbro Interactive
X-Men: The Official Game,2006,"Z-Axis, Beenox, Amaze Entertainment, WayForward Technologies, Hypnos Entertainment",Activision
X3: Reunion,2005,Egosoft,"Deep Silver, Enlight, Valve"
Xplosiv Top Ten,2002,Xplosiv,Xplosiv
Yohoho! Puzzle Pirates,2003,Three Rings Design,"Three Rings Design, Ubisoft"
Ys II: Eternal,2000,Nihon Falcom,Nihon Falcom
Yuki's Vacation,2002,Ska Software,Ska Software
Zero Critical,1999,Istvan Pely Productions,Bethesda Softworks
Zemily,2004,Gooble,JacksInner
Zoo Tycoon 2: Extinct Animals,2007,Blue Fang Games,Microsoft Game Studios
Zwei!!,2002,Nihon Falcom,Nihon Falcom
