Title,Publisher,Release date,Games for Windows,Games on Demand,MB
007: Blood Stone,Activision,2010-11-15,N,N,6 GB
4 Elements,Playrix,2010-11-16,N,N,57 MB
7 Wonders: Treasures of Seven,MumboJumbo,2010-11-16,N,N,57 MB
A Vampyre Story,Strategy First,2010-11-14,N,N,3 GB
Ace Combat: Assault Horizon – Enhanced Edition,Namco Bandai Games,2013-02-25,N,N,8 GB
AFL Live,Tru Blu Entertainment,2012-06-06,N,N,2 GB
Age of Empires III: Complete Collection,Microsoft Studios,2010-06-08,N,N,3 GB
Age of Empires Online,Microsoft Studios,2011-08-16,N,N,27 MB
Age of Empires Online - Beta,Microsoft Studios,2010-05-05,N,N,17 MB
Alice: Madness Returns,Electronic Arts,2011-06-14,N,N,7 GB
Alpha Protocol,Sega,2010-06-17,N,N,10 GB
Ankh 2,Strategy First,2010-11-14,N,N,585 MB
Ankh 3,Strategy First,2010-11-14,N,N,775 MB
Around the World in 80 Days,Playrix,2011-05-03,N,N,73 MB
Assassin's Creed: Director's Cut,Ubisoft,2010-08-05,N,N,6 GB
Assassin's Creed II,Ubisoft,2010-06-08,N,N,6 GB
Assassin's Creed: Brotherhood,Ubisoft,2011-06-21,N,N,8 GB
Assassin's Creed: Brotherhood Deluxe Edition,Ubisoft,2011-06-21,N,N,9 GB
Batman: Arkham Asylum,WB Games,2009-12-17,N,N,8 GB
Batman: Arkham Asylum – Game of the Year Edition,WB Games,2010-05-11,N,N,56 MB
Batman: Arkham City,WB Games,2010-11-29,Y,Y,500 MB
Battlefield: Bad Company 2,Electronic Arts,2011-02-22,N,N,5 GB
Battlestations: Midway,Square Enix,2010-11-14,N,N,5 GB
Battlestations: Pacific,Square Enix,2009-12-15,N,N,6 GB
Bejeweled 2,PopCap Games,2010-11-16,N,N,57 MB
Bejeweled 3,PopCap Games,2010-12-07,N,N,83 MB
BioShock,2K Games,2010-07-08,N,N,6 GB
BioShock 2,2K Games,2010-02-09,N,N,7 GB
Blacklight: Tango Down,Ignition Entertainment,2010-07-14,N,N,2 GB
BlazBlue: Calamity Trigger,Arc System Works,2010-08-20,N,N,5 GB
Blur,Activision,2010-11-16,N,N,5 GB
Bookworm,PopCap Games,2010-11-17,N,N,19 MB
Borderlands,2K Games,2010-06-08,N,N,6 GB
BubbleTown,I-Play Games,2010-11-20,N,N,23 MB
Bulletstorm,Electronic Arts,2011-02-22,N,N,6 GB
Bully: Scholarship Edition,Rockstar Games,2010-08-10,N,N,3 GB
Call of Atlantis,Playrix,2011-05-05,N,N,72 MB
Call of Duty: World at War,Activision,2010-11-14,N,N,56 MB
Call of Duty 4: Modern Warfare,Activision,2010-11-13,N,N,7 GB
CarneyVale: Showtime,Microsoft Studios,2010-11-15,N,N,2 GB
Chainz 2: Relinked,MumboJumbo,2010-11-16,N,N,114 MB
Championship Manager 2010,Square Enix,2010-07-14,N,N,6 GB
Cities in Motion,Paradox Interactive,2011-03-10,N,N,405 MB
Cities XL 2011,Focus Home Interactive,2011-02-04,N,N,4 GB
Commandos Complete,Kalypso Media,2011-02-17,N,N,7 GB
Conflict: Denied Ops,Square Enix,2011-01-26,N,N,5 GB
Crysis 2,Electronic Arts,2011-03-22,N,N,8 GB
Cubis Gold,Fresh Games,2010-11-16,N,N,110 MB
Cubis Gold 2,Fresh Games,2010-11-16,N,N,139 MB
Dark Souls: Prepare to Die Edition,Namco Bandai Games,2012-08-28,N,N,4 GB
Dark Void,Capcom,2010-04-21,N,N,5 GB
Darkest Hour: A Hearts of Iron Game,Paradox Interactive,2011-04-05,N,N,56 MB
Darkspore,Electronic Arts,2011-05-04,N,N,56 MB
Dawn of Discovery Gold,Ubisoft,2010-07-23,N,N,4 GB
Dead Rising 2,Capcom,2010-09-28,N,N,6 GB
Dead Rising 2: Off the Record,Capcom,2011-10-11,N,N,6 GB
Dead Space 2,Electronic Arts,2011-02-22,N,N,9 GB
Deus Ex: Game of the Year Edition,Square Enix,2010-09-30,N,N,410 MB
Deus Ex: Invisible War,Square Enix,2010-09-30,N,N,2 GB
Dirt 2,Codemasters,2009-12-15,N,N,6 GB
Dirt 3,Codemasters,2011-05-24,N,N,7 GB
Divinity II: The Dragon Knight Saga,Focus Home Interactive,2011-02-03,N,N,6 GB
Dragon Age: Origins,Electronic Arts,2011-02-22,N,N,8 GB
Dragon Age: Origins – Awakening,Electronic Arts,2011-02-22,N,N,2 GB
Dragon Age II,Electronic Arts,2011-03-08,N,N,6 GB
Dreamcast Collection,Sega,2011-03-08,N,N,3 GB
Dungeons,Kalypso Media,2011-02-14,N,N,1 GB
Elements of War,Kalypso Media,2011-04-15,N,N,6 GB
Europa Universalis III Complete,Paradox Interactive,2011-01-13,N,N,334 MB
Europa Universalis III: Chronicles,Paradox Interactive,2011-03-22,N,N,479 MB
Europa Universalis III: Divine Wind,Paradox Interactive,2011-02-03,N,N,179 MB
Europa Universalis III: Heir to the Throne,Paradox Interactive,2011-02-03,N,N,19 MB
F1 2010,Codemasters,2010-09-22,N,N,5 GB
F1 2011,Codemasters,2011-09-26,N,N,7 GB
Faery: Legends of Avalon,Focus Home Interactive,2011-06-21,N,N,888 MB
F.E.A.R. 2: Project Origin,WB Games,2010-07-29,Y,N,14 GB
Fable: The Lost Chapters,Microsoft Studios,2010-11-13,N,N,4 GB
Fable III,Microsoft Studios,2011-05-17,N,N,7 GB
Fallout 3,Bethesda Softworks,2009-12-15,N,N,5 GB
Family Feud: Dream Home,"iWin, Inc.",2011-04-01,N,N,56 MB
Far Cry 2: Fortune's Edition,Ubisoft,2010-08-26,N,N,4 GB
Fishdom: Spooky Splash,Playrix,2011-08-29,N,N,57 MB
FlatOut: Ultimate Carnage,Strategy First,2010-11-14,N,N,4 GB
Football Manager 2010,Sega,2010-06-25,N,N,1 GB
Football Manager 2011,Sega,2010-11-16,N,N,1 GB
From Dust,Ubisoft,2012-03-22,N,N,1 GB
Fuel,Codemasters,2009-12-15,N,N,3 GB
Game Room,Microsoft Studios,2010-03-24,N,N,412 MB
Gardenscapes,Playrix,2010-11-16,N,N,102 MB
Gears of War,Microsoft Studios,2010-07-08,N,N,11 GB
Gotham City Impostors,WB Games,2012-02-16,N,N,1 GB
Grand Theft Auto III,Rockstar Games,2010-11-16,N,N,649 MB
Grand Theft Auto IV,Rockstar Games,2010-02-25,N,N,14 GB
Grand Theft Auto: Episodes from Liberty City,Rockstar Games,2010-04-13,N,N,15 GB
Grand Theft Auto: San Andreas,Rockstar Games,2010-06-08,N,N,4 GB
Grand Theft Auto: Vice City,Rockstar Games,2010-08-10,N,N,1 GB
Harry Potter and the Deathly Hallows – Part 2,Electronic Arts,2011-07-14,N,N,8 GB
Hearts of Iron 3,Paradox Interactive,2011-01-13,N,N,731 MB
Hitman: Blood Money,Square Enix,2010-10-07,N,N,4 GB
Hitman 2: Silent Assassin,Square Enix,2010-11-14,N,N,502 MB
Hunted: The Demon's Forge,Bethesda Softworks,2011-07-20,N,N,9 GB
Insanely Twisted Shadow Planet,Microsoft Studios,2012-04-17,N,N,2 GB
Jewel Quest 5,"iWin, Inc.",2010-11-16,N,N,177 MB
Juiced 2: Hot Import Nights,THQ,2009-12-15,N,N,4 GB
Kane & Lynch: Dead Men,Square Enix,2009-12-15,N,N,7 GB
King Arthur Collection,Paradox Interactive,2011-06-30,N,N,8 GB
King Arthur: The Role-playing Wargame,Paradox Interactive,2011-01-13,N,N,7 GB
King Arthur: The Role-playing Wargame – The Druids,Paradox Interactive,2011-03-03,N,N,593 MB
King Arthur: The Role-playing Wargame – The Saxons,Paradox Interactive,2011-03-03,N,N,611 MB
King's Bounty: Platinum Edition,1C Company,2011-05-10,N,N,6 GB
Kona's Crate,indiePub,2011-08-10,N,N,146 MB
Lego Batman: The Videogame,WB Games,2010-06-29,N,N,4 GB
Lego Harry Potter: Years 1–4,WB Games,2010-06-29,N,N,6 GB
Lego Pirates of the Caribbean: The Video Game,Disney Interactive Studios,2011-06-09,N,N,7 GB
Lego Universe,WB Games,2010-11-01,N,N,4 GB
Lost Planet: Extreme Condition Colonies Edition,Capcom,2010-02-23,N,N,8 GB
Lost Planet 2,Capcom,2010-10-15,N,N,12 GB
Mahjong Wisdom,Microsoft Studios,2009-12-22,N,N,64 MB
Mahjongg Dimensions,Arkadium,2010-11-16,N,N,96 MB
Mass Effect 2,Electronic Arts,2011-04-07,N,N,10 GB
Max Payne,Rockstar Games,2010-07-08,N,N,2 GB
Max Payne 2,Rockstar Games,2010-06-08,N,N,3 GB
Medal of Honor,Electronic Arts,2011-02-22,N,N,7 GB
Microsoft Flight,Microsoft Studios,2012-02-26,N,N,1 GB
Microsoft Flight Simulator X - Gold Edition,Microsoft Studios,2011-01-06,N,N,11 GB
Mini Ninjas,Square Enix,2010-11-14,N,N,56 MB
Mortal Kombat Arcade Kollection,WB Games,2012-02-02,N,N,274 MB
Mount&Blade: Warband,Paradox Interactive,2011-01-13,N,N,691 MB
Mount&Blade: With Fire & Sword,Paradox Interactive,2011-05-13,N,N,953 MB
Ms. Splosion Man,Microsoft Studios,2013-04-03,N,N,224 MB
Need for Speed: Shift,Electronic Arts,2011-02-22,N,N,5 GB
Need for Speed: Shift 2,Electronic Arts,2011-03-29,N,N,7 GB
Operation Flashpoint: Red River,Codemasters,2011-05-19,N,N,4 GB
Operation Flashpoint: Red River,Codemasters,2011-06-07,N,N,4 GB
Osmos,Microsoft Studios,2009-12-22,N,N,22 MB
Patrician IV,Kalypso Media,2011-01-20,N,N,3 GB
Patrician IV: Rise of a Dynasty,Kalypso Media,2011-04-14,N,N,1 GB
Pirates of Black Cove,Paradox Interactive,2011-08-15,N,N,2 GB
Plants vs. Zombies,PopCap Games,2010-11-17,N,N,50 MB
Poker Superstars III,Funkitron,2010-11-16,N,N,26 MB
Prince of Persia,Ubisoft,2010-08-05,N,N,7 GB
Prince of Persia: The Forgotten Sands,Ubisoft,2010-06-08,N,N,6 GB
Prince of Persia: The Sands of Time,Ubisoft,2010-06-08,N,N,2 GB
Prince of Persia: The Two Thrones,Ubisoft,2010-09-02,N,N,2 GB
Prince of Persia: Warrior Within,Ubisoft,2010-06-08,N,N,4 GB
Pro Cycling Manager 2011,Focus Home Interactive,2011-08-10,N,N,4 GB
Project Snowblind,Square Enix,2011-01-26,N,N,3 GB
Prototype,Activision,2010-11-14,N,N,7 GB
Ranch Rush 2,Fresh Games,2011-03-31,N,N,745 MB
Red Faction: Guerrilla,THQ,2009-12-15,N,N,7 GB
Resident Evil: Operation Raccoon City,Capcom,2012-09-20,N,N,6 GB
Resident Evil 5,Capcom,2009-12-15,N,N,7 GB
Rift,Trion Worlds,2011-03-01,N,N,115 MB
Rift Collector's Edition,Trion Worlds,2011-03-01,N,N,115 MB
Rift: Ashes of History Collector's Edition,Trion Worlds,2011-10-24,N,N,115 MB
Rise of Flight: Iron Cross Edition,Strategy First,2011-02-17,N,N,4 GB
Rome: Total War Gold Edition,Sega,2010-09-09,N,N,4 GB
S.T.A.L.K.E.R.: Shadow of Chernobyl,THQ,2010-06-08,N,N,4 GB
Saints Row 2,THQ,2010-07-30,N,N,7 GB
Section 8,SouthPeak Games,2009-12-15,N,N,4 GB
Section 8: Prejudice,TimeGate Studios,2011-05-04,N,N,5 GB
Shadowrun,Microsoft Studios,2009-12-15,N,N,2 GB
Shaun White Skateboarding,Ubisoft,2010-12-18,N,N,6 GB
Sid Meier's Civilization IV: The Complete Edition,2K Games,2010-07-16,N,N,3 GB
Silent Hunter 5: Gold Edition,Ubisoft,2010-08-26,N,N,4 GB
Singularity,Activision,2010-11-14,N,N,7 GB
Slingo Deluxe,Funkitron,2010-11-16,N,N,110 MB
Splinter Cell: Conviction,Ubisoft,2010-06-08,N,N,8 GB
Spore,Electronic Arts,2011-06-14,N,N,3 GB
Stormrise,Sega,2010-02-16,N,N,3 GB
Street Fighter IV,Capcom,2009-12-15,N,N,4 GB
Street Fighter X Tekken,Capcom,2012-10-17,N,N,5 GB
Super Street Fighter IV: Arcade Edition,Capcom,2011-07-08,N,N,7 GB
Super TextTwist,GameHouse,2010-12-08,N,N,108 MB
Supreme Commander,THQ,2010-08-19,N,N,5 GB
Supreme Commander: Forged Alliance,THQ,2010-08-19,N,N,5 GB
Supreme Ruler Cold War,Paradox Interactive,2011-07-28,N,N,466 MB
Test Drive: Ferrari Racing Legends,Atari,2013-01-11,N,N,3 GB
TextTwist 2,GameHouse,2010-12-01,N,N,128 MB
The Club,Sega,2010-03-26,N,N,6 GB
The First Templar,Kalypso Media,2011-05-12,N,N,4 GB
The Next BIG Thing,Focus Home Interactive,2011-04-21,N,N,4 GB
The Settlers 7: Paths to a Kingdom,Ubisoft,2010-06-29,N,N,5 GB
The Sims 3,Electronic Arts,2011-03-17,N,N,5 GB
The Sims 3: Ambitions,Electronic Arts,2011-03-24,N,N,2 GB
The Sims 3: Generations,Electronic Arts,2011-06-09,N,N,2 GB
The Sims 3: Late Night,Electronic Arts,2011-03-24,N,N,2 GB
The Sims 3: World Adventures,Electronic Arts,2011-03-17,N,N,3 GB
The Sims Medieval,Electronic Arts,2011-03-22,N,N,5 GB
The Sims Medieval: Pirates and Nobles,Electronic Arts,2011-09-19,N,N,470 MB
Thief: Deadly Shadows,Square Enix,2010-09-30,N,N,2 GB
Tinker,Microsoft Studios,2009-12-15,N,N,59 MB
Tom Clancy's Ghost Recon Advanced Warfighter 2,Ubisoft,2010-08-26,N,N,4 GB
Tom Clancy's H.A.W.X 2,Ubisoft,2010-12-18,N,N,6 GB
Tom Clancy's Rainbow Six: Vegas 2,Ubisoft,2010-08-05,N,N,5 GB
Tomb Raider: Anniversary,Square Enix,2010-11-14,N,N,3 GB
Tomb Raider: Legend,Square Enix,2010-11-14,N,N,5 GB
Tomb Raider: Underworld,Square Enix,2010-06-29,N,N,7 GB
Toy Soldiers,Microsoft Studios,2012-04-27,N,N,26 MB
Trainz Simulator 2010,N3V Games,2011-02-11,N,N,5 GB
Trainz Simulator 2010: Blue Comet,N3V Games,2011-02-11,N,N,121 MB
Trainz Simulator 12,N3V Games,2011-07-07,N,N,8 GB
Trainz: Classic Cabon City,N3V Games,2011-02-11,N,N,323 MB
Trainz: Settle and Carlisle,N3V Games,2011-02-11,N,N,450 MB
Transformers: War for Cybertron,Activision,2010-11-14,N,N,10 GB
Tron: Evolution,Disney Interactive Studios,2010-12-07,N,N,7 GB
Tropico 3 Gold Edition,Kalypso Media,2011-01-20,N,N,4 GB
Two Worlds II,SouthPeak Games,2011-03-10,N,N,6 GB
Universe at War: Earth Assault,Sega,2010-07-16,N,N,4 GB
Vancouver 2010,Sega,2010-01-15,N,N,3 GB
Victoria II,Paradox Interactive,2011-01-13,N,N,442 MB
Virtua Tennis 4,Sega,2011-06-24,N,N,3 GB
Viva Piñata,Microsoft Studios,2009-12-15,N,N,7 GB
"Warhammer 40,000: Dawn of War",THQ,2010-08-19,N,N,1 GB
"Warhammer 40,000: Dawn of War: Dark Crusade",THQ,2010-08-19,N,N,3 GB
"Warhammer 40,000: Dawn of War II",THQ,2010-03-16,N,N,574 MB
"Warhammer 40,000: Dawn of War II – Chaos Rising",THQ,2010-03-11,N,N,379 MB
Where’s Waldo? The Fantastic Journey,Microsoft Studios,2009-12-22,N,N,603 MB
World in Conflict: Complete Edition,Ubisoft,2010-07-23,N,N,7 GB
World of Goo,Microsoft Studios,2009-12-22,N,N,76 MB
Zoo Tycoon 2: Ultimate Collection,Microsoft Studios,2010-11-14,N,N,1 GB
Zuma's Revenge!,PopCap Games,2010-11-16,N,N,223 MB
Game,downloads,As of,Release date,Publisher(s),Ref.,[1]
Subway Surfers,"1,000 million (1 billion)",December 2019,"May 24, 2012",SYBO Games,[2]
Despicable Me: Minion Rush,950 million,October 2020,"June 10, 2013",Gameloft,[3]
Jetpack Joyride,750 million,August 2020,"September 1, 2011",Halfbrick Studios,[4]
PUBG Mobile / Game for Peace,600 million,December 2019,"March 19, 2018",Tencent,[5]
Fruit Ninja,500 million,August 2013,"April 21, 2010",Halfbrick Studios,[6]
Temple Run,500 million,October 2020,"August 4, 2011",Imangi Studios,[7]
Candy Crush Saga,"1,000 million (1 billion)",June 2014,"April 12, 2012",King,[8]
Garena Free Fire,100 million,August 2019,"November 24, 2017",Garena,[9]
Mini World,400 million,April 2020,"December 26, 2015",Miniwan,[10]
Sonic Dash,350 million,February 2020,"March 7, 2013",Sega,[11]
Asphalt 8: Airborne,350 million,October 2018,"August 22, 2013",Gameloft,[12]
Helix Jump,334 million,December 2018,"February 10, 2018",Voodoo,[13]
Gardenscapes,324 million,May 2020,August 2016,Playrix,[14]
Homescapes,312.4 million,May 2020,August 2017,Playrix,[14]
Angry Birds,300 million,August 2011,"December 11, 2009",Rovio Entertainment,[15]
Super Mario Run,300 million,August 2018,"December 15, 2016",Nintendo,[16]
Dragon Ball Z: Dokkan Battle,300 million,August 2019,"January 30, 2015",Bandai Namco Entertainment,[17]
Township,274.1 million,May 2020,"February 24, 2012",Playrix,[14]
Call of Duty: Mobile,250 million,June 2020,"October 1, 2019",Activision,[18]
Knives Out,250 million,September 2018,November 2017,NetEase,[19]
Angry Birds 2,230 million,December 2019,"July 30, 2015",Rovio Entertainment,[20]
Honor of Kings,monthly players,December 2017,"November 26, 2015",Tencent Games,[21]
QQ Speed Mobile,200 million,January 2020,2017,TiMi Studios,[22]
Fishdom,173.4 million,May 2020,"June 18, 2008",Playrix,[14]
Rise Up,162 million,December 2018,2018,Serkan Özyılmaz,[23]
PES 2018 Mobile,150 million,August 2018,"September 12, 2017",Konami,[24]
War Robots,150 million,January 2020,"April 14, 2014",Pixonic,[25]
World of Tanks,140 million,March 2016,"August 12, 2010",Wargaming,[26]
Mario Kart Tour,123.9 million,October 2019,"September 25, 2019",Nintendo,[27]
Ice Age Village,120 million,2013,"April 5, 2012",Gameloft,[28]
FIFA Mobile,113 million,January 2018,"October 1, 2016",EA Sports,[29]
Tiao Yi Tiao,daily players,January 2018,December 2017,Tencent Games,[30]
Drag Racing,100 million,February 2013,April 2011,Creative Mobile,[31]
Junior Three Kingdoms,100 million,January 2018,March 2015,Youzu Interactive,[32]
Ludo King,100 million,December 2018,"December 17, 2016",Gametion Technologies Pvt Ltd,[33]
One Piece Treasure Cruise,100 million,February 2019,"May 12, 2014",Bandai Namco Entertainment,[34]
White Cat Project,100 million,June 2016,"July 14, 2014",Colopl,[35]
Hearthstone,100 million,November 2018,"March 11, 2014",Blizzard Entertainment,[36]
Yu-Gi-Oh! Duel Links,100 million,October 2019,"November 17, 2016",Konami,[37]
Love Nikki-Dress UP Queen,100 million,May 2019,"May 20, 2015",Tencent Games,[38]
Mr Love: Queen's Choice,90 million,July 2019,"December 14, 2017",Elex,[39]
Disney Tsum Tsum,80 million,November 2018,"January 29, 2014",Line Corporation,[40]
Puzzle & Dragons,80 million,January 2019,"February 20, 2012",GungHo Online Entertainment,[41]
The Simpsons: Tapped Out,80 million,April 2020,"February 29, 2012",EA Mobile,[42]
Mobile Legends: Bang Bang,75 million peak monthly players,August 2019,"November 9, 2016",Moonton,[43]
Flappy Dunk,75 million,October 2019,"July 17, 2017",Acid Cousins,
Marvel: Avengers Alliance,70 million,March 2015,"March 1, 2012",Disney Interactive,[44]
Angry Birds Friends,60 million,August 2013,"February 13, 2012",Rovio Entertainment,[45]
Gods of Boom,55 million,October 2018,"May 18, 2017",Game Insight,[46]
The Battle Cats,53 million,July 2020,"September 17, 2014",PONOS,[47]
Final Fantasy XV: A New Empire,51 million,January 2019,"June 29, 2017",MZ,[48]
Clash Royale,50 million peak daily players,September 2018,"March 2, 2016",Supercell,[49]
Flappy Bird,50 million,February 2014,"May 24, 2013",dotGears,[50]
LINE Rangers,50 million,March 2018,"February 28, 2014",Line Corporation,[51]
Bleach: Brave Souls,50 million,July 2020,"July 23, 2015",KLab,[52]
LINE Pop,47 million,December 2018,"November 19, 2012",Line Corporation,[53]
Monster Strike,45 million,May 2018,"August 8, 2013",Mixi,[54]
Love Live! School Idol Festival,45 million,September 2018,"April 15, 2013",Bushiroad,[55]
AFK Arena,45 million,June 2020,April 2019,Lilith Games,[56]
LINE Pokopang,43 million,June 2016,"May 28, 2013",Line Corporation,[57]
Jikkyō Powerful Pro Yakyū,43 million,January 2020,"December 18, 2014",Konami,[37]
Quiz RPG: The World of Mystic Wiz,40 million,November 2017,"March 5, 2013",Colopl,[58]
PES Club Manager,40 million,July 2020,"June 5, 2015",Konami,[59]
Arknights,40 million,April 2020,"January 16, 2020",Hypergryph / Yostar,[60]
Pokémon Duel,40 million,March 2019,"April 12, 2016",The Pokémon Company,[61]
LINE Bubble!,38 million,May 2016,"December 22, 2012",Line Corporation,[62]
Final Fantasy Brave Exvius,35 million,November 2018,"October 22, 2015",Square Enix,[63]
Brave Frontier,33 million,May 2017,"July 3, 2013",A-Lim/Gumi,[64]
DomiNations,32 million,April 2017,"April 1, 2015",Nexon,[65]
Fate/Grand Order,32 million,October 2018,"July 30, 2015",Type-Moon,[66]
Park Master,32 million,April 2020,"November 19, 2019",Kayac,[67]
Disney Crossy Road,31 million,March 2017,"March 28, 2016",Disney Mobile,[68]
Lineage 2 Revolution,30 million,December 2018,"December 14, 2017",Netmarble,[69]
Nitro Nation Online,30 million,April 2017,"April 3, 2014",Creative Mobile,[70]
LINE Bubble 2,30 million,April 2020,"April 23, 2015",Line Corporation,[71]
Clash of Clans,500 million,September 2020,"August 2, 2012",Supercell,[72]
Gyakuten Othellonia,27 million,March 2020,"February 4, 2016",DeNA,[73]
Art of Conquest,25 million,November 2018,"June 6, 2017",Lilith Games,[74]
Dragon Quest Monsters: Super Light,25 million,January 2018,"January 23, 2014",Square Enix,[75]
Junior Journey to the West,25 million,July 2017,"July 7, 2016",Youzu Interactive,[76]
Captain Tsubasa: Dream Team,25 million,April 2020,"June 13, 2017",KLab,[77]
Granblue Fantasy,24 million,June 2019,"March 10, 2014",Cygames,[78]
LINE Let's Get Rich,24 million,December 2014,"July 9, 2014",Line Corporation,[79]
Puyopuyo!! Quest,22 million,June 2020,"April 24, 2013",Sega,[80]
Chain Chronicle,22 million,April 2020,"July 26, 2013",Sega,[81]
One Piece Bounty Rush,20 million,May 2020,"January 31, 2019",Bandai Namco Entertainment,[82]
Hello Hero,20 million,November 2018,2013,Fincon,[83]
Ingress,20 million,November 2018,"December 14, 2013",Niantic,[84]
Rage of Bahamut,20 million,May 2015,"September 1, 2011",Cygames,[85]
The Idolmaster Cinderella Girls: Starlight Stage,20 million,September 2017,"September 3, 2015",Bandai Namco Entertainment,[86]
Pro Yakyū Sprits A,20 million,February 2020,"October 21, 2015",Konami,[37]
Sky: Children of the Light,20 million,July 2020,"July 28, 2019",thatgamecompany,[87]
Punishing: Gray Raven,20 million,July 2020,"December 6, 2019",Kuro Game(Guangzhou),[88]
Valkyrie Connect,20 million,May 2020,"June 9, 2016",Ateam,[89]
LINE PokoPoko,19 million,April 2018,"September 3, 2014",Line Corporation,[90]
Hoshi no Dragon Quest,19 million,November 2018,"October 15, 2015",Square Enix,[91]
Kai-ri-Sei Million Arthur,18 million,August 2018,"November 19, 2014",Square Enix,[92]
Yo-kai Watch: Puni Puni,18 million,June 2020,"October 21, 2015",Level-5,[93]
Grimms Notes,17 million,July 2018,"January 21, 2016",Square Enix,[94]
Minions Paradise,16 million,November 2015,"October 13, 2015",Electronic Arts,[95]
Mushroom Garden,15.5 million,February 2014,"June 30, 2011",BeeWorks,[96]
Animal Crossing: Pocket Camp,15 million,November 2017,"October 25, 2017",Nintendo,[97]
LINE Birzzle,15 million,October 2012,"July 4, 2012",Line Corporation,[98]
LINE Pop 2,15 million,March 2017,"October 27, 2014",Line Corporation,[99]
Pokémon Shuffle Mobile,15 million,February 2018,"August 24, 2015",The Pokémon Company,[100]
Pokémon: Magikarp Jump,15 million,December 2018,"May 24, 2017",The Pokémon Company,[101]
Smurfs' Village,15 million,September 2011,"November 4, 2010",Capcom,[102]
Seven Knights,15 million,August 2017,"February 5, 2016",Netmarble Japan,[103]
DanMachi: Memoria Freese,15 million,May 2020,"June 19, 2017",Wright Flyer Studios,[104]
Toreba,15 million,April 2020,"November 15, 2010",CyberStep,[105]
Kaitō Royale,14.5 million,October 2017,"October 6, 2009",DeNA,[106]
Fishing Star,13.5 million,May 2018,"May 24, 2007","GREE, Inc.",[107]
Dragon Quest Rivals,13 million,"May 23, 2018","November 2, 2017",Square Enix,[108]
Pro Yakyū Pride,13 million,January 2016,"April 6, 2012",Colopl,[109]
King's Raid,13 million,May 2020,"September 19, 2016",Vespa / GloHow,[110]
Mushroom Garden Seasons,12.1 million,February 2014,"December 2, 2011",BeeWorks,[96]
Princess Punt Sweets,12 million,November 2017,"November 19, 2012",GungHo Online Entertainment,[111]
Afterpulse,12 million,March 2019,"October 23, 2015",Digital Legends Entertainment,[112]
Fire Emblem Heroes,12 million,July 2017,"February 2, 2017",Nintendo,[113]
Naruto: Shinobi Collection Shippuranbu,12 million,December 2017,"April 30, 2015","GREE, Inc.",[114]
One Piece Thousand Storm,12 million,October 2018,"April 21, 2016",Bandai Namco Entertainment,[115]
White Cat Tennis,12 million,September 2018,"July 31, 2016",Colopl,[116]
Elemental Story,12 million,March 2020,"January 16, 2015",StudioZ / Crooz,[117]
War of the Visions: Final Fantasy Brave Exvius,11 million,June 2020,"November 14, 2019",Square Enix,[118]
Unison League,11 million,May 2020,"December 4, 2014",Ateam,[119]
Drift Spirits,11 million,May 2020,"November 6, 2013",Bandai Namco Entertainment,[120]
Lineage M,10 million peak monthly players,July 2017,"June 21, 2017",NCSoft,[121]
100 Sleeping Princes and the Kingdom of Dreams,10 million,August 2018,"March 9, 2015",Bilibili,[122]
BanG Dream! Girls Band Party!,10 million,July 2018,"March 16, 2017",Bushiroad,[123]
Crash Fever,10 million,April 2018,"July 6, 2016",Wonder Planet,[124]
Cryptract,10 million,May 2018,"February 17, 2015",Bank of Innovation,[125]
Don't step the white tile,10 million,April 2014,October 2012,fieldWalking,[126]
Dragon Ball Legends,10 million,June 2018,"May 18, 2018",Bandai Namco Entertainment,[127]
Dynasty Warriors: Unleashed,10 million,January 2018,"March 30, 2017",Koei Tecmo,[128]
Iruna Online,10 million,November 2017,"May 12, 2008",Asobimo,[129]
LINE Dozer,10 million,July 2014,"November 21, 2013",Line Corporation,[130]
LINE Puzzle TanTan,10 million,February 2018,"October 28, 2014",Line Corporation,[131]
Metal Slug Attack,10 million,December 2018,"February 14, 2016",SNK,[132]
Naruto Shippuden: Ultimate Ninja Blazing,10 million,March 2017,"July 14, 2016","GREE, Inc.",[133]
Naruto x Boruto: Ninja,10 million,February 2018,"November 15, 2017",Bandai Namco Entertainment,[134]
Pokémon Quest,10 million,December 2018,"June 27, 2018",The Pokémon Company,[101]
Romancing Saga ReUniverse,10 million,December 2018,"December 6, 2018",Square Enix,[135]
SuperStar SMTOWN,10 million,"May 3, 2018","August 15, 2014","Dalcomsoft, Inc.",[136]
SuperStar BTS,10 million,September 2018,"January 18, 2018","Dalcomsoft, Inc.",[137]
Sword Art Online: Code Register,10 million,August 2017,"November 28, 2014",Bandai Namco Entertainment,[138]
Taiko no Tatsujin Plus,10 million,October 2014,"May 28, 2010",Bandai Namco Entertainment,[139]
Toram Online,10 million,November 2018,"July 17, 2015",Asobimo,[140]
Sword Art Online: Integral Factor,10 million,July 2020,"November 30, 2017",Bandai Namco Entertainment,[141]
RAID: Shadow Legends,10 million,December 2019,"March 1, 2019",Plarium,[142]
Blade Xlord,10 million,July 2020,"October 25, 2019",Applibot,[143]
Real Horse Racing,10 million,June 2020,"May 23, 2013",Ateam,[144]
Dragon Quest Walk,10 million,November 2019,"September 12, 2019",Square Enix,[145]
