1001 Spikes,2014,8bits Fanatics,Nicalis
3D Ultra Minigolf,2007,Wanako Games,Sierra On-Line
6180 the moon,2014,PokPoong GamesTurtle Cream,Turtle Cream
A New Beginning,2010,Daedalic Entertainment,Deep Silver
Achtung Spitfire!,1997,Big Time Software,Avalon Hill
Actua Pool,1999,Gremlin Interactive,Gremlin Interactive
AdvertCity,2015,VoxelStorm,VoxelStorm
Age of Chivalry,2007,Team Chivalry,
Age of Empires II: Rise of the Rajas,2016,SkyBox Labs,Microsoft Game Studios
Age of Sail,1996,TalonSoft,TalonSoft
The Agency: Cover Ops,2010,Sony Online Entertainment,Sony Online Entertainment
Airport Tycoon 2,2003,Sunstorm Interactive,Global Star Software
Alfa Romeo Racing Italiano,2005,Milestone srl,Valcon Games
Aliens versus Predator 2,2001,Third Law Entertainment,Sierra Entertainment
Alone in the Dark: The New Nightmare,2001,Darkworks,Infogrames
American Conquest,2003,GSC Game World,CDV
Anachronox,2001,Ion Storm,"Eidos Interactive, Infogrames"
Angels Online,2006,UserJoy Technology,Q Entertainment
Anno 1701,2006,Related Designs,Sunflowers
APB: All Points Bulletin,2010,Realtime Worlds,EA Games
Arcomage,1999,New World Computing,3DO
Armed and Dangerous,2003,Planet Moon Studios,"LucasArts,"
Arthur's Knights II: The Secret of Merlin,2001,Cryo Interactive,Wanadoo Edition
Assassin's Creed III,2012,Ubisoft Montreal,Ubisoft
Assault Heroes,2006,Wanako Games,Sierra Online
Astonishia Story,2002,Sonnori,"Sonnori, Ubisoft"
Atlantica Online,2008,NDOORS Interactive,NDOORS Interactive
Atlantis: The Lost Tales,1997,Cryo Interactive,Dreamcatcher Interactive
Austin Powers Pinball,2002,Wildfire Studios,Gotham Games
Avernum,2000,Spiderweb Software,Spiderweb Software
Axiom Verge,2015,Thomas Happ Games,Thomas Happ Games
B-17 Flying Fortress: The Mighty 8th,2000,Wayward Design,MicroProse/Hasbro Interactive
Backyard Soccer MLS Edition,2001,Humongous Entertainment,Atari Europe S.A.S.U.
Baldur's Gate II: Shadows of Amn,2000,BioWare,"Black Isle Studios, Interplay Entertainment"
Bang! Howdy,2006,Three Rings Design,Three Rings Design
Barbie Horse Adventures: Riding Camp,2008,Pixel Tales,Activision
Batman: Arkham Asylum,2009,Rocksteady Studios,
Battle Raper 2,2005,Illusion,Illusion
Battlefield 2,2005,Digital Illusions CE,EA Games
Battlefield: Bad Company 2,2010,EA Digital Illusions CE,Electronic Arts
Battleground 7: Bull Run,1997,TalonSoft,TalonSoft
Beach Life,2002,Deep Red Games,Eidos Interactive
Bejeweled,2001,PopCap Games,PopCap Games
Beyond Divinity,2004,Larian Studios,CDV
Big Mutha Truckers,2002,Eutechnyx,Empire Interactive
The Binding of Issac,2011,Edmund McMillen and Florian Himsl,Headup Games
BioShock 2,2010,2K Marin,2K Games
Black & White 2,2005,Lionhead Studios,EA Games
Blades of Avernum,2004,Spiderweb Software,Spiderweb Software
Blitzkrieg,2003,Nival Interactive,CDV
Blood Omen 2,2002,Crystal Dynamics,Eidos Interactive
Bode Miller Alpine Skiing,2006,49Games,Valcon Games
Bone: The Great Cow Race,2006,Telltale Games,Telltale Games
Botanicula,2012,Amanita Design,Amanita Design
Bratz: Rock Angelz,2005,"Blitz Games, AWE Games",THQ
Brian Lara International Cricket 2005,2005,Swordfish Studios,Codemasters
Broken Sword: The Angel of Death,2006,Revolution Software,THQ
Brutish Mine,2000,Illusion,Illusion
Build-a-lot,2007,HipSoft,
Cabal Online,2005,ESTsoft Corp.,"OGPlanet, Moliyo, Games-Masters, Asiasoft Online, E-Games"
Cabela's Big Game Hunter II: Open Season,1998,"HeadGames Publishing, Inc.","HeadGames Publishing, Inc."
Cabela's Big Game Hunter 2006 Trophy Season,2005,Magic Wand Productions,Activision Value
Cabela's Sportsman's Challenge,1997,"Diversions Software, Inc","HeadGames Publishing, Inc."
Call of Duty,2003,Infinity Ward,Activision
Call of Juarez,2006,Techland,Ubisoft
Candy Crush Jelly Saga,2016,King,King
Care Bears: Catch a Star!,2005,ImagEngine,ValuSoft
CarneyVale: Showtime,2010,Singapore-MIT GAMBIT Game Lab,Microsoft Game Studios
Cars: Radiator Springs Adventures,2006,Beenox,THQ
Castle of Shikigami III,2006,"Alfa System, SKONEC",Cyberfront Corporation
Caterpillar Construction Tycoon,2005,Gabriel Entertainment,Activision Value
CellFactor: Combat Training,2006,Immersion Games,Immersion Games
Championship Manager Quiz,2001,King of the Jungle Ltd.,Eidos Interactive
Chaos;Head,2008,"5pb., Nitroplus",Nitroplus
Chaser,2003,Cauldron HQ,JoWooD Productions
Chessmaster 8000,2000,Mindscape,Mindscape
Chicken Little,2005,Avalanche Software,Buena Vista Games
Chris Sawyer's Locomotion,2004,Chris Sawyer,Atari
The Chronicles of Shakespeare: Romeo & Juliet,2010,Daedalic Entertainment,Daedalic Entertainment
The Circus,1995,Matra Hachette,The Voyager Co.
Civilization II: Test of Time,1999,MicroProse,Hasbro Interactive
Civilization V,2010,Firaxis Games,2K Games
Clock Tower: The First Fear,1997,Human Entertainment,Human Entertainment
Close Combat: Modern Tactics,2007,CSO Simtek,Matrix Games
Clue,1998,"Engineering Animation, Inc.",Hasbro Interactive
The ClueFinders Search and Solve Adventures,2000,The Learning Company,The Learning Company
Codename Gordon,2004,NuclearVision,Valve
Colin McRae Rally 04,2003,Codemasters,Codemasters
Comanche 3,1997,"NovaLogic, Inc.","NovaLogic, Inc."
Combat Mission: Beyond Overlord,2000,battlefront.com,CDV
Command & Conquer: Generals – Zero Hour,2003,EA Los Angeles,EA Games
Commander – Europe at War,2006,Slitherine Software,Matrix Games
Company of Heroes Online,2009,Relic Entertainment,THQ
Conflict: Global Terror,2005,Pivotal Games,SCi
Constructor,1997,System 3,Acclaim
Cosmic Osmo's Hex Isle,2007,Cyan Worlds,Fanista
Counting On Frank: Magic Numbers Game,1994,The Learning Company,The Learning Company
Crazy Taxi,1999,"Hitmaker, Strangelite","Sega, Acclaim, Activision"
Cricket World Cup 99,1999,Creative Assembly Ltd.,Electronic Arts
Crime Life: Gang Wars,2005,Hothouse Creations,Konami
Cross of the Dutchman,2012,Triangle Studios,Triangle Studios
Crysis 2,2011,Crytek,Electronic Arts
CSI: Miami,2004,369 Interactive,Ubisoft
Curious George,2006,Monkey Bar Games,Namco
CyberStrike 2,1998,Simutronics Corporation,989 Studios
Dance Dance Revolution,2002,Konami Computer Entertainment Japan,Konami Computer Entertainment Japan
Dangerous Waters,2005,Sonalysts Combat Simulations,Strategy First
The Dark Eye: Memoria,2013,Daedalic Entertainment,Deep Silver
Dark Sector,2008,Digital Extremes,D3 Publisher of America
Darkest of Days,2009,8monkey Labs,Phantom EFX
Darkstone,1999,Delphine Software International,"Take-Two Interactive, Electronic Arts, Gathering of Developers"
Day of Defeat,2000,Valve,Activision
Dead Island 2,TBA,Techland,Techland
Dead Space 3,2013,Visceral Games,Electronic Arts
Deadly Rooms of Death,1997,Webfoot Technologies,Webfoot Technologies
Death to Spies: Moment of Truth,2009,Haggard Games,1C Company
Deer Avenger,1998,Hypnotix,Simon & Schuster Interactive
Deer Hunter II: The Hunt Continues,1998,Sunstorm Interactive,WizardWorks
Deer Hunter 2004,2003,Southlogic Studios,Atari
Delicious - Emily's Christmas Carol,2016,"Blue Giraffe, GameHouse",GameHouse
Delta Force: Black Hawk Down,2003,NovaLogic,NovaLogic
Democracy,2005,Positech Games,Tri-Synergy
Descent II: Destination Quartzon,1996,Parallax Software,Interplay Entertainment
Desperados: Wanted Dead or Alive,2001,Spellbound Entertainment AG,Atari
Detroit: Become Human,2019,Quantic Dream,Quantic Dream
Devil May Cry 3: Dante's Awakening,2005,Capcom Production Studio 1,Capcom
Didi & Ditto Kindergarten: A Feast for Zolt,2003,Kutoka Interactive,Kutoka Interactive
Digital Combat Simulator,2008,Eagle Dynamics,The Fighter Collection
Dinosaur World,2001,Asylum Entertainment,BBC
Discworld II: Missing Presumed...!?,1996,Perfect Entertainment,Psygnosis
Disney Sing It,2008,Zoe Mode,Disney Interactive
DJMax Trilogy,2008,Pentavision,Pentavision
Dominions 3: The Awakening,2006,Illwinter Game Design,Shrapnel Games
Doom 3,2004,id Software,Activision
Down in the Dumps,1996,Haiku Studios,Philips Media
Dragon Age: Origins,2009,BioWare,Electronic Arts
Dragon Quest XI,2020,Square Enix,Square Enix
Dragonheart: Fire & Steel,1996,Funcom,Acclaim
Dreamlords,2007,LockPick Entertainment,"LockPick Entertainment, Aeria Games & Entertainment, gamigo AG, Akella"
Drop Mania,1999,Detonium Interactive,Suomen Kotijaatelo Oy
Dune 2000,1998,Intelligent Games,Westwood Studios
Dungeon Lords: The Orb and the Oracle,2009,Heuristic Park,"DreamCatcher Interactive, JoWood"
Dust: A Tale of the Wired West,1995,Cyberflix,GTE Entertainment
EA Sports F1 series,1999,Image Space Incorporated,EA Sports
Earth 2160,2005,Reality Pump,Deep Silver
East India Company,2009,Nitro Games,Paradox Interactive
Edge of Twilight,2009,Fuzzyeyes,SouthPeak Games
Eidolon,2014,Ice Water Games,Ice Water Games
Elemental: War of Magic,2010,Stardock,Stardock
Elf Bowling: Hawaiian Vacation,2008,"Hot Lava Games, NStorm, Inc.","MumboJumbo, LLC"
Emperor: Battle for Dune,2001,"Intelligent Games, Westwood Studios",EA Games
Empire Earth III,2007,Mad Doc Software,Sierra Entertainment
Enemy Engaged 2,2007,G2 CES,G2 Games
Entomorph: Plague of the Darkfall,1995,Cyberlore Studios,Mindscape
Eternal Fantasy,2007,Circus,Circus
Euro Truck Simulator,2008,SCS Software,"Rondomedia, Akella, Excalibur Publishing, TopWare, Seven M, Anuman, Wendros"
Europa Universalis III: Napoleon's Ambition,2007,Paradox Interactive,Paradox Interactive
EverQuest,1999,Sony Online Entertainment,Sony Online Entertainment
EverQuest: Secrets of Faydwer,2007,Sony Online Entertainment,Sony Online Entertainment
Evil Dead: Regeneration,2005,Cranky Pants Games,THQ
Evolva,2000,Computer Artworks Ltd.,Interplay Entertainment
Extreme Paintbrawl,1998,Creative Carnage,Head Games Publishing
The F.A. Premier League Football Manager 2000,1999,EA UK,EA Sports
F1 2000,2000,Image Space Incorporated,EA Sports
Fae Tactics,2020,Endlessfluff Games,Humble Games
Fairytale Fights,2009,Playlogic Game Factory,Playlogic Entertainment
Fallout 3,2008,Bethesda Game Studios,Bethesda Softworks
Fantasy General,1996,"Strategic Simulations, Inc.","Strategic Simulations, Inc."
Farscape: The Game,2002,Red Lemon Studios,Crucial Entertainment
Feeding Frenzy,2004,"Sprout Games, PopCap Games","GameHouse, PopCap Games"
FIFA 10,2009,EA Canada,EA Sports
FIFA 18,2017,"EA Vancouver, EA Romania",EA Sports
FIFA Football 2003,2002,EA Canada,Electronic Arts
FIFA Manager 10,2009,Bright Future,Electronic Arts
Fighting Force,1997,Core Design,Eidos Interactive
The Final Scene,2001,Her Interactive,DreamCatcher
First Battalion,2006,ZootFly,DreamCatcher Games
FlatOut: Ultimate Carnage,2007,Bugbear Entertainment,Empire Interactive
Flock!,2009,Proper Games,Capcom
Football Manager 2006,2005,Sports Interactive,SEGA
Ford Racing,2001,Razorworks,Empire Interactive
Formula One 99,1999,Studio 33,Psygnosis
Frankenstein: Through the Eyes of the Monster,1996,Amazing Media,Interplay Entertainment
Freddi Fish 5: The Case of the Creature of Coral Cove,2001,Humongous Entertainment,Humongous Entertainment
Freedom Force vs the 3rd Reich,2005,Irrational Games,Digital Jesters
Frogger 3D,1997,SCE Studio Cambridge,Hasbro Interactive
Front Page Sports: Football Pro '98,1997,Synergistic Software,Sierra On-Line
Frozen Synapse,2011,Mode 7,Mode 7
Full Spectrum Warrior: Ten Hammers,2006,Pandemic Studios,THQ
Fun School 6 in Futureland,1996,Europress Software,Europress Software
Future Cop: LAPD,1998,Electronic Arts,Electronic Arts
G.I. Joe: The Rise of Cobra,2009,Double Helix Games,Electronic Arts
Galactic Civilizations II: Dark Avatar,2007,Stardock,Stardock
Gang Beasts,2014,Boneloaf,Boneloaf
Gate 88,2005,Queasy Games,
Gears Tactics,2019,Splash Damage,Xbox Game Studios
GeneRally,2002,Hannu and Jukka Räbinä,Hannu and Jukka Räbinä
Gex: Enter the Gecko,1998,Crystal Dynamics,Eidos Interactive
Giants: Citizen Kabuto,2000,Planet Moon Studios,Interplay Entertainment
Global Conflict: Palestine,2007,Serious Games Interactive,"Gamers Gate, Manifesto Games, Macgamestore"
Gobliiins 4,2009,Société Pollene,Kalypso Media UK Ltd
Golf Resort Tycoon II,2002,Cat Daddy Games,Activision
Granado Espada,2007,"IMC Games Co.,Ltd.","IMC Games Co.,Ltd."
Grand Theft Auto III,2001,DMA Design,Rockstar Games
Granny's Garden,1983,4Mation,4Mation
Grey's Anatomy: The Video Game,2009,Longtail Studios,Ubisoft
Grim Fandango,1998,LucasArts,LucasArts
GTR 2 – FIA GT Racing Game,2006,Blimey! Games Ltd. (under license to SimBin),Blimey! Games Ltd.
Guilty Gear X,2000,Arc System Works,"CyberFront Corporation, I-DreamSoft"
GunBound,2005,softnyx,"GOA, softnyx, HANGAME, ijji"
Half-Life: Opposing Force,1999,Gearbox Software,Sierra Studios
Hammer & Sickle,2005,Novik&CoNival Interactive,CDV Software EntertainmentT-time Technology
Harry Potter and the Goblet of Fire,2005,EA UK,Electronic Arts
Harukanaru Toki no Naka de 2,2001,Ruby Party,Koei
Hearts of Iron II: Armageddon,2007,Paradox Interactive,Paradox Interactive
Heist,2009,inXile Entertainment,Codemasters
Hercules,1997,Disney Interactive Software,Disney Interactive Software
Heroes Chronicles: The Final Chapters,2001,New World Computing,3DO
Heroes of Might and Magic III: The Shadow of Death,2000,New World Computing,3DO
Heroes of Might and Magic Compendium,1997,New World Computing,Ubisoft
Hexen II Mission Pack: Portal of Praevus,1998,Raven Software,Activision
High Heat Major League Baseball 2003,2002,3DO,3DO
Hitman,2007,IO Interactive,Eidos Interactive
Hollow Knight,2017,Team Cherry,Team Cherry
Hooters Road Trip,2002,Hoplite Research,Ubisoft
Hot Wheels Micro Racers,2000,Unique Development Studios,Mattel Interactive
Hourglass of Summer,2002,Princess Soft,Princess Soft
Hoyle Board Games 2001,2000,Sierra On-Line,Sierra On-Line
Hoyle Majestic Chess,2003,Fluent Entertainment,"Sierra Entertainment, Vivendi Universal Games"
Hugo's House of Horrors,1995,Gray Design Associates,Gray Design Associates
I of the Dragon,2004,Primal Software,Strategy First
Ice & Fire,1995,AnimaTek,GT Interactive
IL-2 Sturmovik,2001,1C:Maddox Games,"1C, Ubisoft"
Imperialism,1997,Frog City Software,"Strategic Simulations, Inc."
Impressionists,1997,Index+,Index+
The Incredible Machine 2,1995,Dynamix,Sierra On-Line
Indiana Jones and the Infernal Machine,1999,LucasArts,"LucasArts, THQ"
Infinity Online,2006,Windysoft,game & game
Insurgency: Modern Infantry Combat,2007,Insurgency Team,Valve
International Cue Club,2003,Midas Interactive,Midas Interactive
Invadazoid,2005,Bantam City Games,Reflexive
Island Xtreme Stunts,2002,Silicon Dreams Studio,Lego Software
Jade Empire,2005,LTI Gray Matter,"2K Games, Valve"
Jane's USAF,1999,Electronic Arts,Electronic Arts
Jewel Quest,2004,iWin,iWin
Joint Operations: Combined Arms,2005,NovaLogic,NovaLogic
The Journeyman Project 3: Legacy of Time,1998,Presto Studios,Red Orb Entertainment
JumpStart Adventures 4th Grade: Sapphire Falls,2000,Knowledge Adventure,Knowledge Adventure
Jurassic Park: Operation Genesis,2003,Blue Tongue Entertainment,Vivendi Universal
Kao the Kangaroo Round 2,2005,Tate Interactive,AtariJoWood Productions
KiKi KaiKai,2004,MediaKite,Taito Corporation
King's Quest: Mask of Eternity,1998,Sierra Studios,Sierra Studios
Knight Online,2004,MGame Corporation,MGame Corporation
Koala Lumpur: Journey to the Edge,1997,Brøderbund,Colossal Pictures
Kult: Heretic Kingdoms,2005,"3D People, Merscom",Got Game
The Labyrinth of Time,2004,Wyrmkeep Entertainment Co.,Wyrmkeep Entertainment Co.
Largo Winch: Empire Under Threat,2002,Dupuis,Ubisoft
The Last Remnant,2008,Square Enix,Square Enix
Leadfoot,2001,Ratbag Games,Ratbag Games
Left Behind: Rise of the Antichrist,2010,Left Behind Games,Left Behind Games
The Legend of Heroes V: A Cagesong of the Ocean,1999,Nihon Falcom Corporation,Namco Bandai Games
Lego Alpha Team,2000,Digital Domain,Lego Media
Lego Island,1997,Mindscape,Mindscape
Lego Star Wars: The Video Game,2005,"Traveller's Tales, Griptonite Games, Aspyr Media, Giant Interactive Entertainment","Eidos Interactive, LucasArts"
Lemmings Paintball,1996,Visual Sciences,Psygnosis
Life Is Strange,2015,Dontnod Entertainment,Square Enix
Lineage II,2003,NCsoft,NCsoft
Little Fighter Online,2005,"Marti Wong, Oscar Chu",U1 Technology
London Taxi: Rushour,2008,Data Design Interactive,"Bold Games, Popcorn Arcade"
Lord of the Rings: The Battle for Middle-earth II: The Rise of the Witch-king,2006,EA Los Angeles,EA Games
Lords of the Realm II,1996,Impressions Games,Sierra Entertainment
Lost Planet 2,2009,Capcom,Capcom
Lula: The Sexy Empire,1998,"Interactive Strip, cdv Software Entertainment",Take-Two Interactive
Luxor 2,2006,MumboJumbo,MumboJumbo
Machines,1999,Charybdis Limited,Acclaim Entertainment
Madden NFL 2000,1999,EA Tiburon,EA Sports
Madden NFL 08,2007,EA Tiburon,EA Sports
MageSlayer,1997,Raven Software,GT Interactive
Magical Antique,2000,Leaf,Aquaplus
Majesty: The Northern Expansion,2001,Cyberlore Studios,Infogrames
Mall of America Tycoon,2005,4HEAD Studios,Activision Value
MapleStory,2003,Wizet,Nexon
Mario Teaches Typing 2,1997,Brainstorm,Interplay Entertainment
Master of Orion II: Battle at Antares,1996,Simtex,Microprose
Matt Hayes Fishing,2002,Electronic Arts,Electronic Arts
MDK,1997,Shiny Entertainment,Shiny Entertainment
MechWarrior 4: Black Knight,2001,Cyberlore Studios,Microsoft Corporation
Medieval: Total War: Viking Invasion,2003,The Creative Assembly,Activision
Mega Man Maker,2017,Mega Man Maker Team,Mega Man Maker Team
Men of Valor,2004,"2015, Inc.",Vivendi Universal
Messiah,2000,Shiny Entertainment,Interplay Entertainment
Mia's Science Adventure: Romaine's New Hat,2000,Kutoka Interactive,Kutoka Interactive
Microsoft Entertainment Pack: The Puzzle Collection,1997,Mir - Dialogue,Microsoft Games
Microsoft Golf 1998 Edition,1998,Friendly Software,Microsoft
Microsoft Train Simulator 2,2009,Microsoft ACES Studio,Microsoft
MiG-29 Fulcrum,1998,NovaLogic,NovaLogic
Millennium Soldier: Expendable,1998,Rage Software,"Imagineer, Infogrames"
Mirror's Edge,2008,EA Digital Illusions CE,Electronic Arts
Mobile Forces,2002,Rage Software,"Majesco Entertainment, Sold Out Software"
Monopoly 2008,2007,"TikGames, LLC",Encore Software
Monster Jam,2007,Torus Games,Activision
Montezuma's Return,1997,Utopia Technologies,"Software 2000, WizardWorks"
Mortal Kombat Trilogy,1996,Avalanche Software LLC,Midway Games
Moto Racer,1997,Delphine Software International,Electronic Arts
MotoGP 17,2017,Milestone srl,Milestone srl
Mountain of Faith,2007,Team Shanghai Alice,Team Shanghai Alice
Multiwinia,2008,Introversion Software,Introversion Software
MySims,2007,EA Redwood Shores,Electronic Arts
Mystery Case Files: Madame Fate,2007,Big Fish Studios,Big Fish Games
Myth: The Fallen Lords,1997,Bungie,Eidos Interactive
NAM,1998,TNT Team,GT Interactive
Narcissu,2005,stage-nana,insani
NASCAR Racing 3,1999,Papyrus Design Group,Sierra On-Line
The Nations,2001,JoWooD Productions,JoWooD Productions
NBA 2K15,2014,Visual Concepts,2K Sports
NBA Live 98,1997,Electronic Arts,Electronic Arts
NBA Live 06,2005,EA Canada,Electronic Arts
Need for Speed: Special Edition,1996,"EA Seattle, Pioneer Productions",Electronic Arts
Need for Speed: Underground,2003,EA Black Box,EA Games
Need for Speed: Undercover,2008,EA Black Box,Electronic Arts
Need for Speed (2015),2015,Ghost Games,Electronic Arts
Neon Genesis Evangelion: Ayanami Raising Project,2001,"Gainax, BROCCOLI",Gainax
Nethergate,1999,Spiderweb Software,Spiderweb Software
The Neverhood,1996,The Neverhood,DreamWorks Interactive
"New Beginning, AA New Beginning",2010,Daedalic Entertainment,Lace Mamba
NFL Head Coach,2006,EA Tiburon,EA Sports
NHL 2004,2003,EA Canada,EA Sports
NHL Eastside Hockey Manager 2007,2006,Sports Interactive,Sega
Night Watch,2005,Nival Interactive,CDV Software Entertainment
No One Lives Forever 2: A Spy in H.A.R.M.'s Way,2002,Monolith Productions,Sierra Entertainment
Nostradamus: The Last Prophecy,2007,"Kheops Studio, Mzone Studio, TOTM Studio","Elektrogames, Kheops Studio, Mzone Studio, TOTM Studio, MC2, Encore Games"
ObsCure II,2008,Hydravision Entertainment,Playlogic Entertainment
Odyssey: The Search for Ulysses,2000,Cryo Interactive,Cryo Interactive
Omikron: The Nomad Soul,1999,Quantic Dream,Eidos Interactive
Online Bomberman,2004,"Hudson Soft, MGAME Corp.","Wizgate, Fullerton"
Operation: Blockade,2002,Screaming Games,Infogrames
Order of War,2009,Wargaming,Square Enix
The Orion Conspiracy,1995,Divide By Zero,Domark
Outlast,2013,Red Barrels,Red Barrels
Outwars,1998,SingleTrac,Microsoft
Overlord: Raising Hell,2008,Triumph Studios,Codemasters
Pac-Man World 3,2005,Blitz Games,Namco
Pajama Sam: No Need to Hide When It's Dark Outside,1998,Humongous Entertainment,Atari
Panzer Commander,1998,Ultimation Inc.,Strategic Simulations Inc.
Panzer General III: Scorched Earth,2000,Mattel,Mattel
Parkitect,2018,Texel Raptor,Texel Raptor
Peace@Pieces,2004,Unisonshift,Unisonshift
Penumbra: Requiem,2008,Frictional Games,Paradox Interactive
Petz: Dogz 2 and Catz 2,2007,Yuke's Future Media Creations,Ubisoft
Phantasy Star Online,2000,Sonic Team,Sega
Playtoons No. 3: The Secret of the Castle,1995,Coktel Vision,Sierra Entertainment
Pinball Soccer '98,1998,Pin-Ball Games Ltd.,Pin-Ball Games Ltd.
Pitfall: The Lost Expedition,2004,Edge of Reality,Activision
PlanetSide,2003,Sony Online Entertainment,Ubisoft
POD: Planet of Death,1997,Ubisoft,Ubisoft
PolyGod,2018,Krafted Games,Krafted Games
Populous: The Beginning: Undiscovered Worlds,1999,Bullfrog Productions,Electronic Arts
Possession,2010,Volatile Games,Volatile Games
Power Rangers: Super Legends,2007,Artificial Mind and Movement,Disney Interactive Studios
Prey,2006,Human Head Studios,3D Realms
The Princess Escape,2007,Blue Renderer Production Studio,Blue Renderer Entertainment
Prisoner of Ice,1998,Chaosium,Infogrames Europe SA
Pro Evolution Soccer 2009,2008,Konami Computer Entertainment Tokyo,Konami
Pro Evolution Soccer 2017,2016,Konami Computer Entertainment Tokyo,Konami
Project Cars 3,2020,Slightly Mad Studios,Bandai Namco Entertainment
Prototype,2009,Radical Entertainment,Activision
Pure Farming 2018,2018,Ice Flames,Techland
Putt-Putt Goes to the Moon,1995,Humongous Entertainment,Humongous Entertainment
Putty Pals,2017,Harmonious Games,Harmonious Games
Puzzle Kingdoms,2009,Infinite Interactive,"Zoo Games, Zushi Games"
Quake III Arena,1999,id Software,Activision
The Quest,1995,"KidSoft, L.L.C.",America Online
Racing Simulation 2,1998,Ubisoft,Ubisoft
Rails Across America,2001,Flying Lab Software,Strategy First
Ransom of the Seven Ships,2009,Her Interactive,Her Interactive
RayCrisis,2000,Taito Corporation,"CyberFront, MediaKite, Sourcenext"
Re-Mission,2006,"Realtime Associates, Inc.",HopeLab
Reader Rabbit Math Ages 6–9,1998,The Learning Company,The Learning Company
Reader Rabbit's Interactive Reading Journey,1997,The Learning Company,The Learning Company
Reading Blaster 2000,1996,Davidson & Associates,"Davidson & Associates, Knowledge Adventure"
Rebel Raiders: Operation Nighthawk,2006,Kando Games,XS Games
Red Faction,2001,Volition,THQ
Regnum Online,2007,NGD Studios,NGD Studios
Republic: The Revolution,2003,Elixir Studios,Eidos Interactive
Resident Evil 3: Nemesis,1999,Capcom Production Studio 4,"Capcom, Eidos Interactive"
Return to Castle Wolfenstein,2001,Gray Matter Interactive,Activision
Rhiannon: Curse of the Four Branches,2008,Arberth Studios,Lighthouse Interactive
Ricochet Xtreme,2001,Reflexive Entertainment,Reflexive Entertainment
Rise of Nations: Rise of Legends,2006,Big Huge Games,Microsoft Game Studios
River City Girls,2019,WayForward,Arc System Works
Robot City,1995,Brooklyn Multimedia,Byron Preiss Multimedia
RocketBowl,2004,LargeAnimal,GarageGames
Rollcage,1999,Attention to Detail,Psygnosis
Romance of the Three Kingdoms IX,2003,Koei,Koei
Roogoo,2008,SpiderMonk Entertainment,SouthPeak Games
RPG Maker VX,2007,Enterbrain,Enterbrain
Rugby 2004,2003,HB Studios,EA Sports
Rune,2000,Human Head Studios,Gathering of Developers
S4 League,2008,Pentavision,Neowiz Games
Sakura Sakura,2009,Haikuo Soft,Haikuo Soft
Sammy's Science House,1995,Theatrix Interactive,Edmark
Sanity: Aiken's Artifact,2000,Monolith Productions,Fox Interactive
Scan Command: Jurassic Park,2001,Knowledge Adventure,Knowledge Adventure
Scorcher,1996,Zyrinx,"Scavenger, Inc."
Season of the Sakura,2002,JAST,"JAST, JAST USA"
The Secret of Monkey Island: Special Edition,2009,LucasArts,LucasArts
Secret Service,2001,Fun Labs,Activision Value
Sega Bass Fishing,2001,Sega,Sega
Sega Touring Car Championship,1996,Sega-AM3,Sega
Septerra Core: Legacy of the Creator,1999,Valkyrie Studios,Monolith Productions
The Settlers IV,2001,Blue Byte,Blue Byte
Shadow of Memories,2001,Konami,Konami
Shaiya,2007,Sonovaslag Entertainment,"Aeria Games, Entertainment,Inc."
Shantae and the Seven Sirens,2019,WayForward,WayForward
"Sheep, Dog 'n' Wolf",2001,Infogrames,Infogrames
Sherlock Holmes: The Awakened,2006,Frogwares,Focus Home Interactive
Shizuku,1996,Leaf,Aquaplus
Shrek SuperSlam,2005,7 Studios,"Activision, Shaba Games"
Sid Meier's Railroads!,2006,Firaxis Games,2K Games
Silent Hunter 4: Wolves of the Pacific,2007,Ubisoft Bucharest,Ubisoft
Silver,1999,Infogrames,Infogrames
SimCity Societies,2007,Tilted Mill Entertainment,Electronic Arts
"Simon the Sorcerer II: The Lion, the Wizard and the Wardrobe",1995,Adventure Soft,Adventure Soft
The Simpsons: Hit & Run,2003,Radical Entertainment,Vivendi Universal Games
The Sims 2: Open for Business,2006,Maxis,EA Games
The Sims Pet Stories,2007,EA Games,EA Games
SiN Episodes,2006,Ritual Entertainment,Valve
Sins of a Solar Empire,2008,Ironclad Games,Stardock
Skyborg: Into the Vortex,1995,Fringe Multimedia,SkyBox International
Sniper Elite,2005,Rebellion Developments,Atari
SODA Off-Road Racing,1997,Software Allies,Sierra Entertainment
Söldner-X: Himmelsstürmer,2007,SideQuest Studios,eastasiasoft
Sonic Dash,2014,Hardlight,Sega
Sonic R,1997,Traveller's Tales,Sega
Sonic's Schoolhouse,1996,Orion Interactive,Bap Interactive
South Park: Chef's Luv Shack,1999,Acclaim Entertainment,Acclaim Entertainment
SpaceChem,2011,Zachtronics Industries,Zachtronics Industries
Space Invaders X,2000,Z-Axis,
Spark,2007,Code Mallet,Code Mallet
Speed Devils,1999,Ubisoft,Ubisoft
SpellForce 2: Dragon Storm,2007,Phenomic,JoWood Productions
Spider-Man: Web of Shadows,2008,Amaze Entertainment,Activision
The Spook's Apprentice: The Video Game,2009,My Name Is Mircea Inc.,My Name Is Mircea Inc.
"Spy Fox 3: ""Operation Ozone""",2001,Humongous Entertainment,Atari
Star Defender Series,2005,Awem studio,Awem studio
Star Trek: Armada II,2001,Mad Doc Software,Activision
Star Trek: Klingon Academy,2000,14 Degrees East,Interplay Entertainment
Star Trek: Starship Creator,1998,Imergy,Simon & Schuster
Star Wars Galaxies,2003,Sony Online Entertainment,LucasArts
Star Wars: Battlefront,2004,Pandemic Studios,LucasArts
Star Wars: Galactic Battlegrounds,2001,"LucasArts, Ensemble Studios",LucasArts
Star Wars: The Clone Wars – Republic Heroes,2009,Krome Studios,LucasArts
Star Wars: X-Wing (Collector's CD-ROM),2000,Totally Games,LucasArts
StarCraft II: Legacy of the Void,2015,Blizzard Entertainment,Blizzard Entertainment
StarQuest Online,2007,Castle Thorn Software LLC,Castle Thorn Software LLC
Starsky & Hutch,2003,Mind's Eye Productions,Empire Interactive
Steel Panthers: World at War,2000,Matrix Games,Matrix Games
Stephen King's F13,2000,Presto Studios,Blue Byte
Stranger,2008,Fireglow Games,Fireglow Games
Street Hacker,2004,VirtuWeb Interactive,VirtuWeb Interactive
Stronghold 2,2005,Firefly Studios,2K Games
Submarine TITANS,2000,Ellipse Studios,Strategy First
Summer Session,2008,"Hanako Games, Tycoon Games","Hanako Games, Tycoon Games"
Super Lucky's Tale,2017,Playful,Microsoft Studios
Superstars V8 Racing,2009,Milestone,Black Bean Games
Survival Crisis Z,2004,Ska Studios,Ska Studios
SWAT 4,2005,Irrational Games,Vivendi Universal Games
Sydney 2000,2000,Attention to Detail,Eidos Interactive
Tachyon: The Fringe,2000,NovaLogic,NovaLogic
A Tale of Two Kingdoms,2007,Crystal Shard,Crystal Shard
Tasogare,2001,Leaf,Aquaplus
Teenage Mutant Ninja Turtles 2: Battle Nexus,2004,Konami,Konami
Terminator 3: War of the Machines,2004,Clever's Games,Atari
Test Drive,2002,Pitbull Syndicate,Infogrames
Test Drive Unlimited 2,2011,Eden Games,Atari
Theme Park World,1999,Bullfrog Productions,Electronic Arts
Things on Wheels,2009,Load Inc.,SouthPeak Games
Three Sisters' Story,1996,Sakura Soft,JAST USA
Tiger Woods PGA Tour 2005,2004,EA Sports,EA Games
TimeShift,2007,Saber Interactive,Vivendi Games
Titan Quest: Immortal Throne,2007,Iron Lore Entertainment,THQ
Tokimeki Memorial,1997,Konami,Konami
Tom Clancy's Politika,1997,Red Storm Entertainment,Red Storm Entertainment
Tom Clancy's ruthless.com,1998,Red Storm Entertainment,Red Storm Entertainment
Tomb Raider II,1997,Core Design,Eidos Interactive
Tomb Raider,2013,Crystal Dynamics,Square Enix
Toonstruck,1996,Burst Studios,Virgin Interactive Entertainment
Top Trumps Adventures: Dogs and Dinosaurs,2007,"SoGoplay, Ironstone Partners",Ubisoft
Total Annihilation: The Core Contingency,1998,Cavedog Entertainment,GT Interactive
"Totally Techie World of Young Dilbert, The",1997,KnowWonder,
Toy Story 3: The Video Game,2010,Avalanche Software,Disney Interactive Studios
Transformers: The Game,2007,Traveller's Tales,Activision
Tres Lunas,2002,Mike Oldfield,
TrickStyle,1999,Criterion Games,Acclaim Entertainment
Tropico,2001,PopTop Software,Gathering of Developers
True Remembrance,2006,Shiba Satomi,insani
Turok 2: Seeds of Evil,1998,Iguana Entertainment,Acclaim Entertainment
Two Thrones,2004,Paradox Entertainment,Strategy First
UEFA Champions League 2006-2007,2007,EA Canada,EA Sports
U.F.O.s,1997,Artech Digital Entertainment,"Corel Corporation, Hoffmann + Associates"
Ultimate Duck Hunting,2006,Mid Carolina Media,Mid Carolina Media
UnityStation,2020,UnityStation Community,UnityStation Org
Unreal Tournament 3,2007,Epic Games,Midway Games
Utsurigi Nanakoi Tenkiame,2007,Caramel Box,Caramel Box
Vampire: The Masquerade – Swansong,1999,Reldni Productions,Global Star Software
Vega Strike,2008,The Vega Strike Team,
Versailles II: Testament of the King,2001,Cryo Interactive Entertainment,Reunion des Musees Nationaux
Vigilance,1998,Tsunami,SegaSoft
Virtua Fighter 2,1994,Sega-AM2,Sega
Virtual Pool Hall,2000,Celeris,Interplay Entertainment
Voyage Century Online,2006,Snail Game,IGG
War Front: Turning Point,2007,Digital Reality,CDV Software
Warcraft III: Reign of Chaos,2002,Blizzard Entertainment,"Blizzard Entertainment, Sierra Entertainment, Capcom, Sonokong"
"Warhammer 40,000: Dawn of War – Dark Crusade",2006,Relic Entertainment,THQ
Warlords Battlecry II,2002,Strategic Studies Group,Ubisoft
Warriors Orochi,2007,Koei,Koei
The Weakest Link,2001,Traveller's Tales,Activision
The Wheel of Time,1999,Legend Entertainment,GT Interactive
Wiggins in Storyland,1994,Virgin Sound and Vision,Virgin Sound and Vision
Wing Commander: Prophecy,1997,Origin Systems,Electronic Arts
Wings of War,2004,Silver Wish Games,Gathering of Developers
The Witcher,2007,CD Projekt Red,Atari
Wolfenstein II: The New Colossus,2017,MachineGames,Bethesda Softworks
World Empire IV,1996,Viable Software Alternatives,Viable Software Alternatives
World of Padman,2007,Padworld Entertainment,Padworld Entertainment
World of Warcraft: Battle for Azeroth,2018,Blizzard Entertainment,Blizzard Entertainment
World War II Online,2005,"Cornered Rat Software, Playnet Inc.",Trisynergy
Worms Armageddon,1999,Team17,"MicroProse, Atari"
WWE 2K18,2017,Yuke'sVisual Concepts,2K Sports
X-COM: Apocalypse,1997,Mythos Games,Microprose
X-Files: Unrestricted Access,2002,FOX Interactive,FOX Interactive
X2: Wolverine's Revenge,2003,GenePool Software,Activision
Xonotic,2010,Team Xonotic,Team Xonotic
Yoake Mae yori Ruriiro na,2005,August,August
YS Flight Simulation System 2000,1999,Soji Yamakawa et al.,
Yu-Gi-Oh! Power of Chaos: Kaiba the Revenge,2004,Konami,Konami
Zax: The Alien Hunter,2000,Reflexive Entertainment,JoWooD Productions
Zeus: Master of Olympus,2000,Impressions Games,Sierra Entertainment
Zoo Tycoon 2: Dino Danger Pack,2006,Blue Fang Games,Oberon Media
Zork: Grand Inquisitor,1997,Activision,Activision
The 11th Hour,1995,Trilobyte,Virgin Interactive
3-D Ultra Pinball,1995,Dynamix,Sierra On-Line
7 Sins,2005,Monte Cristo,Digital Jesters
A Virus Named TOM,2012,Misfits Attic,Misfits Attic
Act of War: Direct Action,2005,Eugen Systems,Atari
Addiction Pinball,1998,Team17,Microprose
Africa Trail,1995,MECC,The Learning Company
Age of Conan: Hyborian Adventures,2008,Funcom,Funcom
Age of Empires III,2005,Ensemble Studios,Microsoft Game Studios
Age of Sail II,2001,Akella,TalonSoft
AGEOD's American Civil War,2007,AGEOD,Matrix Games
Airport Tycoon 3,2003,InterActive Vision,Global Star Software
Alias,2004,Acclaim Cheltenham,Acclaim Entertainment
Aliens versus Predator Classic 2000,2010,Rebellion Developments,Rebellion Developments
Alpha Prime,2007,Black Element Software,"Idea Games, Meridian4"
American Idol,2003,Hothouse Creations,Codemasters
Anacreon: Imperial Conquest in the Far Future,2004,Thinking Machine Associates,Thinking Machine Associates
Animamundi: Dark Alchemist,2004,Karin Entertainment,Hirameki International
Anno 2070,2011,Related Designs,Ubisoft
Apex Legends,2019,Respawn Entertainment,Electronic Arts
Area 51,1995,Mesa Logic,Midway
Armies of Exigo,2004,Black Hole Entertainment,Electronic Arts
Arx Fatalis,2002,Arkane Studios,JoWooD
Assassin's Creed IV: Black Flag,2013,Ubisoft Montreal,Ubisoft
AssaultCube,2006,Rabid Viper Productions,
Astral Tournament,2001,Apus Software,Apus Software
Atlantis Evolution,2004,Atlantis Interactive Entertainment,The Adventure Company
Atomic Bomberman,1997,Interplay Entertainment,Interplay Entertainment
Australian Rules Football,2010,Big Ant Studios,Tru Blu Entertainment
Avernum: Escape from the Pit,2011,Spiderweb Software,Spiderweb Software
Axis & Allies,1998,Hasbro Interactive,Hasbro Interactive
Babysitting Mania,2008,iWin,"iWin, Majesco Entertainment"
Bad Boys: Miami Takedown,2004,Blitz Games,Empire Interactive
Baldur's Gate II: Throne of Bhaal,2001,BioWare,Interplay Entertainment
The Banner Saga,2014,Stoic Studio,Versus Evil
Barbie Riding Club,1998,Human Code,Mattel Media
Batman: Vengeance,2001,Ubisoft Montreal,Ubisoft
Battle Realms,2001,Liquid Entertainment,Ubisoft
Battlefield 3,2011,Digital Illusions CE,EA Games
BattleForge,2009,EA Phenomic,Electronic Arts
Battleground 8: Prelude to Waterloo,1997,TalonSoft,TalonSoft
Beam Breakers,2002,Similis,JoWooD Productions Software
Bejeweled Twist,2008,PopCap Games,PopCap Games
Beyond Good & Evil,2003,"Ubisoft Montpellier, Ubisoft Milan",Ubisoft
Big Mutha Truckers 2,2005,Empire Interactive,THQ
The Binding of Isaac: Rebirth,2014,Nicalis,Nicalis
BioShock Infinite,2013,Irrational Games,2K Games
Black & White 2: Battle of the Gods,2006,Lionhead Studios,EA Games
The Blair Witch Project,2000,Ritual Entertainment,Gathering of Developers
Blitzkrieg 2,2005,Nival Interactive,CDV
BloodRayne,2002,Terminal Reality,Majesco Entertainment
Boiling Point: Road to Hell,2005,Deep Shadows,Atari
Bonnie's Bookstore,2005,New Crayon Games,PopCap Games
Braid,2008,Number None,Number None
Bratz: Super Babyz,2008,Creat Studios,THQ
Brian Lara International Cricket 2007,2007,Codemasters,Codemasters
Broken Sword: The Shadow of the Templars,1996,Revolution Software,Virgin Interactive Entertainment
Bubsy 3D: Bubsy Visits the James Turrell Retrospective,2013,Arcane Kids,"Arcane Kids, Phelios"
Buku Sudoku,2006,Absolutist,Merscom
Cabela's 4x4 Off-Road Adventure,2001,FUN Labs,"Activision Publishing, Inc."
Cabela's Big Game Hunter III,1999,HeadGames Publishing,HeadGames Publishing
Cabela's Dangerous Hunts,2003,FUN Labs,Activision Value
Cabela's Ultimate Deer Hunt,2001,nFusion Interactive,"Activision Publishing, Inc."
Call of Duty 2,2005,Infinity Ward,Activision
Call of Juarez: Bound in Blood,2009,Techland,Ubisoft
Candy Crush Friends Saga,2018,King,King
Care Bears: Let's Have a Ball!,2004,ImagEngine,ValuSoft
Carnival Cruise Line Tycoon 2005: Island Hopping,2004,Artex Software,"Activision Publishing, Inc."
Cartoon Network Universe: FusionFall,2009,"Cartoon Network, Grigon Entertainment",Cartoon Network
Castle Shikigami 2,2003,Alfa System,"Kids Station, Taito, SourceNext, XS Games, Play It Games"
Catwoman,2004,"Electronic Arts, Argonaut Games, Magic Pockets",Electronic Arts
Cemu,2015,Team Cemu,Team Cemu
Championship Manager 4,2003,Sports Interactive,Eidos Interactive
Chaos League,2004,Cyanide,Digital Jesters
Cherry Petals Fall Like Teardrops,2002,BasiL,BasiL
Chessmaster 9000,2002,Ubisoft,Ubisoft
Chicken Run,2000,Blitz Games,Eidos Interactive
Chrome,2003,Techland,Strategy First
The Chronicles of Spellborn,2008,Spellborn International,Frogster Interactive
Cities XL,2009,Monte Cristo,Monte Cristo
Civilization III,2001,"Firaxis Games, Westlake Interactive",Infogrames
Civilization: Call to Power,1999,Activision,Activision
Clonk,2005,RedWolf Design,
Close Combat: Wacht am Rhein,2008,Strategy 3 Tactics,Matrix Games
The ClueFinders 3rd Grade Adventures: The Mystery of Mathra,1997,The Learning Company,The Learning Company
The ClueFinders: The Incredible Toy Store Adventure!,2001,The Learning Company,The Learning Company
Codename: Outbreak,2001,GSC Game World,Virgin Interactive
Colin McRae Rally 2.0,2000,Codemasters,Codemasters
Comanche Gold,1998,"NovaLogic, Inc.","NovaLogic, Inc."
Combat Mission: Shock Force,2007,battlefront.com,Paradox Interactive
Command & Conquer: Red Alert,1996,Westwood Studios,Virgin Interactive
Commander in Chief,2008,Eversim,Interactive Gaming Software
Company of Heroes: Opposing Fronts,2007,Relic Entertainment,THQ
Conflict: Vietnam,2004,Pivotal Games,SCi
The Continuum,1997,Seven Lights,Seven Lights
Costume Quest,2011,Double Fine Productions,The Adventure Company
Crab Champions,2020/2021,Noisestorm,
Crazy Taxi 3: High Roller,2002,Hitmaker,Sega
Cricket 2000,1999,Creative Assembly Ltd.,Electronic Arts
CrimeCraft,2009,Vogster Entertainment,THQ Inc.
Cross Racing Championship 2005,2005,Invictus Games,"Invictus Games, Project Three Interactive"
Crysis 3,2013,Crytek,Electronic Arts
CSI: NY,2008,Legacy Interactive,Ubisoft
Curse of Blackmoor Manor,2004,Her Interactive,DreamCatcher
Cybermercs: The Soldiers of the 22nd Century,1998,NORA,JC Research Inc.
Dance Praise,2005,Digital Praise,Digital Praise
Darby the Dragon,1996,Capitol Multimedia,Brøderbund
Dark Fall,2002,XXv Productions,XXv Productions
Dark Souls: Prepare to Die Edition,2012,FromSoftware,Namco Bandai Games
Darkfall,2009,Aventurine SA,Audiovisual Enterprises SA
Darkwind: War on Wheels,2007,Sam Redfern,Psychic Software
Day of Defeat: Source,2005,Valve,Valve
Dead Island: Riptide,2013,Techland,Techland
Dead to Rights,2002,Namco,Namco
Deadly Tide,1996,Rainbow Studios,Microsoft
DeathDrome,1996,Zipper Interactive,Viacom New Media
Deer Avenger 2: Deer in the City,1999,Hypnotix,Simon & Schuster Interactive
Deer Hunter's Extended Season,1998,Sunstorm Interactive,WizardWorks
Deer Hunter 2005,2004,Southlogic Studios,Atari
Delicious - Emily's Home Sweet Home,2015,GameHouse,GameHouse
Delta Force: Black Hawk Down – Team Sabre,2004,Ritual Entertainment,NovaLogic
Democracy 2,2007,Positech Games,
Descent 3,1999,Outrage Entertainment,Interplay Productions
Desperados 2: Cooper's Revenge,2006,Spellbound Entertainment AG,Atari
Deus Ex,2000,Ion Storm,Eidos Interactive
Devil May Cry 4,2008,Capcom,Capcom
Die by the Sword,1998,Treyarch,Tantrum Entertainment
Diner Dash,2003,"Gamelab, Glu Mobile",PlayFirst
Dirt 5,2020,Codemasters,Codemasters
Discworld Noir,1999,Perfect Entertainment,GT Interactive
Disney's Dinosaur,2000,Ubisoft,Disney Interactive
Do You Like Horny Bunnies?,2001,ZyX,"G-Collections, ZyX"
Dominions II: The Ascension Wars,2003,Illwinter Game Design,Shrapnel Games
Doom 3: Resurrection of Evil,2005,Nerve Software,Activision
Downtown Run,2003,Ubisoft,Ubisoft
Dragon Age: Origins – Awakening,2010,BioWare,Electronic Arts
Dragon Quest Rivals Ace,2020,Square Enix,Square Enix
Drakan: Order of the Flame,1999,Surreal Software,Psygnosis
DreamStripper,2006,Ensign Games,Ensign Games
Droplitz,2009,Blitz Arcade,Atlus
Dungeon Defenders,2011,Trendy Entertainment,Trendy Entertainment
Dungeon Runners,2007,NCsoft,NCsoft
Dust: An Elysian Tail,2012,Humble Hearts,Microsoft Studios
EA Sports GameShow,2007,EA Tiburon,EA Sports
Earth No More,2009,Recoil GamesRadar Group,Recoil Games
Ecco the Dolphin,2010,Novotrade International,Sega
Edna & Harvey: Harvey's New Eyes,2012,Daedalic Entertainment,Daedalic Entertainment
Elasto Mania,2000,Balazs Rozsa,Independent
Elements of Destruction,2007,Frozen Codebase,THQ
Elite Warriors: Vietnam,2005,nFusion,Infogrames
Emperor: Rise of the Middle Kingdom,2002,"BreakAway Games, Impressions Games",Sierra Entertainment
Empire in Arms: The Napoleonic Wars of 1805–1815,2004,Outflank Strategy Wargames,Matrix Games
Enemy Engaged: RAH-66 Comanche vs. KA-52 Hokum,2000,Razorworks,Empire Interactive
Entropia Universe,2003,"MindArk, FPC","MindArk, FPC"
Eternal Lands,2003,Radu Privantu,Radu Privantu
Eurofighter Typhoon,2001,"Digital Image Design, Rage Software",Rage Software
Europa Universalis: Crown of the North,2000,Paradox Entertainment,"Levande Böcker, PAN Vision, Strategy First"
EverQuest II,2004,Sony Online Entertainment,"Sony Online Entertainment, Gamania, Akella, Square Enix, Ubisoft"
EverQuest: The Buried Sea,2007,Sony Online Entertainment,Sony Online Entertainment
Evil Genius,2004,Elixir Studios,Sierra Entertainment
Evoland,2013,Shiro Games,Shiro Games
Extreme Rock Climbing,1999,Creative Carnage,Head Games Publishing
The F.A. Premier League Football Manager 2001,2000,EA UK,EA Sports
F1 Challenge '99-'02,2003,Image Space Incorporated,EA Sports
Fahrenheit,2005,Quantic Dream,Atari
Falcon 4.0,1998,MicroProse,MicroProse
Fallout 4,2015,Bethesda Game Studios,Bethesda Softworks
Fantasy Masters,2002,Zeonix,Zeonix
Fast Food Tycoon,2000,Software 2000,Activision Value Publishing
Feeding Frenzy 2: Shipwreck Showdown,2006,PopCap Games,PopCap Games
FIFA 11,2010,EA Canada,EA Sports
FIFA 19,2018,"EA Vancouver, EA Romania",EA Sports
FIFA Football 2004,2003,EA Canada,Electronic Arts
FIFA: Road to World Cup 98,1997,EA Canada,Electronic Arts
Final Doom,1996,"id Software, TeamTNT, Casali brothers",GT Interactive
Finding Nemo,2003,Traveller's Tales,"THQ, Disney Interactive, Yuke's"
First Eagles: The Great War 1918,2006,Third Wire Productions,G2 Games
Flatspace,2003,Cornutopia Software,
Floribella,2007,Move Interactive,Move Interactive
Football Manager 2007,2006,Sports Interactive,Sega
Ford Street Racing,2006,Razorworks,Empire Interactive
Forsaken,1999,Probe Entertainment,Acclaim
Freaky Creatures,2009,Abandon Interactive Entertainment,Abandon Interactive Entertainment
Freddy Pharkas: Frontier Pharmacist,1993,"Al Lowe, Josh Mandel",Sierra On-Line
Freelancer,2003,Digital Anvil,Microsoft Game Studios
Frogger Beyond,2002,Konami,Konami
Front Page Sports: Golf,1997,Headgate Studios,Sierra On-Line
FTL: Faster Than Light,2012,Subset Games,
Full Throttle Remastered,2017,Double Fine Productions,Double Fine Productions
Fun School 6 in Magicland,1996,Europress Software,Europress Software
Future Tactics: The Uprising,2004,Zed Two,NA: Crave EntertainmentEU: JoWooD Productions
"Gabriel Knight 3: Blood of the Sacred, Blood of the Damned",1999,Sierra On-Line,Sierra On-Line
Galactic Civilizations II: Dread Lords,2006,Stardock,Stardock
Gang Garrison 2,2008,Faucet Software,Faucet Software
Gateway,1992,Legend Entertainment,Legend Entertainment
Gemsweeper,2007,Lobstersoft,Lobstersoft
Genesis Rising: The Universal Crusade,2007,Metamorf Studios,DreamCatcher Interactive
Ghajini - The Game,2009,Fx Labs,Fx Labs
Gibbage,2006,Dan Marshall,
Global Conflicts: Latin America,2008,Serious Games Interactive,"Gamers Gate, Manifesto Games, Macgamestore"
God Eater 3,2019,Bandai Namco,Bandai Namco
Google Lively,2008,Google Inc.,Google Inc.
Grand Ages: Rome,2009,Haemimont Games,Kalypso Media
Grand Theft Auto IV,2008,Rockstar North,Rockstar Games
The Great Escape,2003,Pivotal Games,SCi Games
Grid,2019,Codemasters,Codemasters
Ground Control,2000,Massive Entertainment,Sierra On-Line
The Guild 2,2006,4HEAD Studios,JoWood Productions
Guilty Gear XX,2002,Arc System Works,Sammy Studios
Gunman Chronicles,2000,Rewolf Software,Sierra Studios
Half-Life 2,2004,Valve,"Vivendi, Sierra Entertainment, Valve"
Hannah Montana: The Movie,2009,n-Space,Disney Interactive Studios
Harry Potter and the Half-Blood Prince,2009,EA Bright Light Studio,Electronic Arts
Harvest: Massive Encounter,2008,Oxeye Game Studio,Oxeye Game Studio
Hearts of Iron II: Doomsday,2006,Paradox Interactive,Paradox Interactive
The Hell in Vietnam,2007,DTP Entertainment,City Interactive
Heretic: Shadow of the Serpent Riders,2007,Raven Software,id Software
Heroes of Annihilated Empires,2006,GSC Game World,GSC World Publishing
Heroes of Might and Magic IV,2002,New World Computing,3DO
Heroes of Might and Magic Trilogy,2000,New World Computing,Ubisoft
Hexplore,1998,Doki Denki Studio,Infogrames
High School Musical 3: Senior Year Dance,2008,Page 44 Studios,Disney Interactive
Hitman 2: Silent Assassin,2002,IO Interactive,Eidos Interactive
Home Sweet Home,2007,Big Blue Bubble,Big Blue Bubble
Hopeless Masquerade,2013,"Twilight Frontier, Team Shanghai Alice","Twilight Frontier, Team Shanghai Alice"
Hot Wheels Stunt Track Driver,1999,Mattel,THQ
The House of the Dead,1998,Wow Entertainment,Sega
Hoyle Bridge,1996,Sierra On-Line,Sierra On-Line
Hoyle Poker,1997,Sierra On-Line,Sierra On-Line
Hulk,2003,Radical Entertainment,Vivendi Games
I Spy Spooky Mansion,2005,Scholastic,Scholastic
Ice Station Santa,2007,Telltale Games,Telltale Games
IL-2 Sturmovik: Forgotten Battles,2003,1C:Maddox Games,"1C, Ubisoft"
Imperialism II: Age of Exploration,1999,Frog City Software,"Strategic Simulations, Inc."
In Cold Blood,2000,Revolution Software,"Ubisoft, DreamCatcher Games"
The Incredibles,2004,Heavy Iron Studios,"THQ, D3, Capcom"
Indie Pogo,2018,Lowe Bros. Studios,Lowe Bros. Studios
Inherit the Earth,2003,The Dreamers Guild,Wyrmkeep Entertainment
Intellivision Lives!,1998,Intellivision Productions,Intellivision Productions
"International Online Soccer, mod for Half-Life",2002,I.O.S. Team,I.O.S. Team
Iro ni Ide ni Keri Waga Koi wa,2010,Windmill,Windmill
Istaria: Chronicles of the Gifted,2003,Artifact Entertainment,"Artifact Entertainment, Virtrium LLC, Tulga Games, LLC, EI Interactive"
Jagged Alliance 2,1999,Sir-Tech Canada,TalonSoft
Jane's WWII Fighters,1998,Jane's Combat Simulations,Electronic Arts
JFK: Reloaded,2004,Traffic Software,Traffic Software
Joint Operations: Escalation,2004,NovaLogic,NovaLogic
Judge Dredd: Dredd Vs. Death,2003,Rebellion Developments,Evolved Games
"JumpStart Adventures 5th Grade: Jo Hammet, Kid Detective",1997,Knowledge Adventure,Knowledge Adventure
Just Cause,2006,Avalanche Studios,Eidos Interactive
Kara no Shōjo,2008,Innocent Grey,Innocent Grey
Kill Switch,2003,Namco,Namco
Kingdom Under Fire II,2010,BLUESIDE Inc.,
Knight Rider: The Game,2002,Davilex Games,Davilex Games
Kohan: Immortal Sovereigns,2001,TimeGate Studios,Strategy First
Kung Fu Panda,2008,Beenox,Activision
The Labyrinth Plus! Edition,2001,NonStop Entertainment,Microsoft
Laser Arena,2000,Trainwreck Studios,ValuSoft
Last Train to Blue Moon Canyon,2005,Her Interactive,DreamCatcher
League of Legends,2009,Riot Games,"Riot Games, GOA, Tencent Inc."
Legacy of Flan,2003,Scott Cawthon,
The Legend of Heroes: Trails of Cold Steel II,2014,Nihon Falcom,"Nihon Falcom, Xseed GamesNA, NIS AmericaEU"
Lego Chess,1998,Krisalis Software Ltd.,Lego Media
Lego Island 2: The Brickster's Revenge,2001,Silicon Dreams Studio,Lego Software
Lego Star Wars II: The Original Trilogy,2006,Traveller's Tales,"LucasArts, TT Games"
Lemmings Revolution,2000,Psygnosis,Take-Two Interactive
Life Is Strange 2,2018,Dontnod Entertainment,Square Enix
Lines '98,1997,,
Littlest Pet Shop,2008,EA Salt Lake,Electronic Arts
Longbow Gold,1997,Origin Systems,"Jane's Combat Simulations, Electronic Arts"
Lord of the Rings: The Battle for Middle-earth,2004,EA Los Angeles,EA Games
Lords of the Realm III,2004,Impressions Games,Sierra Entertainment
Lost Sphear,2018,Tokyo RPG Factory,Square Enix
Lumines,2004,"Q Entertainment, Opus, Fupac","Bandai, Ubisoft, Wild Games"
Luxor 3,2007,MumboJumbo,MumboJumbo
Mad Dog II: The Lost Gold,2003,"American Laser Games, Inc.",Selectsoft Publishing
Madden NFL 2001,2000,EA Tiburon,EA Sports
Madden NFL 19,2018,EA Tiburon,EA Sports
Magicka,2011,Arrowhead Game Studios,Paradox Interactive
Magical Chaser ~Stardust of Dreams~,2008,Dakken,Dakken
Majesty 2: The Fantasy Kingdom Sim,2009,1C:Ino-Co,Paradox Interactive
Mall Tycoon,2002,"Holistic Design, Inc.",Take-Two Interactive
MapleStory 2,2018,NSquare,Nexon
Martian Gothic: Unification,2000,Creative Reality,TalonSoft
Master of Orion III,2003,Quicksilver Software,Infogrames
Maui Mallard in Cold Shadow,1995,Eurocom,Disney Interactive
MDK2,2000,BioWare,Interplay Entertainment
MechWarrior 4: Mercenaries,2002,"Cyberlore Studios, FASA Studio",Microsoft Games Studios
Medieval II: Total War,2006,The Creative Assembly,Sega
Mega Man X Collection,2018,Capcom,Capcom
Men of War,2009,Best Way,1C Company
Metal Fatigue,2000,Zono,Psygnosis
Michael Schumacher Racing World Kart 2002,2002,Radon Labs,JoWooD Productions
Microsoft Flight Simulator,2020,Asobo Studio,Xbox Game Studios
Microsoft Golf 1999 Edition,1998,Friendly Software,Microsoft
Midnight Club II,2003,Rockstar San Diego,Rockstar Games
Might and Magic Six Pack,1998,New World Computing,Ubisoft
Millie's Math House,1995,Theatrix Interactive,Edmark
Missile Command,1999,Meyer/Glass Interactive,Hasbro Interactive
Mobile Light Force 2,2001,Alfa System,Sourcenext
Monopoly 3,2004,Artech Studios,Atari Europe
Monster Jam: Maximum Destruction,2002,Unique Development Studios,Ubisoft
Monty Python & the Quest for the Holy Grail,1996,7th Level,7th Level
Mortal Kombat (2011),2013,"NetherRealm Studios, High Voltage Software",Warner Bros. Interactive Entertainment.
Moto Racer 2,1998,Delphine Software International,Delphine Software International/Electronic Arts
MotoGP 18,2018,Milestone srl,Milestone srl
Movie Battles,2009,Movie Battles Team,Movie Battles Team
Muppet Kids,1997,Jim Henson Interactive,Brighter Child
Myst,1995,Cyan Worlds,Mindscape
Mystery Case Files: Prime Suspects,2006,Big Fish Studios,Big Fish Games
Myth II: Soulblighter,1998,Bungie,Bungie
Nancy Drew: Ghost Dogs Of Moon Lake,2002,Her Interactive,DreamCatcher
NASCAR Revolution,1999,Stormfront Studios,EA Sports
NASCAR Racing 3 Craftsman Truck Series Expansion Pack,2000,Papyrus Design Group,Sierra Entertainment
Natural Selection,2002,Unknown Worlds Entertainment,Unknown Worlds Entertainment
NBA 2K16,2015,Visual Concepts,2K Sports
NBA Live 99,1998,NuFX,Electronic Arts
NBA Live 07,2006,EA Canada,EA Sports
Need for Speed II,1997,"EA Seattle, EA Canada",Electronic Arts
Need for Speed: Underground 2,2004,EA Black Box,EA Games
Need for Speed: Shift,2009,Slightly Mad Studios,Electronic Arts
Need for Speed Payback,2017,Ghost Games,Electronic Arts
Neon Genesis Evangelion: Iron Maiden,1998,Gainax,Bandai
Nethergate: Resurrection,2007,Spiderweb Software,Spiderweb Software
Neverwinter Nights,2002,BioWare,Infogrames/Atari
New World Order,2003,Termite Games,Strategy First
NHL 97,1996,EA Canada,EA Sports
NHL 2005,2004,"EA Canada, HB Studios",EA Sports
Nibiru: Age of Secrets,2005,Future Games,The Adventure Company
Nightlong: Union City Conspiracy,1998,"Team17, Trecision",Balmoral Software
Noctis,2000,Alessandro Ghignola,Self-published
Nox,2000,Westwood Studios,Electronic Arts
Obsidian,1996,Rocket Science Games,SegaSoft
The Office,2009,MumboJumbo,NBC
One Must Fall: Battlegrounds,2003,Diversions Entertainment,Diversions Publishing
Onlineworms,2001,Wizgate,Wizgate
Operation: Matriarchy,2005,MADIA Entertainment,Buka Entertainment
The Oregon Trail,1996,MECC,Brøderbund
Orly's Draw-A-Story,1997,ToeJam & Earl Productions,Broderbund
Outlast 2,2017,Red Barrels,Red Barrels
Over the Hedge,2006,Edge of Reality,Activision
Overwatch,2016,Blizzard Entertainment,Blizzard Entertainment
Pac-Man World Rally,2006,Smart Bomb Interactive,Namco Bandai Games
Pajama Sam 2: Thunder and Lightning Aren't so Frightening,1998,Humongous Entertainment,Atari
Panzer Dragoon,1995,Team Andromeda,Sega
Panzer Paladin,2020,Tribute Games,Tribute Games
The Path,2009,Tale of Tales,"Tale of Tales, 1C Company"
PeaceMaker,2007,ImpactGames,ImpactGames
People's General,1998,"Strategic Simulations, Inc.","Strategic Simulations, Inc."
PGA Championship Golf 1999 Edition,1999,Headgate Studios,Sierra Sports
Phantasy Star Universe,2006,Sonic Team,Sega
Playtoons No. 4: The Mandarin Prince,1995,Coktel Vision,Sierra Entertainment
Pipeline Plus,2004,Superior Interactive,Superior Interactive
Pitfall: The Mayan Adventure,1994,"Activision, Redline Games",Activision
PlanetSide 2,2012,Sony Online Entertainment,Sony Online Entertainment
Poi,2017,PolyKid,PolyKid
Pompei: The Legend of Vesuvius,2000,Arxel Tribe,Cryo Interactive
Port Royale 2,2004,Ascaron Entertainment,Take-Two Interactive
Post Mortem,2003,Microids,Microids
Powerslide,1998,Ratbag Games,GT Interactive
Primal Prey,2001,Sunstorm Interactive,Sunstorm Interactive
Princess Maker 5,2007,Gainax,"CyberFront Corporation, TTIME Technology"
Prisoners of the Sun,1997,Infogrames,Infogrames
Pro Evolution Soccer 2010,2009,Konami Computer Entertainment Tokyo,Konami
Pro Evolution Soccer 2018,2017,PES Productions,Konami
Project Eden,2001,Core Design,Eidos Interactive
Prototype 2,2012,Radical Entertainment,Activision
Pure Pure Mimi to Shippo no Monogatari,2004,Klein,Klein and Datam Polystar
Putt-Putt Joins the Circus,2000,Humongous Entertainment,Atari
Puyo Pop Fever,2004,Sonic Team,"Sega, Atlus, THQ, Ignition Entertainment"
Puzzle Quest: Challenge of the Warlords,2007,Infinite Interactive,D3 Publisher
Quake 4,2005,Raven Software,Activision
The Quest,2016,Redshift,Redshift
Rag Doll Kung Fu,2005,Qi Studios,"Valve, Merscom, Zoo Digital Publishing"
RalliSport Challenge,2002,Digital Illusions CE,Microsoft Game Studios
RapeLay,2006,Illusion Soft,Illusion Soft
RayForce,1997,Taito Corporation,"Gamebank, Cyberfront Corporation, MediaKite"
Re-Volt,1999,"Probe Ltd, Acclaim Studios Croydon","Acclaim Entertainment, Throwback Entertainment"
Reader Rabbit Playtime for Baby,1999,The Learning Company,The Learning Company
Reader Rabbit's Interactive Reading Journey 2,1997,The Learning Company,The Learning Company
Really? Really!,2006,Navel,Navel
Rebel Trucker,2003,3 Romans,Global Star Software
Red Faction II,2002,Volition,THQ
Remember 11: The Age of Infinity,2004,KID,"KID, T-TIME Technology"
Requiem Hurts,2001,Illusion,Illusion
Resident Evil 4,2005,Capcom Production Studio 4,Capcom
Return to Krondor,1998,PyroTechnix,Sierra Studios
Riana Rouge,1997,Black Dragon Productions,Black Dragon Productions
Ride to Hell,2009,Deep Silver,Deep Silver
Rise of the Argonauts,2008,Liquid Entertainment,Codemasters
Road Rash,1996,Electronic Arts,Electronic Arts
Robot Wars: Arenas of Destruction,2001,Climax Entertainment,BBC Multimedia
Rockett's New School,1997,Purple Moon,Purple Moon
Rollcage Stage II,2000,Attention to Detail,Take-Two Interactive
Romance of the Three Kingdoms X,2004,Koei,Koei
Room Zoom,2004,Blade Interactive,Jaleco
RPG Maker XP,2004,Enterbrain,Enterbrain
Rugby 2005,2005,EA Canada,Electronic Arts
Rune: Halls of Valhalla,2001,Human Head Studios,Gathering of Developers
The Saboteur,2009,Pandemic Studios,Electronic Arts
Sakura Spirit,2014,Winged Cloud,Sekai Project
Samurai Gunn,2013,Teknopants,Maxistentialism
Santa Claus in Trouble,2002,Joymania,CDV
Scarface: The World Is Yours,2006,Radical Entertainment,Sierra Entertainment
Scrapland,2004,Mercury Steam Entertainment,Enlight
SeaWorld Adventure Parks Tycoon,2003,Deep Red Games,Activision
The Secret of Shadow Ranch,2004,Her Interactive,DreamCatcher
Secret Service 2,2003,4D Rulers,Activision Value
Sega GT,2001,Wow Entertainment,"Sega Corporation, Sega PC"
Sega Worldwide Soccer '97,1996,Sega,Sega
Serious Sam,2001,Croteam,Gathering of Developers
The Settlers: Heritage of Kings,2005,Blue Byte,Ubisoft
Shadow Ops: Red Mercury,2004,Zombie Studios,Atari
Shakedown: Hawaii,2019,Vblank Entertainment,Vblank Entertainment
Shaq Fu: A Legend Reborn,2015,Big Deez Productions,Big Deez Productions
Shellshock 2: Blood Trails,2009,Rebellion Developments,Eidos Interactive
The Shield,2007,"Point of View, Inc.",Aspyr Media
Shockwave Assault,1995,Crystal Dynamics,"Crystal Dynamics, Electronic Arts"
Shrek the Third,2007,"7 Studios, Shaba Games",Activision
Sid Meier's SimGolf,2002,Maxis,Electronic Arts
Silent Hunter 4: Wolves of the Pacific (Deluxe Edition),2007,Ubisoft SRL,Ubisoft GmbH
Silver Knights,2002,Haruo Teshima,
SimCity Societies: Destinations,2008,Tilted Mill Entertainment,Electronic Arts
Simon the Sorcerer 3D,2002,Headfirst Productions,Adventure Soft
The Simpsons: Virtual Springfield,1997,Digital Evolution,Fox Interactive
The Sims 2: Pets,2006,Maxis,EA Games
The Sims: Hot Date,2001,Maxis,Electronic Arts
SiN: Reloaded,2021,Nightdive StudiosSlipgate IronworksRitual Entertainment,3D RealmsNightdive Studios
Six Days in Fallujah,2010,Atomic Games,Atomic Games
Slave Zero,1999,Accolade,"Atari, Infogrames"
Sniper: Ghost Warrior,2010,City Interactive,City Interactive
Solar Crusade,1996,Infogrames,Infogrames
Söldner: Secret Wars,2004,Wings Simulations,JoWood Productions
Sonic Dreams Collection,2015,Arcane Kids,Arcane Kids
Sonic Riders,2006,Sonic Team,Sega
Sorry!,1998,Hasbro Interactive,Third-I Productions
South Park Rally,1999,Tantalus Interactive,Acclaim Entertainment
Space Empires III,1997,Malfador Machinations,Malfador Machinations
Space Pirates,2008,"American Laser Games, Inc.",1C Company
Spark the Electric Jester 3,TBA,Feperd Games,Feperd Games
Speedball 2 Tournament,2007,Kylotonn,Frogster Interactive Pictures
SpellForce 2: Shadow Wars,2006,Phenomic,"JoWood Productions, Aspyr Media"
The Spiderwick Chronicles,2008,Stormfront Studios,Sierra Entertainment
Spore,2008,Maxis,Electronic Arts
SpyHunter,2001,"Paradigm Entertainment, Point of View, Inc., Sidhe Interactive",Midway Games
Star General,1996,Catware,Strategic Simulations
Star Trek: Away Team,2001,Reflexive Entertainment,Activision
Star Trek: Legacy,2006,Mad Doc Software,Bethesda Softworks
Star Trek: Starship Creator Warp II,2000,Imergy,Simon & Schuster
Star Wars Galaxies: Episode III Rage of the Wookiees,2005,Sony Online Entertainment,LucasArts
Star Wars: Battlefront II,2005,Pandemic Studios,LucasArts
Star Wars: Knights of the Old Republic,2003,BioWare,LucasArts
Star Wars: The Force Unleashed,2008,LucasArts,LucasArts
Star Wars: X-Wing Collector Series,1998,Totally Games,LucasArts
StarCraft II: Wings of Liberty,2010,Blizzard Entertainment,Blizzard Entertainment
Stars!,1995,"Jeff Johnson, Jeff McBride",Empire Interactive
Startopia,2001,Mucky Foot Productions,Eidos Interactive
Steer Madness,2004,Veggie Games Inc,Veggie Games Inc
Steredenn,2017,Pixelnest Studio,Pixelnest Studio
Stranglehold,2007,Midway Chicago,Midway Games
Street Racing Syndicate,2004,"Eutechnyx, Streamline Studios",Namco
Stronghold Legends,2006,Firefly Studios,2K Games
Subterra,2001,Crystal Shard,Spiderweb Software
Summoner,2000,Volition,THQ
Super Match Soccer,1998,Cranberry Source,Acclaim Entertainment
Supreme Commander,2007,Gas Powered Games,THQ
Survival Project,2003,IO Entertainment,"Happy Digi, HanbitSoft, et al."
Swing,1997,Software 2000,Software 2000
"Sydney Mystery, The",2003,Twilight Software,Twilight Software
Tactical Operations II: Beyond Destruction,1996,MIND MultiMedia,Kattmann Publishing
Tales of Eternia Online,2006,"Namco, Dwango","Namco, Dwango"
Tasty Blue,2015,Dingo Games,Dingo Games
Teenage Mutant Ninja Turtles: Mutant Melee,2005,Konami,Konami
Terminator Salvation,2009,GRIN,Equity Games
Test Drive 4,1996,Pitbull Syndicate,Accolade
TetriNET,1997,St0rmCat,
They,2009,Metropolis Software,"IMC, InteractiveMediaConsulting"
ThinkTanks,2003,BraveTree Productions,GarageGames
Thrillville: Off the Rails,2007,Frontier Developments,LucasArts
Tiger Woods PGA Tour 06,2005,EA Sports,EA Games
Timon & Pumbaa's Jungle Games,1995,7th Level,Disney Interactive
Titanic: Adventure Out of Time,1996,Cyberflix,"GTE Entertainment, Europress"
Tokimeki Memorial Online,2006,Konami,Konami
Tom Clancy's Rainbow Six,1998,Red Storm Entertainment,Red Storm Entertainment
Tom Clancy's Splinter Cell,2002,Ubisoft Montreal,"Ubisoft, Aspyr Media"
Tomb Raider III,1998,Core Design,Eidos Interactive
Tonic Trouble,1999,Ubisoft Montreal,Ubisoft
Toontown Online,2003,Walt Disney Internet Group,The Walt Disney Company
Top Trumps Adventures: Horror and Predators,2007,"SoGoplay, Ironstone Partners",Ubisoft
Total Club Manager 2003,2002,Electronic Arts,Electronic Arts
Totems,2008,10tacle Studios Belgium,10tacle Studios
TrackMania,2004,Firebrand Games,"Digital Jesters, Focus, Enlight, Valve"
Trash,2005,Inhuman Games,Inhuman Games
Trespasser,1998,DreamWorks Interactive,Electronic Arts
Trine,2009,Frozenbyte,"Nobilis, SouthPeak Games"
Tropico 2: Pirate Cove,2003,Frog City Software,"Gathering of Developers, Take-Two Interactive"
The Truth About 9th Company,2008,"Extreme Developers, Kranx Productions",1C Company
Turok: Evolution,2003,Super Happy Fun Fun,Acclaim Entertainment
Tycoon City: New York,2006,Deep Red Games,Atari
UEFA Euro 2008,2008,"EA Canada, HB Studios",EA Sports
Ultima IX: Ascension,1999,Origin Systems,Electronic Arts
Ultimate Spider-Man,2005,"Treyarch, Beenox, Vicarious Visions",Activision
Universal Combat,2004,Derek Smart,3000AD
Up,2009,Heavy Iron Studios,THQ
V-Rally,1997,Eden Studios,Infogrames
A Vampyre Story,2008,Autumn Moon Entertainment,Crimson Cow
Vegas Tycoon,2004,Deep Red Games,Global Star Software
Victoria: An Empire Under the Sun,2003,Paradox Interactive,Paradox Interactive
Vikings,1998,Index+,France Telecom Multimedia
Virtua Tennis,1999,Sega-AM3,Sega
Virtual Safari,1996,Anglia Multimedia,Fujitsu Interactive
Voyage: Inspired by Jules Verne,2005,Kheops Studio,The Adventure Company
War Gods,1996,Midway Games,Midway Games
Warcraft III: The Frozen Throne,2003,Blizzard Entertainment,Blizzard Entertainment
"Warhammer 40,000: Dawn of War – Soulstorm",2008,Iron Lore Entertainment,THQ
Warlords Battlecry III,2004,Infinite Interactive,Enlight Software
Warsow,2009,Warsow team,Chasseur de Bots
Wedding Dash,2007,PlayFirst,PlayFirst
Wheelman,2009,Midway Studios Newcastle,Midway Games
Wik and the Fable of Souls,2004,Reflexive Entertainment,Reflexive Entertainment
Wing Commander: Prophecy Gold Edition,1998,Origin Systems,Electronic Arts
Wings Over Europe,2006,Third Wire Productions,"Destineer, Bold Games"
The Witcher 3: Wild Hunt,2015,CD Projekt Red,"CD Projekt, Warner Bros. Interactive Entertainment, Bandai Namco Entertainment"
WolfQuest,2008,"Minnesota Zoo, Eduweb",Eduweb
World Empire V,2003,Viable Software Alternatives,Viable Software Alternatives
World of Warcraft,2004,Blizzard Entertainment,Blizzard Entertainment
World of Warcraft: Shadowlands,2020,Blizzard Entertainment,Blizzard Entertainment
World War II: Frontline Command,2003,Bitmap Brothers,"Deep Silver, Strategy First"
Worms Blast,2002,Team17,Ubisoft
WWE 2K19,2018,Yuke'sVisual Concepts,2K Sports
XCOM: Enemy Unknown,2012,Firaxis Games,Take-Two Interactive Software
X-Men Cartoon Maker,1996,Instinct Corporation,Knowledge Adventure
X2: The Threat,2003,Egosoft,"Deep Silver, Enlight"
Xpand Rally,2004,Techland,"Techland, Micro Application"
Yoho Ahoy: All Aboard!,2000,BBC Multimedia,BBC Multimedia
Ys I: Eternal,1989,Nihon Falcom,Nihon Falcom
Yu-Gi-Oh! Power of Chaos: Yugi the Destiny,2003,Konami,Konami
Zeno Clash,2009,ACE Team,"Valve, Noviy Disk"
Zhaine Great Game,2005,ZS Publishers,BG Industries
Zoo Tycoon 2: Endangered Species,2005,Blue Fang Games,Microsoft Game Studios
Zuma,2003,PopCap Games,PopCap Games
