102 Dalmatians: Puppies to the Rescue,2000,Crystal Dynamics,Eidos Interactive
2006 FIFA World Cup,2006,EA Canada,EA Sports
4x4 Evolution,2000,Terminal Reality,Gathering of Developers
A-10 Cuba!,1996,Parsoft Interactive,Activision
Ace Ventura,1996,7th Level,Bomico Entertainment Software
Activision Anthology,2002,MacPlay,Activision
The Adventures of Lomax,1996,Psygnosis,Psygnosis
Agatha Christie: Murder on the Orient Express,2006,AWE Productions,The Adventure Company
Age of Empires II: The Forgotten,2013,SkyBox Labs,Microsoft Game Studios
Age of Pirates: Caribbean Tales,2006,Akella,"1C Company, Playlogic Entertainment"
Age of Wonders II: The Wizard's Throne,2002,Triumph Studios,Take 2
Airport Mania,2008,Reflexive Entertainment,Reflexive Entertainment
Alchemy,2001,PopCap Games,PopCap Games
Alien Swarm,2010,Valve,Valve
Allied General,1995,Strategic Simulations,Strategic Simulations
Amazon Trail 3rd Edition,1998,MECC,The Learning Company
Amnesia: The Dark Descent,2010,Frictional Games,Frictional Games
Angelique,1994,Ruby Party,Koei
Anno 1503,2003,Max Design,Sunflowers
Antinomy of Common Flowers,2017,"Twilight Frontier, Team Shanghai Alice","Twilight Frontier, Team Shanghai Alice"
Arcanum: Of Steamworks and Magick Obscura,2001,Troika Games,Sierra Entertainment
Armadillo Run,2006,Peter Stock,
Arthur and the Invisibles,2007,Etranges Libellules,Atari
Assassin's Creed,2008,Ubisoft Montreal,Ubisoft
Assassin's Creed Syndicate,2016,Ubisoft Quebec,Ubisoft
Asteroids (Microsoft Arcade),1993,Microsoft,Microsoft
Atari Anthology,2004,Digital Eclipse,Atari
Atlantis The Lost Empire: Trial by Fire,2001,Zombie Inc.,Disney Interactive
Audiosurf,2008,Dylan Fitterer,"Audiosurf, LLC"
Avatar: The Last Airbender,2006,"THQ, TOSE",THQ
Avernum 5,2007,Spiderweb Software,Spiderweb Software
Aztaka,2009,Citeremis,Citeremis
Backyard Football '08,2007,Humongous Entertainment,Atari
Baldr Force,2002,GIGA Team Baldrhead,GIGA Co.
Bandits: Phoenix Rising,2002,Grin,Pan Vision
Barbie Fashion Show: An Eye for Style,2008,Treyarch,Activision
The Basement Collection,2012,Edmund McMillen and Tyler Glaiel,Headup Games
Battle Isle: The Andosia War,2000,Cauldron Ltd.,Blue Byte
Battlefield 1942: The Road to Rome,2003,Digital Illusions CE,EA Games
Battlefield V,2018,EA DICE,Electronic Arts
Battleground 5: Antietam,1996,TalonSoft,TalonSoft
Battlezone II: Combat Commander,1999,Pandemic Studios,Activision
Beetle Buggin',2000,Xpiral,Infogrames
Bet On Soldier: Blood Sport,2005,Kylotonn,Digital Jesters
Big Kahuna Reef 2,2006,Reflexive Entertainment,Reflexive Entertainment
Billy the Wizard: Rocket Broomstick Racing,2006,Data Design Interactive,"Conspiracy Entertainment, Data Design Interactive"
Bionicle Heroes,2006,TT Games,Eidos Interactive
Blacklight: Retribution,2012,Zombie Studios,EA Games
BlackSite: Area 51,2007,Midway Studios Austin,Midway
Bliss,2005,Games for Loving,Games for Loving
Blood II: The Chosen,1998,Monolith Productions,GT Interactive
Blueberry Garden,2009,Erik Svedäng,Valve
Bomby,2002,X-Ways,X-Ways
Borderlands,2009,Gearbox Software,2K Games
Bratz Babyz,2006,AWE Games,THQ
Breed,2004,Brat Designs,Cdv Software Entertainment
Broken Sword II: The Smoking Mirror,1997,Revolution Software,Virgin Interactive Entertainment
Brütal Legend,2013,Double Fine Productions,Double Fine Productions
Bugs Bunny & Taz: Time Busters,2000,Artificial Mind and Movement,Infogrames
C-Dogs SDL,2016,Ronny Wester,Ronny Wester
Cabela's Big Game Hunter,1998,Elsinore Multimedia,"HeadGames Publishing, Inc."
Cabela's Big Game Hunter: 2004 Season,2003,Sand Grain Studios,"Activision Publishing, Inc."
Cabela's Outdoor Adventures,2005,"Sand Grain Studios, Fun Labs, Magic Wand Productions","Activision, Zoo Digital Publishing"
Call for Heroes: Pompolic Wars,2007,Quotix Software,Strategy First
Call of Duty: United Offensive,2004,Gray Matter Interactive,"Activision, Aspyr"
Candy Crush Saga,2015,King,King
Caravel DROD,2002,Caravel Games,Caravel Games
Carmageddon TDR 2000,2000,Torus Games,"SCi, Xicat Interactive, Inc."
Cars,2006,"Rainbow Studios, Pacific Coast Power & Light, Capybara Games",THQ
Casper Brainy Book,1995,Knowledge Adventure,Knowledge Adventure
Cat Quest,2017,The Gentlebros,PQube
Celebrity Deathmatch,2003,Big Ape Productions,Gotham Games
Championship Manager: Season 00/01,2000,Sports Interactive,Eidos
Championship Manager 2008,2007,Beautiful Game Studios,Eidos Interactive
Charlie and the Chocolate Factory,2005,High Voltage Software,Global Star Software
Chessmaster 6000,1996,Mindscape,Virgin Interactive Entertainment
Chex Quest 3,2008,"Charles Jacobi, Scott Holman",
Chocolatier,2007,Big Splash Games LLC,PlayFirst
The Chronicles of Riddick: Escape from Butcher Bay,2004,Starbreeze Studios,Vivendi Games
CID The Dummy,2009,Oxygen Games,Oxygen Games
CivCity: Rome,2006,Firefly Studios and Firaxis,2K Games
Civilization IV: Colonization,2008,Firaxis,2K Games
Clive Barker's Jericho,2007,MercurySteam,Codemasters
Close Combat: First to Fight,2005,Destineer,2K Games
The Club,2008,Bizarre Creations,Sega
The ClueFinders: Mystery Mansion Arcade,2002,The Learning Company,The Learning Company
Code of Honor 3: Desperate Measures,2009,City Interactive,City Interactive
Cold War,2005,Mindware Studios,DreamCatcher Games
College Slam,1996,Iguana Entertainment,Acclaim
Combat Mission II: Barbarossa to Berlin,2002,battlefront.com,CDV
Command & Conquer 4: Tiberian Twilight,2010,EA Los Angeles,Electronic Arts
Command & Conquer: Tiberian Sun,1999,Westwood Studios,EA Games
Commandos: Strike Force,2006,Pyro Studios,Eidos Interactive
Conflict: Desert Storm,2002,Pivotal Games,SCi
Constantine,2005,"Bits Studios, SCI Games","THQ, Warner Bros. Digital Distribution"
Corsairs: Conquest at Sea,1999,Microids,Microids
Counter-Strike: Condition Zero,2004,Valve,Vivendi Universal
Crazy Machines,2005,FAKT Software,Novitas Publishing
Crescendo,2001,Digital Object,"Yuto Group, G-Collections"
Cricket Coach 2009,2009,Rockingham Softwares,Rockingham Softwares
Croc: Legend of the Gobbos,1997,Argonaut Software,Fox Interactive
Crysis,2007,Crytek,Electronic Arts
CSI: Dark Motives,2004,369 Interactive,Ubisoft
Culpa Innata,2007,Momentum AS,Strategy First
Cutthroats: Terror on the High Seas,1999,Hothouse Creations,Eidos Interactive
Damage Incorporated,1997,Paranoid Productions,WizardWorks
Danger on Deception Island,2003,Her Interactive,DreamCatcher
The Dark Eye: Chains of Satinav,2012,Daedalic Entertainment,Deep Silver
Dark Reign: Rise of the Shadowhand,1998,Activision,Activision
Darkened Skye,2002,Boston Animation,"Simon & Schuster, TDK Mediactive, Oxygen Games"
DarkStar One,2006,Ascaron Entertainment,CDV Software
Dawn of Magic,2007,SkyFallen Entertainment,"1C Company, Deep Silver"
Dead Cells,2018,Motion Twin,Motion Twin
Dead Space,2008,Visceral Games,Electronic Arts
Deadly Dozen,2001,nFusion,Infogrames
Death Rally,2012,"Cornfox & Brothers, Mountain Sheep",Remedy Entertainment
DECO Online,2005,Rocksoft,"P2P Pte. Ltd., Gameleon, Uzoo, PlayOn Interactive"
Deer Hunter: Interactive Hunting Experience,1997,Sunstorm Interactive,WizardWorks
Deer Hunter 5: Tracking Trophies,2001,"Sunstorm Interactive, Sylum Entertainment",WizardWorks
Defense Grid: The Awakening,2008,Hidden Path Entertainment,Aspyr Media
Delta Force 2,1999,Novalogic,Novalogic
Delta Force: Xtreme 2,2009,NovaLogic,NovaLogic
Descent II,1996,Parallax Software,Interplay Entertainment
Desert Rats vs. Afrika Korps,2004,Digital Reality,"Encore Software, Inc,"
Destroy All Humans! 2,2006,Pandemic Studios,THQ
Devil Daggers,2016,Sorath,Sorath
Diablo III,2012,Blizzard North,"Blizzard Entertainment, Sierra Entertainment"
Digger,2003,Windmill Software,Windmill Software
Dino Crisis 2,2000,Capcom Production Studio 4,Capcom
Disciples III: Renaissance,2009,Akella,"Strategy First, Akella"
Disney Magicboard Online,2007,Shanda,The Walt Disney Company
Divinity II: Ego Draconis,2009,Larian Studios,DTP Entertainment
Domination,2005,Wargaming,DreamCatcher Games
Doom,2016,id Software,Bethesda Softworks
Double Spoiler,2010,Team Shanghai Alice,Team Shanghai Alice
Dracula: Resurrection,1999,"Index+, Canal+ Multimedia, France Telecom Multimedia",Microids
Dragon Ball Xenoverse 2,2016,Dimps,Namco Bandai Games
Dragon's Lair II: Time Warp,1996,"Sullivan Bluth Interactive Media, Inc.",ReadySoft Incorporated
Dream Match Tennis,2006,Bimboosoft Co. Ltd,Bimboosoft Co. Ltd
DROD RPG: Tendry's Tale,2008,Caravel Games,Caravel Games
Duke Nukem 3D Atomic Edition,2013,3D Realms Entertainment,3D Realms Entertainment
Dungeon Keeper 2 (Special Edition),1999,Bullfrog Productions,Electronic Arts
Dungeons & Dragons: Dragonshard,2005,Liquid Entertainment,Atari
Dynomite!,2002,Raptisoft GamesPopCap Games,PopCap Games
Earth 2150: Lost Souls,2002,Infinite-XZUXXEZ Entertainment,Oxygen Interactive
Earthworm Jim,1995,Shiny Entertainment,Activision
"Ed, Edd n Eddy: The Mis-Edventures",2005,Artificial Mind and Movement,Midway Games
Egoboo,1999,Egoboo Development Team,Ben Bishop
The Elder Scrolls IV: Shivering Isles,2007,Bethesda Softworks,"Bethesda Softworks, 2K Games"
Elf Bowling 7 1/7: The Last Insult,2007,"Hot Lava Games, NStorm, Inc.","MumboJumbo, LLC"
Emergency Fire Response,2003,Monte Cristo Multimedia,DreamCatcher Interactive
Empire Earth II,2005,Mad Doc Software,Vivendi Universal
Endless Ages,2003,Avaria Corporation,SummitSoft Entertainment
Enigmo,2003,Pangea Software,Pangea Software
Eschalon: Book I,2007,Basilisk Games,Basilisk Games
Eti Yami: Mekanik Istila,2006,"Infosfer, Yogurt Teknolojileri",Eti Pazarlama ve Sanayi A.S.
Europa Universalis III,2007,Paradox Interactive,Paradox Interactive
Eve Online,2003,CCP Games,"SSI, CCP Games"
EverQuest: Lost Dungeons of Norrath,2003,Sony Online Entertainment,Sony Online Entertainment
Evidence: The Last Ritual,2006,Lexis Numerique,"Ubisoft, The Adventure Company"
Evochron Renegades,2007,StarWraith 3D Games,StarWraith 3D Games
Explodemon,2009,Curve Studios,Curve Studios
F-22 Raptor,1997,Novalogic,Novalogic
F.E.A.R. Extraction Point,2006,TimeGate Studios,Vivendi Universal
Factorio,2006,Wube Software,Wube Software
Fairy Godmother Tycoon,2007,Pogo.comElectronic Arts,Electronic Arts
Fallout,1997,Black Isle Studios,Interplay Entertainment
Fantastic Four,2005,"7 Studios, Beenox Studios",Activision
Farland Saga: Toki no Michishirube,1997,Technical Group Laboratory,Technical Group Laboratory
Fate,2005,"WildStudios, WildTangent",WildTangent
FIFA 08,2007,EA Canada,EA Sports
FIFA 16,2015,EA Canada,EA Sports
FIFA 97,1996,EA Canada,Electronic Arts
FIFA Manager 08,2007,Bright Future,Electronic Arts
Fighters Anthology,1997,Jane's Combat Simulations,Electronic Arts
Final Fantasy XV: Windows Edition,2018,Square Enix,Square Enix
Fire Fight,1996,"Chaos Works, Epic MegaGames",Electronic Arts
FlatOut,2004,Bugbear Entertainment,Empire Interactive
Flight Unlimited II,1997,Looking Glass Studios,Eidos Interactive
Football Manager,2005,Sports Interactive,SEGA
Football Mania,2002,Silicon Dreams Studio,Electronic Arts
Formula 1,1996,Bizarre Creations,Psygnosis
Fragile Allegiance,1997,"Gremlin Interactive, Cajji Software",Gremlin Interactive
Freddi Fish 3: The Case of the Stolen Conch Shell,1998,Humongous Entertainment,Humongous Entertainment
Freedom Fighters,2003,IO Interactive,Electronic Arts
Frobot,2010,Fugazo Studios,Fugazo Studios
Front Page Sports: Baseball Pro '96 Season,1996,Dynamix,Sierra On-Line
Frontlines: Fuel of War,2008,Kaos Studios,THQ
Full Pipe,2003,Pipe Studio,1C Company
Fun School 5 in Time,1995,Europress Software,Europress Software
Fury3,1995,Terminal Reality,Microsoft
G-Nome,1997,7th Level,7th Level
Gal*Gun Returns,2021,Inti Creates,"Inti Creates, PQube"
Galidor: Defenders of the Outer Dimension,2003,Asylum Entertainment,"Lego Interactive, Electronic Arts"
Garry's Mod,2005,Facepunch Studios,Valve
Gears of War 4,2016,The Coalition,Microsoft Studios
Geneforge 5: Overthrow,2008,Spiderweb Software,Spiderweb Software
Gex,1994,Crystal Dynamics,BMG Interactive
Ghostbusters: The Video Game,2009,"Terminal Reality, Threewave Software",Atari
Gladiators of Rome,2002,Cat Daddy Games LLC,Activision Value
Glover,1998,Interactive Studios,Hasbro Interactive
GoldenEye: Source,2010,Team Goldeneye: Source,
Gothic II: Night of the Raven,2003,Piranha Bytes,"JoWood, Aspyr"
Grand Theft Auto,1997,DMA Design,"BMG Interactive, ASC Games"
Grand Theft Auto: Vice City,2002,Rockstar North,Rockstar Games
Green Hell,2019,Creepy Jar,
Gridrunner++,2002,Llamasoft,Llamasoft
GT Racers,2004,Aqua Pacific,Oxygen Interactive
Guild Wars: Eye of the North,2007,ArenaNet,NCSoft
Gun,2005,"Neversoft, Beenox",Activision
Half-Life,1998,Valve,Sierra Studios
Halo: Combat Evolved,2001,"Bungie, Gearbox Software",Microsoft Game Studios
The Hardy Boys: The Hidden Theft,2008,JoWooD,The Adventure Company
Haru no Ashioto,2004,Alchemist,Minori
Hearts of Iron,2002,Paradox Interactive,Strategy First
Heavy Weapon,2005,PopCap Games,PopCap Games
Hello Kitty: Roller Rescue,2005,XPEC Entertainment,"Namco, Empire Interactive"
Heroes Chronicles: Masters of the Elements,2000,New World Computing,3DO
Heroes of Might and Magic III: The Restoration of Erathia,1999,New World Computing,3DO
Heroes of Might and Magic V: Tribes of the East,2007,Nival Interactive,Ubisoft
Hexen: Deathkings of the Dark Citadel,1997,Raven Software,id Software
Hidden Expedition: Titanic,2006,Big Fish Studios,Big Fish Games
The History Channel: Civil War - A Nation Divided,2006,Cauldron HQ,Activision Value
The Hobbit,2003,Inevitable Entertainment,Vivendi Universal
Hood: Outlaws & Legends,2021,Sumo Digital,Focus Home Interactive
Hostile Waters: Antaeus Rising,2001,Rage Games Limited,Rage Games Limited
Hot Wheels: Stunt Track Challenge,2004,Climax Group,THQ
Hoyle's Backgammon & Cribbage,1999,Sierra On-Line,Sierra On-Line
Hoyle Casino Empire,2002,Sierra Entertainment,Sierra Entertainment
"Hugo II, Whodunit?",1995,Gray Design Associates,Gray Design Associates
Hysteria Hospital: Emergency Ward,2009,Game Invest,Oxygen Games
"I-War, Independence War",1997,Particle Systems,Infogrames
Ignition,1995,Unique Development Studios,Virgin Interactive
Immortal Redneck,2017,Crema Games,Crema Games
Impossible Creatures,2003,Relic Entertainment,Microsoft Game Studios
Incoming Forces,2002,Rage Software,Hip Interactive
Independence War 2: Edge of Chaos,2001,Particle Systems,Infogrames
Infantry,1999,Harmless Games LLC,Sony Online Entertainment
Insaniquarium,2004,Flying Bear Entertainment,PopCap Games
International Cricket Captain 2009,2009,2P Games,Childish Things
Interstate '76 Nitro Pack,1997,Activision,Activision
Ironclads: American Civil War,2008,Totem Games,Totem Games
Jack the Ripper,2003,Galilea Games,The Adventure Company
Jane's IAF: Israeli Air Force,1998,Pixel Multimedia,Electronic Arts
Jet Moto,1997,Pacific Coast Power & Light,989 Sports
Jinkō Shōjo 2,2004,Illusion,Illusion
Journey to Rooted Hold,2005,Caravel Games,Caravel Games
JumpStart Adventures 3rd Grade: Mystery Mountain,1996,Knowledge Adventure,Knowledge Adventure
Jurassic Park III: Dino Defender,2001,Knowledge Adventure,Knowledge Adventure
Kango Shicyauzo,2001,Trabulance,"Trabulance, G-Collections"
Kelly Slater's Pro Surfer,2002,"Treyarch, Babaroga",Activision
King's Bounty: The Legend,2008,Katauri Interactive,1C Company
KKND2: Krossfire,1998,Beam Software,Atari
Knights of the Temple II,2005,TDK Recording Media Europe S.A.,Playlogic International
Kudos 2,2008,Positech Games,Positech Games
La Terre,2003,Microids,Microids
Lands of Lore: Guardians of Destiny,1997,Westwood Studios,Virgin Interactive
The Last Express,1997,Smoking Car Productions,"Broderbund, Interplay"
Law & Order: Double or Nothing,2003,Legacy Interactive,Vivendi Universal
Left Behind: Eternal Forces,2006,Left Behind Games,Left Behind Games
Legacy of Kain: Soul Reaver,1999,Crystal Dynamics,Eidos Interactive
Legends of Might and Magic,2001,New World Computing,3DO
Lego Indiana Jones 2: The Adventure Continues,2009,Traveller's Tales,LucasArts
Lego Racers 2,2001,Attention to Detail,Lego Software
Leisure Suit Larry: Love for Sail!,1996,Sierra On-Line,Sierra On-Line
Let's Play Pet Hospitals,2008,Biodroid Productions,Deep Silver
Line of Sight: Vietnam,2003,nFusion,"Infogrames, Atari"
Little Britain: The Video Game,2007,Revolution Studios,Blast! Entertainment Ltd
Lode Runner Online: Mad Monks' Revenge,1995,Presage,Sierra On-Line
Lord of the Rings: Conquest,2009,Pandemic Studios,Electronic Arts
Lords of Magic,1998,Impressions Games,Sierra Entertainment
The Lost Mind of Dr. Brain,1994,Sierra Entertainment,Sierra Entertainment
Lugaru,2005,Wolfire Games,Wolfire Games
Lux,2002,Sillysoft Games,Sillysoft Games
Mace Griffin: Bounty Hunter,2004,Warthog Games,Vivendi Universal
Madden NFL 98,1997,EA Tiburon,EA Sports
Madden NFL 06,2005,EA Tiburon,EA Sports
Mafia: The City of Lost Heaven,2002,Illusion Softworks,Gathering of Developers
Magic: The Gathering – Duels of the Planeswalkers,2009,Stainless Games,Wizards of the Coast
Majestic,2001,Anim-X,Electronic Arts
Maldita Castilla,2012,Locomalito,Locomalito
Mankind,1998,"Quantex, O2 Online Entertainment",O2 Online Entertainment
Mare Nostrum,2008,Sandstorm Productions,Valve
Mass Effect 2,2010,BioWare,Electronic Arts
The Matrix Online,2005,Monolith Productions,"Warner Brothers, SEGA"
Maximum Capacity: Hotel Giant,2002,Enlight,JoWood Productions
MechWarrior 3: Pirate's Moon,1999,Zipper Interactive,Hasbro Interactive
"Medieval Lords: Build, Defend, Expand",2005,Monte Cristo Multimedia,Monte Cristo Multimedia
Mega Man Legends 2,2000,Capcom Production Studio 2,"Capcom Entertainment, Inc."
Mega Man X8,2005,Capcom Production Studio 1,Capcom
The Messenger,2001,"Canal+ Multimedia, Index+","DreamCatcher Interactive, Microids"
Mia's Math Adventure: Just in Time!,2001,Kutoka Interactive,Kutoka Interactive
Microsoft Baseball 2001,2000,Microsoft,Microsoft
Microsoft Flight Simulator 2004: A Century of Flight,2003,Microsoft,Microsoft
Microsoft Pinball Arcade,1998,Microsoft,Microsoft
Midway Arcade Treasures Deluxe Edition,2006,Midway Games,Midway Games
Might and Magic IX,2002,New World Computing,3DO
Mini Ninjas,2009,IO Interactive,Eidos Interactive
Mob Enforcer,2004,Touchdown Entertainment,"ValuSoft, Kemco, GFI Russia, Russobit-M"
Monopoly,1995,Westwood Studios,Hasbro Interactive
Monopoly World Cup France 98 Edition,1998,Unknown,Hasbro Interactive
Monsters vs. Aliens,2009,Beenox,Activision
Mortal Kombat 3,1996,Midway Games,GT Interactive Software Corp.
Mosby's Confederacy,2008,Tilted Mill Entertainment,Tilted Mill Entertainment
MotoGP 14,2014,Milestone srl,Milestone srl
Mount & Blade,2008,TaleWorlds,Paradox Interactive
Mu Online,2003,Webzen,"Webzen, Digital Media Exchange"
My Disney Kitchen,2002,Atlus,Disney Interactive
Mysterious Journey II,2003,Detalion,"DreamCatcher Interactive, The Adventure Company"
Mystery P.I.: The Lottery Ticket,2007,SpinTop Games,PopCap Games
Mytheon,2010,Petroglyph Games,"True Games, Goa"
Narbacular Drop,2005,Nuclear Monkey Software,DigiPen
NASCAR Craftsman Truck Series Racing,1999,Papyrus Design Group,Sierra On-Line
NASCAR Thunder 2003,2002,"EA Sports, Budcat Creations",Electronic Arts
NBA 2K13,2012,Visual Concepts,2K Sports
NBA Hangtime,1996,Midway Games,Midway Games
NBA Live 2004,2003,EA Canada,Electronic Arts
Nee Pon? × Rai Pon!,2007,"Navel, Lime","Navel, Lime"
Need for Speed: Hot Pursuit 2,2002,"Black Box Games/EA Black Box, EA Seattle",EA Games
Need for Speed: Collection,2007,"Electronic Arts Black Box, EA Canada",Electronic Arts
Need for Speed: Most Wanted (2012),2012,Criterion Games,Electronic Arts
Neocron,2002,Reakktor Media GmbH,CDV Software
Nessy Learning Programme,2007,Net Educational Systems,Net Educational Systems
Network Q RAC Rally Championship,1999,Magnetic Fields,Actualize
Neverwinter Nights: Pirates of the Sword Coast,2005,BioWare,Atari
NFL Blitz,1997,Midway Games,Midway Games
NHL 2002,2001,EA Canada,EA Sports
NHL Eastside Hockey Manager,2004,Sports Interactive,Sega
Night at the Museum: Battle of the Smithsonian,2009,Amaze Entertainment,Majesco Entertainment
Ninjabread Man,2005,Data Design Interactive,"Data Design Interactive, Conspiracy Entertainment"
Nosferatu: The Wrath of Malachi,2003,Idol FX,iGames Publishing
Oasis,2005,Mind Control Software,PlayFirst
Oddworld: Abe's Oddysee,1997,Oddworld Inhabitants,GT Interactive
Omega,2003,,
Onimusha 3: Demon Siege,2004,Capcom,Capcom
Operation Flashpoint: Cold War Crisis,2001,Bohemia Interactive Studio,Codemasters
Orcs Must Die!,2011,Robot Entertainment,
Ori and the Blind Forest,2015,Moon Studios,Microsoft Studios
Outcast,1999,Appeal,Infogrames
Outpost Kaloki,2004,NinjaBee,Microsoft Game Studios
Overlord II,2009,Triumph Studios,Codemasters
Ozzie's World,1994,Digital Impact,MicroMedia Publishers Inc.
Painkiller,2004,People Can Fly,DreamCatcher Interactive
The Pandora Directive,1996,Access Software,Access Software
Panzer General 3D Assault,1999,"Strategic Simulations, Inc.","Strategic Simulations, Inc."
Paris 1313,2001,Dramaera,"Canal+ Multimedia, RMN, Microids"
PDC World Championship Darts,2006,Mere Mortals,"Oxygen Interactive, Red Ant Enterprises"
Penumbra: Black Plague,2008,Frictional Games,Paradox Interactive
Perimeter 2: New Earth,2009,KDV Games,Strategy First
Phantasmagoria of Flower View,2005,Team Shanghai Alice,Team Shanghai Alice
Playtoons No. 1: Uncle Urchibald,1994,Coktel Vision,Sierra Entertainment
Phoenix Wright: Ace Attorney − Trials and Tribulations,2006,Capcom,Capcom
Pirates of the Caribbean: At World's End,2007,Eurocom,Buena Vista Games
Planescape: Torment,1999,Black Isle Studios,Interplay Entertainment
Playboy: The Mansion,2005,Cyberlore Studios,ARUSH Entertainment
The Political Machine,2004,Stardock,Ubisoft
Pop’n Music Lively,TBA,Konami,Konami
Portugal 1111: A Conquista de Soure,2004,Ciberbit,Ciberbit
Power Dolls,1997,Kogado Software Products,Kogado Software Products
Precursors,2009,Deep Shadows,Play Ten Interactive
Prince of Persia: Warrior Within,2004,"Ubisoft Montreal, Pipeworks Software",Ubisoft
Prison Tycoon 4: Supermax,2008,Virtual Playground,ValuSoft
Pro Evolution Soccer 6,2006,Konami,Konami
Pro Evolution Soccer 2015,2014,PES Productions,Konami
Project Cars,2015,Slightly Mad Studios,Bandai Namco Entertainment
Project Torque,2008,Invictus Games,Aeria Games & Entertainment
Puppy Luv,2007,Lost Sock Games,Lost Sock Games
Putt-Putt and Pep's Balloon-o-Rama,1996,Humongous Entertainment,Humongous Entertainment
Putt-Putt's One-Stop Fun Shop,2000,Humongous Entertainment,Humongous Entertainment
Puzzle Bobble 3,1996,Taito,Taito
Quake,1996,id Software,GT Interactive
Quest of Persia: Lotfali Khan Zand,2008,QoP Dev Team,Pardis Games
Race Driver: Grid,2008,Codemasters,Codemasters
Raiden III,2006,"Moss LTD, Seibu Kaihatsu","MOSS LTD, Cyberfront Corporation, Soft-World International"
Rampage World Tour,1997,Midway Games,Midway Games
Raven Squad: Operation Hidden Dagger,2009,Atomic Motion,Evolved Games
Rayman Brain Games,2000,Ubisoft,Ubisoft
Reader Rabbit Learn to Read with Phonics 1st & 2nd Grade,1999,The Learning Company,The Learning Company
Reader Rabbit: 1st Grade,1998,The Learning Company,The Learning Company
Reader Rabbit's Reading Development Library 4,1997,The Learning Company,The Learning Company
Reassembly,2015,Anisoptera Games,Arthur Danskin
Red Baron II,1997,Dynamix,Sierra Entertainment
Redline,1999,Beyond Games,Accolade
Repton 3,2005,Superior Interactive,Superior Interactive
Resident Evil,1996,Capcom Production Studio 4,Capcom
Return Fire,1995,"Silent Software, Inc.",Prolific Publishing
RHEM,2003,Knut Muller,"Got Game Entertainment, Micro Application"
Ricochet Lost Worlds,2004,Reflexive Entertainment,Reflexive Entertainment
Rise of Flight: The First Great Air War,2009,neoqb,"777 Studios, Aerosoft, ND Games, Direct2Drive"
Risk II,2000,Deep Red Games,Hasbro Interactive
RoboBlitz,2006,Naked Sky Entertainment,Valve
Rocket League,2015,Psyonix,Psyonix
Rogue Warrior,2009,"Zombie Studios, Rebellion Developments",Bethesda Softworks
Romance of the Three Kingdoms VII,2000,Koei,Koei
Rome: Total War: Alexander,2006,The Creative Assembly,"Activision, Sega"
RPG Maker 2003,2002,Enterbrain,ASCII
Rugby 06,2006,"EA Canada, HB Studios",EA Sports
Runaway: A Road Adventure,2001,"Pendulo Studios, S.L.",Dinamic Multimedia
S.T.A.L.K.E.R.: Clear Sky,2008,GSC Game World,GSC World Publishing
The Sagara Family,2003,ZyX,ZyXG-Collections
Sam & Max Hit the Road,2002,LucasArts,LucasArts
Sangokushi Sousouden,1998,Koei,
Saw,2009,Zombie Studios,Konami
Scooby-Doo! Mystery of the Fun Park Phantom,1999,"Engineering Animation, Inc.",SouthPeak Games
Sea Dogs,2000,Akella,Bethesda Softworks
Secret Files: Tunguska,2006,Fusionsphere Systems,"Dreamcatcher Interactive, The Adventure Company, Deep Silver"
Secret Paths in the Forest,1997,Purple Moon,Purple Moon
Section 8,2009,TimeGate Studios,SouthPeak Games
Sega Smash Pack,1999,Sega,Sega
Sentient,1997,Psygnosis,Psygnosis
The Settlers III,1998,Blue Byte,Focus Multimedia Ltd.
Shadow Man,1999,Acclaim Studios Teesside,"Acclaim Entertainment, Gradiente"
Shadowgrounds Survivor,2007,Frozenbyte,Frozenbyte
Shantae and the Pirate's Curse,2015,WayForward,WayForward
Shaun White Snowboarding,2008,Ubisoft Montreal,Ubisoft
Sherlock Holmes: The Mystery of the Mummy,2002,Frogwares,The Adventure Company
Shivers,1995,Sierra On-Line,Sierra On-Line
Shrak,1997,Quantum Axcess,Quantum Axcess
Sid Meier's Gettysburg!,1997,Firaxis Games,Electronic Arts
Silent Hunter II,2002,Ultimation Inc.,Focus Multimedia Ltd.
Silent Storm,2003,Nival Interactive,JoWood Productions
SimCity 4,2003,Maxis,Electronic Arts
SimIsle: Missions in the Rainforest,1995,"Intelligent Games, Ltd.",Maxis
SimPort,2007,"Tygron, Port of Rotterdam, TU Delft",
The Sims 2: FreeTime,2008,Maxis,Electronic Arts
The Sims Life Stories,2007,EA Games,EA Games
SimTunes,1996,Maxis,Maxis
Sinking Island,2007,White Birds Productions,Microids/Encore Games
Ski Resort Tycoon II,2001,Cat Daddy Games,Activision Value
Smokin' Guns,2009,"Smokin' Guns Productions, Iron Claw Interactive",
Snow Horse,2016,KinifiGames LLC,KinifiGames LLC
Soldiers at War,1998,Random Games,"Strategic Simulations, Inc."
Sonic Adventure 2,2012,Sonic Team,Sega
Sonic Mania,2017,"Headcannon, PagodaWest Games",Sega
Sonic CD,1996,"Sonic Team, Sega PC",Sega
SourceForts,2005,SourceForts Mod Team,
Space Colony,2003,Firefly Studios,Gathering of Developers
Space Girl,1998,Realtech VR,"Titus Interactive, ANOZOR"
Space Siege,2008,Gas Powered Games,Sega
Speed Challenge: Jacques Villeneuve's Racing Vision,2002,Ubisoft,Ubisoft
SpellForce: The Order of Dawn,2003,Phenomic Game Development,"Encore, Inc."
Spider-Man Cartoon Maker,1995,Instinct Corporation,Knowledge Adventure
"SpongeBob SquarePants: Lights, Camera, Pants!",2005,"AWE Games, THQ Studio Australia, WayForward Technologies",THQ
"Spy Fox in ""Dry Cereal""",1997,Humongous Entertainment,Atari
Stalin vs. Martians,2009,Black Wing Foundation,Paradox Interactive
Star Trek Online,2010,Cryptic Studios,Atari
Star Trek: Elite Force II,2003,Ritual Entertainment,Activision
Star Trek: Starfleet Command III,2002,Taldren,Activision
Star Wars Episode I: Racer,1999,LucasArts,LucasArts
Star Wars Jedi Knight: Jedi Academy,2003,Raven Software,"LucasArts, Activision"
Star Wars: Episode I: Battle for Naboo,2000,"Factor 5, LucasArts",LucasArts
Star Wars: Shadows of the Empire,1997,LucasArts,LucasArts
Star Wars: X-Wing vs. TIE Fighter,1997,Totally Games,LucasArts
StarCraft: Brood War,1998,"Saffire, Blizzard Entertainment","Blizzard Entertainment, Sierra Entertainment"
StarPeace,2000,Oceanus Communications,"Monte Cristo Multimedia, Oceanus Communications, Sega, Pugland, SPO Team"
Starship Troopers: Terran Ascendancy,2000,Blue Tongue Entertainment,Microprose
STCC – The Game,2008,SimBin Studios,Atari
Steins;Gate: Variant Space Octet,2011,5pb.,GigasDrop
Storm: Frontline Nation,2009,Colossai Studios,SimBin Studios
Street Fighter Alpha 2,1996,Capcom,Capcom
Strong Bad's Cool Game for Attractive People,2008,Telltale Games,Telltale Games
Su-27 Flanker,1996,Eagle Dynamics,"Strategic Simulations, Inc."
The Suffering: Ties That Bind,2005,Surreal Software,Midway Games
Super Columbine Massacre RPG!,2005,Danny Ledonne,
Supercar Street Challenge,2001,Exakt Entertainment,Activision
Supreme Warrior,1994,Digital Pictures,Digital Pictures
Swarm,1998,Reflexive Entertainment,Reflexive Entertainment
Syberia II,2004,MC2-Microids,"XS Games, LLC"
Tabloid Tycoon,2005,ValuSoft,"ValuSoft, Global Software Publishing"
Takeda,2001,Magitech,"Xicat Interactive, Inc."
Taptiles,2012,Arkadium,Microsoft Studios
Team Sonic Racing,2019,Sumo Digital,Sega
Ten Desires,2011,Team Shanghai Alice,Team Shanghai Alice
Terrawars: New York Invasion,2006,Ladyluck Digital Media,Tri Synergy
Test Drive Off-Road 3,1999,Infogrames North America,Infogrames North America
Theme Hospital,1997,Bullfrog Productions,Electronic Arts
Thief II: The Metal Age,2000,Looking Glass Studios,Eidos Interactive
Three Lions,1998,Z-Axis,BMG Interactive
Tibia,1997,CipSoft GmbH,CipSoft GmbH
Timelapse,1996,GTE Interactive Media,GTE Interactive Media
TiQal,2008,Slapdash Games,Microsoft Game Studios
Togainu no Chi,2005,Nitro+chiral,Nitro+chiral
Tom Clancy's Ghost Recon: Island Thunder,2003,Red Storm Entertainment,Ubisoft
Tom Clancy's Rainbow Six: Vegas,2006,Ubisoft Montreal,Ubisoft
Tom Clancy's SSN,1996,Clancy Interactive Entertainment,Simon & Schuster Interactive
Tomb Raider: Anniversary,2007,Crystal Dynamics,Eidos Interactive
Tony Hawk's Underground 2,2004,"Neversoft, Shaba Games",Activision
Top Spin,2003,PAM Development,Atari
Total Annihilation: Battle Tactics,1998,Cavedog Entertainment,GT Interactive
Total Overdose,2005,Deadline Games,"Sci Entertainment, Eidos"
Toy Story,1996,Traveller's Tales,Disney Interactive
tranquility,2001,William A. Romanowski,"TQworld, LLC."
Treasure Quest,1996,Sirius Entertainment,Sirius Publishing
Tribes: Vengeance,2004,Irrational Games,Sierra Entertainment
Trivial Pursuit: Unhinged,2004,Artech Studios,Atari
True Crime: Streets of LA,2003,Luxoflux,Activision
Turning Point: Fall of Liberty,2008,Spark Unlimited,Codemasters
Twisted Metal,1996,"Sony Interactive Studios America, SingleTrac",Sony Music Entertainment Japan
UEFA Euro 2000,2000,EA Canada,EA Sports
UFO: Enemy Unknown,2007,Mythos Games,Take-Two Interactive
Ultima Online: The Second Age,1998,Origin Systems,Electronic Arts
Under Siege,2005,Afkar Media,Dar al-Fikr
Unreal Tournament 2003,2002,Epic Games,Infogrames
Urban Terror,2000,"Silicon Ice Development/Frozen Sand, LLC",
Vampire: The Masquerade – Bloodlines,2004,Troika Games,Activision
Vasara HD Collection,2019,Visco Corporation,QUByte Interactive
Venture Arctic,2007,Pocketwatch Games,"Pocketwatch Games, Brighter Minds Media"
Vietcong 2,2005,"Pterodon, Illusion Softworks",2K Games
Virtua Cop 2,1995,Sega-AM2,Sega
Virtual Pool 2,1997,Celeris,VR Sports
Volleyball Manager,2008,VM Team,
Wanted: Weapons of Fate,2009,GRIN,Universal Studios
Warcraft II: Beyond the Dark Portal,1996,Cyberlore Studios,"Blizzard Entertainment, Ubisoft"
"Warhammer 40,000: Dawn of War II",2009,Relic Entertainment,THQ
Warhammer: Dark Omen,1998,Mindscape,Electronic Arts
Warrior Kings: Battles,2003,Black Cactus,Empire Interactive
Waterworld,1997,Intelligent Games,Interplay Entertainment
Wetrix,1998,Zed Two,Zed Two
White Gold: War in Paradise,2009,Deep Shadows,Russobit-M
Wing Commander II: Deluxe Edition Gold,1996,Origin Systems,Electronic Arts
Wings of Power: WWII Heavy Bombers and Jets,2004,Shockwave Productions,TRI SYNERGY
WipEout XL,1997,Psygnosis,Psygnosis
Wolfenstein: The New Order,2014,Splash Damage,Activision
World Championship Rugby,2004,Swordfish Studios,Acclaim Entertainment
The World of Gatheryn,2009,MindFuse Games,MindFuse Games
World of Warcraft: Warlords of Draenor,2014,Blizzard Entertainment,Blizzard Entertainment
World War II Combat: Iwo Jima,2006,Direct Action Games,Groove Games
Worms 3D,2003,Team17,"Acclaim Entertainment, Sega, Feral Software"
WWE 2K16,2016,Yuke'sVisual Concepts,2K Sports
X-Change 2,1999,Crowd,Peach Princess
Xenon Racer,2019,3DClouds,Soedesco
X-Tension,2000,Egosoft,THQ
XIII,2003,"Ubisoft Paris, Southend Interactive","Ubisoft, Feral Interactive"
Yaminabe Aries: Asu e no Chosenjo,2000,Circus,Circus
You Don't Know Jack,1995,"Berkeley Systems, Jellyvision",Sierra On-Line
Ys: The Oath in Felghana,2005,Nihon Falcom,Nihon Falcom
Zap!,2005,GarageGames,GarageGames
ZeroZone,1997,Cryo Interactive,Cryo Interactive
Zoo Tycoon 2,2004,Blue Fang Games,Microsoft Game Studios
Zoo Vet,2004,Legacy Interactive,Legacy Interactive
140,2016,Double Fine Productions,Abstraction Games
25 To Life,2006,Avalanche Software,Eidos Interactive
5,2008,Ram,Visual Art's
A Game of Thrones: Genesis,2011,Cyanide,Focus Home Interactive
Aces of the Galaxy,2008,Artech Studios,Sierra Online
Actua Ice Hockey,1998,Gremlin Interactive,Gremlin Interactive
Adventures of Pip,2015,TicToc Games,TicToc Games
Age of Booty,2008,Certain Affinity,Capcom
Age of Empires II: The African Kingdoms,2015,SkyBox Labs,Microsoft Game Studios
Age of Pirates 2: City of Abandoned Ships,2009,Akella,Playlogic Entertainment
Age of Wonders III,2014,Triumph Studios,Triumph Studios
Airport Tycoon,2000,Krisalis Software,TalonSoft and Global Star Software
Alexander,2004,GSC Game World,Ubisoft
Aliens versus Predator,1999,Rebellion Developments,"Sierra Entertainment, Fox Interactive"
Alone in the Dark,2008,Eden Games,Atari
Amber: Journeys Beyond,1996,Hue Forest Entertainment,Hue Forest Entertainment
Amok,1996,Lemon,"Scavenger, Koei, Tec Toy"
Angelique Special,1995,Koei,NEC
Anno 1602,1998,Max Design,Sunflowers
Anubis II,2005,Data Design Interactive,"Metro 3D, Conspiracy Entertainment"
ArchLord,2005,NHN Games,"Codemasters Online Gaming, Webzen"
Armageddon Empires,2007,Cryptic Comet,Cryptic Comet
Arthur's Knights,2001,Dreamcatcher Interactive,"Cryo Interactive, DreamCatcher Interactive"
Assassin's Creed II,2009,Ubisoft Montreal,Ubisoft
Assassin's Creed Valhalla,2020,Ubisoft Quebec,Ubisoft
Asteroids,1998,Activision,Activision
Athens 2004,2004,Eurocom,"Sony Computer Entertainment, Eidos Interactive"
Atlantis Underwater Tycoon,2003,Activision Value,Activision Value
Auditorium,2012,Cipher Prime,Cipher Prime
Avencast: Rise of the Mage,2007,ClockStone,Lighthouse Interactive
Avernum 6,2009,Spiderweb Software,Spiderweb Software
Azur Lane: Crosswave,2019,Felistella,"Compile Heart, Idea Factory International"
Backyard Football '09,2008,Humongous Entertainment,Atari
Baldur's Gate,1998,BioWare,Black Isle Studios/Interplay Entertainment
Bang! Gunship Elite,2000,RayLand,Red Storm Entertainment
Barbie Horse Adventures: Mystery Ride,2003,Blue Monkey Studios,"Vivendi Universal Games, Activision"
Bastion,2011,Supergiant Games,Warner Bros. Interactive Entertainment
Battle Raper,2002,Dreams,Illusion
Battlefield 1943,2009,EA Digital Illusions CE,Electronic Arts
Battlefield Vietnam,2004,Digital Illusions,Electronic Arts
Battleground 6: Napoleon in Russia,1997,TalonSoft,TalonSoft
Beach Head 2000,2000,Digital Fusion,"WizardWorks, Infogrames"
Beijing 2008,2008,Eurocom,Sega
Betrayal in Antara,1997,Sierra Entertainment,Sierra Entertainment
Big Money!,2002,PopCap Games,PopCap Games
Binary Pot,2002,August,August
BioShock,2007,2K Boston/2K Australia,2K Games
Black & White,2001,Lionhead Studios,EA Games
Blade Runner,1997,Westwood Studios,Virgin Interactive Entertainment
Bliss Island,2006,PomPom Games,Codemasters
Blood Omen: Legacy of Kain,1997,Silicon Knights,Crystal Dynamics
Blur,2009,Bizarre Creations,Activision
Bone: Out from Boneville,2005,Telltale Games,Telltale Games
Bos Wars,2007,Bos Wars Team
Bratz: Forever Diamondz,2006,"Blitz Games, Barking Lizards Technologies",THQ
Brian Lara Cricket '99,1998,Codemasters,Codemasters
Broken Sword: Shadow of the Templars – The Director's Cut,2010,Revolution Software,Kalypso Media
Brunswick Circuit Pro Bowling,1998,"Adrenalin Entertainment, Point of View",THQ
Bugs Bunny: Lost in Time,1999,Behaviour Interactive,Infogrames
C-evo,1999,Steffen Gerlach,
Cabela's Big Game Hunter II,1998,"HeadGames Publishing, Inc.","HeadGames Publishing, Inc."
Cabela's Big Game Hunter 2005 Adventures,2004,"Magic Wand Productions, FUN Labs, Sand Grain Studios, Torus Games","Activision Value, Zoo Digital Publishing"
Cabela's Outdoor Trivia Challenge,1999,Elsinore Multimedia Inc.,"HeadGames Publishing, Inc."
Call of Cthulhu: Dark Corners of the Earth,2005,Headfirst Productions,Bethesda Softworks
Call of Duty: World at War,2008,"Treyarch Invention, LLC",Activision
Candy Crush Soda Saga,2015,King,King
Care Bears: Care-a-lot Jamboree,2003,ImagEngine,ValuSoft
Carmen Sandiego's ThinkQuick Challenge,1999,The Learning Company,The Learning Company
Cars Mater-National Championship,2007,Rainbow Studios,THQ
Casper: The Interactive Adventure,1997,Morning Star Multimedia,Rad Game Tools
Cat Quest II: The Lupus Empire,2019,The Gentlebros,PQube
CellFactor: Revolution,2007,"Immersion Games, Timeline Interactive, Artificial Studios","Immersion Games, Timeline Interactive, Artificial Studios"
Championship Manager: Season 01/02,2001,Sports Interactive,Eidos
Chaos;Child,2016,5pb.,5pb.
Charlotte's Web,2006,Backbone Entertainment,Sega
Chessmaster 7000,1999,Mindscape,Mindscape
Chicago 1930,2003,Spellbound Entertainment,Wanadoo Edition
Chocolatier: Decadence by Design,2009,Big Fish Games,PlayFirst
The Chronicles of Shakespeare: A Midsummer Night's Dream,2011,Daedalic Entertainment,Daedalic Entertainment
Circle of Blood,1996,Revolution Software Ltd.,Virgin Interactive Entertainment
Civilization II,1996,MicroProse,MicroProse
Civilization IV: Warlords,2006,Firaxis Games,Take Two Interactive
Clive Barker's Undying,2001,DreamWorks Interactive,Electronic Arts
Close Combat: Marines,2004,Atomic Games,
Club Football 2005,2004,Hoodoo Studios,Codemasters
The ClueFinders Reading Adventures,1999,The Learning Company,The Learning Company
Codename Eagle,1999,Refraction Games,Take 2 Interactive
Colin McRae Rally,1998,Codemasters,Codemasters
Comanche 2,1995,"NovaLogic, Inc.","NovaLogic, Inc."
Combat Mission: Afrika Korps,2003,battlefront.com,CDV
Command & Conquer: Generals,2003,EA Pacific,EA Games
Command & Conquer: Yuri's Revenge,2001,Westwood Pacific,EA Games
Company of Heroes,2006,Relic Entertainment,THQ
Conflict: Desert Storm II,2003,Pivotal Games,"SCi, Gotham Games"
Construction-Destruction,2003,Gabriel Entertainment,ValuSoft
Cosmic Nitro,2009,Phil Hassey,Galcon
Counter-Strike: Source,2004,Valve,Valve
Crazy Machines 2,2007,Fakt Software,Viva Media
Cricket 97,1997,Beam Software,Electronic Arts
Crime Cities,2000,Techland,EON Digital Entertainment
Crosscountry Canada 2,2002,Ingenuity Works,Ingenuity Works
Crysis Warhead,2008,Crytek Budapest,Electronic Arts
CSI: Hard Evidence,2007,Telltale Games,Ubisoft
Cuphead,2017,StudioMDHR,StudioMDHR
CyberStorm 2: Corporate Wars,1998,Dynamix,Sierra Entertainment
Damnation,2009,Blue Omega Entertainment,Codemasters
Dangerous High School Girls in Trouble!,2008,Mousechief,Mousechief
The Dark Eye: Demonicon,2013,Noumena Studios,Kalypso Media
Dark Reign: The Future of War,1997,Auran,Activision
Darkest Hour: Europe '44-'45,2008,Darklight Games,Valve
Darksiders Warmastered Edition,2016,Vigil Games,THQ Nordic
Dawn of Magic 2,2009,SkyFallen Entertainment,"Take-Two Interactive, Kalypso Media"
Dead Island,2009,Techland,Techland
Dead Space 2,2011,Visceral Games,Electronic Arts
Deadly Dozen: Pacific Theater,2002,nFusion,Infogrames
Death to Spies,2007,Haggard Games,"1C Company, Atari"
Deep Sea Tycoon,2003,Anarchy Enterprises,Activision Value Publishing
Deer Hunter Companion,1998,Sunstorm Interactive,WizardWorks
Deer Hunter 2003: Legendary Hunting,2002,Sunstorm Interactive,Infogrames
Deimos Rising,2001,Ambrosia Software,Ambrosia Software
Delta Force: Angel Falls,2010,NovaLogic,NovaLogic
Demigod,2009,Gas Powered Games,Stardock
Descent II - The Infinite Abyss,1996,Parallax Software,Interplay Entertainment
DesktopDefender2,2003,KenamicK Entertainment,
Destruction Derby 2,1996,Reflections Interactive,"Sony Computer Entertainment, Psygnosis"
The Devil Inside,2000,Gamesquad,Cryo Interactive
Didi & Ditto First Grade: The Wolf King,2005,Kutoka Interactive,Kutoka Interactive
Diggles: The Myth Of Fenris,2001,Innonics,Strategy First
Dino Island,2002,Monte Cristo,Monte Cristo
Disciples: Sacred Lands,1999,Strategy First,GT Interactive
Disney Princess: Enchanted Journey,2007,Papaya Studio,Disney Interactive
Divinity II: The Dragon Knight Saga,2011,Larian Studios,Focus Home Interactive
Dominion: Storm Over Gift 3,1998,Ion Storm,Eidos Interactive
Doom II: Hell on Earth,1995,id Software,GT Interactive
Double Switch,1993,Digital Pictures,Digital Pictures
Dragon Age: Inquisition,2014,BioWare,Electronic Arts
Dragon Marked for Death,2020,Inti Creates,Inti Creates
Dragon's Lair 3D: Return to the Lair,2002,Dragonstone Software,Ubisoft
Dream Pinball 3D,2008,TopWare Interactive,SouthPeak Games
Drome Racers,2002,Attention to Detail,"Electronic Arts, Lego Interactive"
Duke Nukem: Manhattan Project,2002,Sunstorm Interactive,ARUSH Entertainment
Dungeon Lords,2005,Heuristic Park,"DreamCatcher Interactive, FX Interactive, Crimson Cow, 1C Company, Typhoon Games"
Dungeons & Dragons Online,2006,"Turbine, Inc.",Atari
Dystopia,2005,Team Dystopia,Valve Corporation
Earth 2150: The Moon Project,2000,TopWare Interactive,Dinamic Multimedia
Earthworm Jim 3D,2000,VIS Entertainment,Interplay Entertainment
Edge,2011,Two Tribes,Mobigame
Egypte Kids,2001,EMG,Cryo Interactive
The Elder Scrolls V: Skyrim,2011,Bethesda Game Studios,Bethesda Softworks
Elf Bowling: Bocce Style,2004,"NStorm, Inc.","NStorm, Inc."
Emergency Hospital,2009,GameInvest,GameInvest
Empire Earth II: The Art of Supremacy,2006,Mad Doc Software,Vivendi Universal
Endorfun,1995,Onesong Partners,Time Warner Interactive
Enter the Matrix,2003,Shiny Entertainment,"Atari, Warner Bros. Interactive Entertainment"
Eschalon: Book II,2009,Basilisk Games,Basilisk Games
Eufloria,2009,Omni Systems Limited,Headup Games
Europa Universalis III: In Nomine,2008,Paradox Interactive,Paradox Interactive
Ever 17: The Out of Infinity,2002,KID,"KID, T-TIME Technology, Beijing Entertainment All Technology, Hirameki International"
EverQuest: Prophecy of Ro,2006,Sony Online Entertainment,Sony Online Entertainment
Evil Dead: Hail to the King,2000,Heavy Iron Studios,THQ
Evolution: The Game of Intelligent Life,1997,Crossover Technologies,"Interplay Entertainment, Egmont Interactive, Rede Globo"
Exteel,2007,NCsoft,NCsoft
F-22 Total Air War,1998,Digital Image Design,Infogrames
F.E.A.R. Perseus Mandate,2007,TimeGate Studios,Sierra Entertainment
Fade,2001,Fade Team,PocketGearHandango
Fairy Wars,2010,Team Shanghai Alice,Team Shanghai Alice
Fallout 2,1998,Black Isle Studios,Interplay Entertainment
Fantasy Earth: Zero,2006,Fenix Soft,Gamepot
Farland Odyssey,1999,Technical Group Laboratory,Technical Group Laboratory
Fate: Undiscovered Realms,2008,"WildStudios, WildTangent",WildTangent
FIFA 09,2008,EA Canada,EA Sports
FIFA 17,2016,"EA Vancouver, EA Bucharest",EA Sports
FIFA 99,1998,EA Canada,Electronic Arts
FIFA Manager 09,2008,Bright Future,Electronic Arts
Fighties,2015,PillowPigGames,PillowPigGames
Final Liberation,1997,Holistic Design,"Strategic Simulations, Inc."
Firo and Klawd,1996,Interactive Studios,BMG
FlatOut 2,2006,Bugbear Entertainment,Empire Interactive
Flight Unlimited III,1999,Looking Glass Studios,Electronic Arts
Football Manager 2005,2005,Sports Interactive,SEGA
Forbes Corporate Warrior,1997,Brooklyn Multimedia,Byron Preiss Multimedia
Formula 1 97,1997,Bizarre Creations,Psygnosis
Frank Herbert's Dune,2001,Cryo Interactive,Widescreen Games
Freddi Fish 4: The Case of the Hogfish Rustlers of Briny Gulch,1999,Humongous Entertainment,Humongous Entertainment
Freedom Force,2002,Irrational Games,Electronic Arts
Frogger 2: Swampy's Revenge,2000,Blitz Games,Hasbro Interactive
Front Page Sports: Baseball Pro '98,1997,Dynamix,Sierra On-Line
Frozen Bubble,2002,Guillaume Cottenceau,Guillaume Cottenceau
Full Spectrum Warrior,2004,Pandemic Studios,THQ
Fun School 6 in Fairyland,1996,Europress Software,Europress Software
Fuser,2020,Harmonix,NCSoft
G-Police,1997,Psygnosis,Psygnosis
Galactic Civilizations,2003,Stardock,Strategy First
Game Tycoon,2006,Tri Synergy,Tri Synergy
Gary Grigsby's World At War,2005,2 by 3 Games,Black Bean Games
Gears Pop!,2019,Mediatonic,Xbox Game Studios
General,1999,NewGame Software,
Gex 3: Deep Cover Gecko,1999,Crystal Dynamics,Crave Entertainment
Ghostbusters: The Video Game Remastered,2019,Saber Interactive,Mad Dog Games
Glest,2004,Glest Team,
GNU Chess,1984,The GNU Chess Team,
Golf Resort Tycoon,2001,Cat Daddy Games,Activision
GP Challenge,2002,Midas Interactive Entertainment,Midas Interactive Entertainment
Grand Theft Auto 2,1999,DMA Design,Rockstar Games
Grandia II,2000,Game Arts,Ubisoft
Gregory and the Hot Air Balloon,1996,"Capitol Multimedia, Inc.",Brøderbund
The Grim Adventures of Billy & Mandy,2006,High Voltage Software,Midway Games
GTR – FIA GT Racing Game,2005,SimBin,Atari
Guilty Gear Isuka,2005,Arc System Works,"Sourcenext, Bitway, Zoo Digital Publishing"
Gun Metal,2002,Rage Software,"Zoo Digital Publishing, Strategy First"
Half-Life: Blue Shift,2001,Gearbox Software,Sierra Entertainment
Halo Infinite,2021,343 Industries,Microsoft Game Studios
Harry Potter and the Chamber of Secrets,2002,EurocomAmaze EntertainmentArgonaut Games,EA GamesWarner Bros. Interactive
Haruiro Ouse,2008,Purple Software,Purple Software
Hearts of Iron II,2005,Paradox Interactive,Paradox Interactive
Heiankyo Alien,1999,Hyperware,Hyperware
Hello Neighbor 2,2021,TinyBuild,TinyBuild
Heroes Chronicles: Clash of the Dragons,2000,New World Computing,3DO
Heroes of Might and Magic III: Armageddon's Blade,1999,New World Computing,3DO
Heroes of Might and Magic VI,2011,Black Hole Entertainment,Ubisoft
Hexen II,1997,Raven Software,Empire Interactive Entertainment
Hidden Star in Four Seasons,2017,Team Shanghai Alice,Team Shanghai Alice
History Civil War: Secret Missions,2008,Cauldron Ltd,Activision Value
Hogs of War,2000,Infogrames,Infogrames
Hooligans: Storm Over Europe,2002,Darxabre,"Darxabre, Hip Games"
Hot Rod: American Street Drag,2003,ValuSoft,ValuSoft
Hour of Victory,2007,N-Fusion Interactive,Midway Games
Hoyle Board Games,1998,Sierra On-Line,Sierra On-Line
Hoyle Classic Games,1995,Sierra On-Line,Sierra On-Line
"Hugo III, Jungle of Doom!",1995,Gray Design Associates,Gray Design Associates
"I Have No Mouth, and I Must Scream",1995,The Dreamers Guild,Cyberdreams
I.G.I.-2: Covert Strike,2003,Innerloop Studios,Codemasters
Igor,2004,Think!Ware Development,Elmer Productions
Imogen,2003,Ovine by Design,Ovine by Design
Impossible Spell Card,2014,Team Shanghai Alice,Team Shanghai Alice
The Incredible Hulk,2008,Edge of Reality,Sega
Indiana Jones and the Emperor's Tomb,2003,The Collective,LucasArts
Infernal,2007,Metropolis Software,Playlogic International
Insecticide,2008,"Crackpot Entertainment, Creat Studios, Inc.",Gamecock Media Group
International Cricket Captain III,2007,Empire Interactive,Empire Interactive
Interstate '82,1999,Activision,Activision
Isis,1996,Snow Lion Entertainment,Panasonic Interactive Media
Jade Dynasty,2009,Beijing Perfect World,"Perfect World Entertainment, Games-Masters Ltd., Beijing Perfect World"
Jane's US Navy Fighters,1996,Electronic Arts,Electronic Arts
Jets'n'Guns,2004,RakeInGrass,"RakeInGrass, Reflexive Entertainment, Stardock"
John Deere: American Farmer,2004,Gabriel Entertainment,Destineer
The Journeyman Project 2: Buried in Time,1995,Presto Studios,Sanctuary Woods
JumpStart Adventures 4th Grade: Haunted Island,1996,Knowledge Adventure,Knowledge Adventure
Jurassic Park: Dinosaur Battles,2002,Knowledge Adventure,Knowledge Adventure
Kannagi no Tori,2002,Studio Miris,Studio Miris
Kidz Sports Basketball,2004,Data Design Interactive,Bold Games
King's Quest VII: The Princeless Bride,1995,Sierra Entertainment,Sierra Entertainment
kkrieger,2004,.theprodukkt,
Knights of the Temple: Infernal Crusade,2004,Starbreeze Studios,TDK Mediactive
Kudos: Rock Legend,2007,Positech Games,Positech Games
La-Mulana,2005,GR3 Project,
Langrisser II,1994,Masaya Games,NCS
The Last Outpost,2009,Refulgent Games,Refulgent Games
Layers of Fear,2016,Bloober Team,Aspyr
Left Behind: Tribulation Forces,2007,Left Behind Games,Left Behind Games
Legacy of Lunatic Kingdom,2015,Team Shanghai Alice,Team Shanghai Alice
Legion Arena,2005,Slitherine Strategies,Strategy First
Lego Indiana Jones: The Original Adventures,2008,Traveller's Tales,LucasArts
Lego Rock Raiders,1999,Data Design Interactive,Lego Media
Leisure Suit Larry: Magna Cum Laude,2004,High Voltage Software,Sierra Entertainment
Life Goes On,2014,Infinite Monkeys Entertainment,Infinite Monkeys Entertainment
Lineage,1998,NCsoft,NCsoft
Little Fighter 2,1999,"Marti Wong, Starsky Wong",
Logical Journey of the Zoombinis,1996,Broderbund,Broderbund
Lord of the Rings: The Battle for Middle-earth II,2006,EA Los Angeles,EA Games
Lords of the Realm,1994,Impressions Games,Impressions Games
Lost Planet: Extreme Condition,2007,Capcom,Capcom
Lula games,1998,cdv Software Entertainment,cdv Software Entertainment
Luxor,2005,MumboJumbo,MumboJumbo
Machine Hunter,1997,Eurocom Entertainment Software,MGM Interactive
Madden NFL 99,1998,EA Tiburon,EA Sports
Madden NFL 07,2006,"EA Tiburon, EA Canada",EA Sports
Mafia II,2010,2K Czech,2K Games
Magic: The Gathering Online,2002,"Leaping Lizard Software, Wizards of the Coast",Wizards of the Coast
Majesty: The Fantasy Kingdom Sim,2000,Cyberlore Studios,Hasbro Interactive
Malice,1997,Ratloop,Quantum Axcess
Manx TT Superbike,1995,"Sega-AM3, Sega-AM4",Sega
Mario's Game Gallery,1995,"Presage Software, Inc.",Interplay Entertainment
Massive Assault,2003,Wargaming,Matrix Games
The Matrix: Path of Neo,2005,Shiny Entertainment,Atari
Maximum-Football,2006,Wintervalley Software,Matrix Games
MechWarrior 4: Vengeance,2000,FASA Interactive,Microsoft
Medieval: Total War,2002,The Creative Assembly,Activision
Mega Man Legacy Collection 2,2017,Capcom,Capcom
MegaRace 3,2001,Cryo Interactive,Cryo Interactive
The Messenger,2018,Sabotage Studio,Devolver Digital
Mia's Reading Adventure: The Bugaboo Bugs,2007,Kutoka Interactive,Kutoka Interactive
Microsoft Baseball 3D 1998 Edition,1998,WizBang! Software Productions,Microsoft
Microsoft Flight Simulator X,2006,ACES Studios,Microsoft
Microsoft Train Simulator,2001,MSTS 1: Kuju Entertainment,Microsoft
MiG Alley,1999,Rowan Software,Empire Interactive
Mighty No. 9,2016,Comcept,Deep Silver
Minions of Mirth,2005,"Prairie Games, Inc.","Prairie Games, Inc."
Mobil 1 Rally Championship,1999,"Magnetic Fields, Creative Asylum Limited","Actualize, Electronic Arts"
Monopoly,2000,Artech Studios,Hasbro Interactive
Monster Hunter Frontier Online,2007,Capcom,Capcom
"Monsters, Inc. Scream Team",2002,Artificial Mind and Movement,Disney Interactive
Mortal Kombat 4,1997,"Midway Games, Eurocom",Midway Games
Moshimo Ashita ga Hare Naraba,2006,Palette,Palette
MotoGP 15,2015,Milestone srl,Milestone srl
Mount & Blade: Warband,2010,TaleWorlds,Paradox Interactive
Multi Theft Auto,2005,MTA Team,MTA Team
My Horse and Me,2007,W!Games,Atari
Mystery Case Files: Huntsville,2005,Big Fish Studios,Big Fish Games
Mystic Inn,2006,Big Fish Studios,Big Fish Games
N,2005,Metanet Software,Metanet Software
Narc,2008,VIS Entertainment,"Zoo Digital, zushi games ltd."
NASCAR Racing 1999 Edition,1999,Papyrus Design Group,Sierra On-Line
NASCAR Thunder 2004,2003,EA Tiburon,EA Sports
NBA 2K14,2013,Visual Concepts,2K Sports
NBA Live 97,1996,Electronic Arts,Electronic Arts
NBA Live 2005,2004,EA Canada,Electronic Arts
Road & Track Presents: The Need for Speed,1996,EA Canada,Electronic Arts
Need for Speed: Collection,2003,Electronic Arts,Electronic Arts
Need for Speed: ProStreet,2007,EA Black Box,Electronic Arts
Need for Speed Rivals,2013,"Ghost Games, Criterion Games",Electronic Arts
Neocron 2: Beyond Dome of York,2004,Reakktor Media GmbH,10tacle Studios
NetHack,2003,The NetHack DevTeam,The NetHack DevTeam
Neuro Hunter,2005,Media Art,Deep Silver
The New Adventures of the Time Machine,2000,Cryo Interactive,Cryo Interactive
NFL GameDay 99,1998,Red Zone Interactive,989 Sports
NHL 2003,2002,EA Sports,EA Sports
NHL Eastside Hockey Manager 2005,2005,Sports Interactive,Sega
Night of the Raving Dead,2008,Telltale Games,Telltale Games
Nitro Stunt Racing,2007,GameSeed,GameSeed
Nostradamus ni Kiite Miro,2008,Lime,Lime
ObsCure,2004,Hydravision Entertainment,DreamCatcher Interactive
Oddworld: New 'n' Tasty!,2015,Just Add Water,Oddworld Inhabitants
The Omega Stone,2003,Omni Creative,DreamCatcher Interactive
Onimusha: Warlords,2001,Capcom,Capcom
Operation Flashpoint: Dragon Rising,2009,Codemasters,Codemasters
Orbiter,2000,Martin Schweiger,
Original War,2001,Altar Interactive,Virgin Interactive
The Outforce,2000,O3 Games,"Pan Interactive, Strategy First"
OutRun 2006: Coast 2 Coast,2006,Sumo Digital,Sega
Overlord: Fellowship of Evil,2015,Triumph Studios,Codemasters
Pac-Man World 2,2002,"Namco, Full Fat","Namco, Zoo Digital Publishing, Hip Games"
Painkiller: Resurrection,2009,Homegrown Games,JoWood Productions
Panty Raider: From Here to Immaturity,2000,Hypnotix,Simon & Schuster Interactive
Panzer General II,1997,"Strategic Simulations, Inc.","Strategic Simulations, Inc."
Paris-Dakar Rally,2001,Acclaim Cheltenham,Acclaim
PDC World Championship Darts 2008,2008,Mere Mortals,"Oxygen Interactive, Red Ant Enterprises"
Penumbra: Overture,2007,Frictional Games,Lexicon Entertainment
Pet Pals: Animal Doctor,2006,Legacy Interactive,Legacy Interactive
Phantasmagoria: A Puzzle of Flesh,1996,Sierra Entertainment,Sierra Entertainment
Playtoons No. 2: The Case of the Counterfeit Collaborator,1994,Coktel Vision,Sierra Entertainment
Pillars of Garendall,2001,Beenox Studios,Ambrosia Software
Pirates of the Caribbean: The Legend of Jack Sparrow,2006,7 Studios/Buena Vista Games,Bethesda Softworks/Ubisoft
PlaneShift,2008,Atomic Blue,
PlayerUnknown's Battlegrounds,2017,PUBG Corporation,PUBG Corporation
The Political Machine 2008,2008,Stardock,Ubisoft
Populous: The Beginning,1998,Bullfrog Productions,Electronic Arts
Poseidon: Master of Atlantis,2001,Impressions Games,Sierra Entertainment
Power Rangers Lightspeed Rescue,1999,Red Sky Interactive,THQ
Presentable Liberty,2014,Wertpol,Game Jolt
The Princess Bride Game,2008,Worldwide Biggies,Worldwide Biggies
Prisoner of War,2002,Wide Games,Codemasters
Pro Evolution Soccer 2008,2007,Konami,Konami
Pro Evolution Soccer 2016,2015,Konami Computer Entertainment Tokyo,Konami
Project Cars 2,2017,Slightly Mad Studios,Bandai Namco Entertainment
Protöthea,2005,Digital Builders,Ubisoft
Pure,2008,Black Rock Studio,Disney Interactive Studios
Putt-Putt and Pep's Dog on a Stick,1996,Humongous Entertainment,Humongous Entertainment
Putt-Putt: Pep's Birthday Surprise,2003,Humongous Entertainment,Atari
Puzzle Bobble 4,1997,Cyber Front,Taito
Quake II,1997,id Software,Activision
Quest of Persia: The End of Innocence,2005,Puya Arts,Puya Arts
Racer,2009,Ruud van Gaal,Ruud van Gaal
Rail Simulator,2007,Kuju Entertainment,Electronic Arts
Ran Online,2006,Min Communications,Min Communications
Ravenskull,2003,Superior Interactive,Superior Interactive
Rayman Raving Rabbids,2006,Ubisoft Montpellier,Ubisoft
Reader Rabbit Learn to Read with Phonics: Preschool & Kindergarten,1999,The Learning Company,The Learning Company
Reader Rabbit's Interactive Math Journey,1996,The Learning Company,The Learning Company
Reader Rabbit and Friends: Let's Start Learning!,1995,The Learning Company,The Learning Company
Rebel Cops,2019,Weappy Studio,THQ Nordic
Red Dead Redemption 2,2018,Rockstar Studios,Rockstar Studios
Redline Racer,1998,Criterion Games,Ubisoft
Repton Spectacular,2006,Superior Interactive,Superior Interactive
Resident Evil 2,1998,Capcom Production Studio 4,Capcom
Return Fire 2,1998,"Silent Software, Inc.",Ripcord Games
RHEM 2: The Cave,2005,Knut Muller,"Got Game Entertainment, Virtual Programming"
Ricochet Lost Worlds: Recharged,2004,Reflexive Entertainment,Reflexive Entertainment
Rise of Nations,2003,Big Huge Games,Microsoft Game Studios
Riven,1997,Cyan,Brøderbund
Robot Battle,2002,Brad Schick,GarageGames
Rocket Mania!,2003,Nuclide Games,PopCap Games
Rohan: Blood Feud,2008,YNK Korea,YNK Interactive
Romance of the Three Kingdoms VIII,2001,Koei,Koei
Rome: Total War: Barbarian Invasion,2005,The Creative Assembly,"Activision, Sega"
RPG Maker 95,1997,ASCII,"ASCII, Enterbrain"
Rugby 08,2007,HB Studios,Electronic Arts
Runaway 2: The Dream of the Turtle,2006,"Pendulo Studios, S.L.",Focus Home Interactive
S.T.A.L.K.E.R.: Shadow of Chernobyl,2007,GSC Game World,THQ
Saints Row 2,2008,Volition,THQ
Sam & Max Save the World,2006,Telltale Games,"The Adventure Company, JoWood Productions"
Sanitarium,1998,DreamForge Intertainment,"ASC Games, XS Games, LLC"
Saya no Uta,2003,Nitroplus,Nitroplus
Scorched 3D,2001,Gavin Camp,
Sea Life Safari,2007,Wild Tangent,Sierra On-Line
Secret Maryo Chronicles,2003,SMC Development Team,
Secret Service,2008,Cauldron HQ,Activision Value
Seed,2006,Runestone Game Development,Runestone Game Development
Sega Smash Pack 2,2000,Sega,Sega
Sentinel Returns,1998,Hookstone,Psygnosis
The Settlers III: Quest of the Amazons,1999,Blue Byte,Blue Byte
Shadow Master,1997,HammerHead,Psygnosis
Shadowrun,2007,FASA Interactive,Microsoft Game Studios
Shantae: Half-Genie Hero,2016,WayForward,WayForward
Sheep,2000,Mind's Eye Productions,Empire Interactive
Sherlock Holmes: The Case of the Silver Earring,2004,Frogwares,Ubisoft
Shivers II: Harvest of Souls,1997,Sierra On-Line,Sierra On-Line
Shrek 2,2004,"Luxoflux, Amaze Entertainment",Activision
Sid Meier's Pirates!,2004,Firaxis Games,"Atari, 2K Games, Valve"
Silent Hunter III,2005,Ubisoft Bucharest,Ubisoft
SilentHeroes,2003,"Team SH, Digital Software",
The SimCity Box,2008,Maxis,Electronic Arts
Simon the Sorcerer,2002,Adventure Soft,Adventure Soft
The Simpsons Cartoon Studio,1996,Big Top Productions,Fox Interactive
The Sims 2: Nightlife,2005,Maxis,EA Games
The Sims Online,2002,Maxis,Electronic Arts
Sin,1998,Ritual Entertainment,Activision
SinkSub Pro,1996,Anders Wihlborg,
SkiFree,2005,Chris Pirih,Microsoft
Snake Pass,2017,Sumo Digital,Sumo Digital
So Blonde,2008,Wizarbox,Eidos Interactive
Soldiers: Heroes of World War II,2004,Best Way,Codemasters
Sonic Adventure DX: Director's Cut,1998,Sonic Team,Sega
Sonic Mega Collection,2002,"Sonic Team, VR-1 Japan, Inc., Comolink Inc.",Sega
Sonic CD,2012,Christian Whitehead,Sega
South Park,1998,Iguana Entertainment,Acclaim Entertainment
Space Combat,2004,Laminar Research,Laminar Research
Space Hulk: Vengeance of the Blood Angels,1995,Key Game,Electronic Arts
Spaceward Ho!,1990,Delta Tao Software,Delta Tao Software
Speed Demons,1999,EMG,Microids
SpellForce: Shadow of the Phoenix,2005,Phenomic Game Development,JoWood Productions
Spider-Man: Friend or Foe,2007,Beenox,Activision
SpongeBob SquarePants: Operation Krabby Patty,2001,AWE Games,THQ
"Spy Fox 2: ""Some Assembly Required""",1999,Humongous Entertainment,Atari
Stalingrad,2005,DTF Games,"BlackBean Games, 1C Games"
Star Trek: Armada,2000,"Activision, Mad Doc Software",Activision
Star Trek: Hidden Evil,1999,Presto Studios,Activision
Star Trek: Starfleet Command: Orion Pirates,2001,Taldren,Interplay Entertainment
Star Wars Episode I: The Phantom Menace,1999,Big Ape Productions,LucasArts
Star Wars Jedi Knight: Mysteries of the Sith,1998,LucasArts,LucasArts
Star Wars: Force Commander,2000,"LucasArts, Ronin Entertainment",LucasArts
Star Wars: Starfighter,2001,LucasArts,LucasArts
Star Wars: X-Wing Vs. TIE Fighter - Balance of Power Campaigns,1997,Totally Games,LucasArts
StarCraft II: Heart of the Swarm,2013,Blizzard Entertainment,Blizzard Entertainment
Starport: Galactic Empires,2004,PlayTechTonics,PlayTechTonics
Starsiege,1999,Dynamix,Dynamix
Steel Panthers III: Brigade Command (1939–1999),1997,"Strategic Simulations, Inc.","Strategic Simulations, Inc."
Stellar Frontier,1997,"Drengin.net, SF.net","Drengin.net, SF.net"
Stormrise,2009,The Creative Assembly,Sega
Street Fighter IV,2008,"Dimps, Capcom",Capcom
Stronghold,2001,Firefly Studios,"Take 2 Interactive, Gathering of Developers"
Subarashiki Hibi,2010,KeroQ,KeroQ
Summer Athletics,2008,49Games,Digital Entertainment Pool
Super Cosplay War Ultra,2004,Team FK,Team FK
SuperPower 2,2004,GolemLabs,DreamCatcher Interactive
Surf's Up,2007,Ubisoft Quebec,Ubisoft
SWAT 3: Close Quarters Battle,1999,Sierra Northwest,Sierra Entertainment
Syberia III,2010,Microids,Microids
Tabula Rasa,2007,Destination Games,NCsoft
A Tale in the Desert,2003,eGenesis,eGenesis
Tarr Chronicles,2007,Quazar Studio,"Paradox Interactive, Akella, cdv Software"
Teenage Mutant Ninja Turtles,2003,Konami,Konami
Ten Pin Alley,1996,Adrenalin Entertainment,ASC Games
Terroid,1996,Digital Nightmares,Schenk & Horn
Test Drive Unlimited,2006,Eden Games,Atari
Theme Park Inc,2001,"Bullfrog Productions, Climax Group",Electronic Arts
The Thing,2002,Computer Artworks,"Black Label Games, Konami"
The Three Musketeers,2005,Legendo Entertainment,Legendo Entertainment
Tick! Tack!,2005,Navel,Navel
Timeline,2000,Timeline Computer Entertainment,Eidos Interactive
Titan Quest,2006,Iron Lore Entertainment,THQ
Tokimeki Check-in!,1999,Crowd,Peach Princess
Tom Clancy's H.A.W.X,2009,Ubisoft Bucharest,Ubisoft
Tom Clancy's Rainbow Six: Vegas 2,2008,Ubisoft Montreal,Ubisoft
Tomb Raider Gold,1998,Core Design,Eidos Interactive
Tomb Raider: Underworld,2008,Crystal Dynamics,Eidos Interactive
Tony La Russa Baseball 4,1997,Stormfront Studios,Maxis
Top Spin 2,2006,Indie Built,2K Sports
Total Annihilation: Kingdoms,1999,Cavedog Entertainment,Cavedog Entertainment
Totally Spies! Totally Party,2009,OUAT Entertainment,"Ubisoft, Valcon Games"
Toy Story 2: Buzz Lightyear to the Rescue,1999,Traveller's Tales,Activision
Transformers: Revenge of the Fallen,2009,Beenox Studios,Activision
Tremulous,2006,Dark Legion Development,
Tribes 2,2001,Dynamix,Sierra On-Line
Tron 2.0,2003,Monolith Productions,Buena Vista Interactive
True Love,1995,Software House Parsley,"CD Brothers, Otaku Publishing Ltd."
Turok: Dinosaur Hunter,1997,Iguana Entertainment,Acclaim Entertainment
Twisted Metal 2,1996,"Sony Interactive Studios America, SingleTrac",Sony Interactive Studios America
UEFA Euro 2004,2004,EA Canada,EA Sports
UFO: Extraterrestrials,2007,Chaos Concept,Tri Synergy
Ultima V: Lazarus,2005,Team Lazarus,
Underlight,1998,Lyra Studios,Lyra Studios
Unreal Tournament 2004,2004,Epic Games,Atari
Uru: Ages Beyond Myst,2003,Cyan Worlds,Ubisoft
Vampire: The Masquerade – Redemption,2000,Nihilistic Software,Activision
VDrift,2005,"Joe Venzon, Chris Guirl, Dick Maurer, Matthew Nicholson",
Versailles 1685,1997,Cryo Interactive,Cryo Interactive
Vigil: Blood Bitterness,2006,Freegamer,Microapplication
Virtua Fighter,1993,"Sega-AM2, Sega-AM1",Sega
Virtual Pool 3,2001,"Celeris, Digital Mayhem",Interplay Entertainment
Volta-X,2020,GungHo Online Entertainment,GungHo Online Entertainment
War and Peace: 1796–1815,2002,Microids,Microids
Warcraft II: Tides of Darkness,1995,Blizzard Entertainment,"Blizzard Entertainment, Sierra Entertainment"
"Warhammer 40,000: Dawn of War II – Chaos Rising",2010,Relic Entertainment,THQ
Warhammer: Mark of Chaos,2006,Black Hole Entertainment,Namco Bandai Games
Warriors of Might and Magic,2000,3DO,3DO
Wayward Souls,2019,Rocketcat Games,Rocketcat Games
"What's New, Beelzebub?",2008,Telltale Games,Telltale Games
Who Wants to Beat Up a Millionaire?,2000,Hypnotix,Simon & Schuster Interactive
Wing Commander IV: The Price of Freedom,1996,Origin Systems,Electronic Arts
Wings of Power II: WWII Fighters,2006,Shockwave Productions,TRI SYNERGY
Wipeout 2097,1996,Psygnosis,Psygnosis
Wolfenstein: The Old Blood,2015,MachineGames,Bethesda Softworks
World Cup 98,1998,EA Canada,EA Sports
World of Goo,2008,2D Boy,2D Boy
World of Warcraft: Legion,2016,Blizzard Entertainment,Blizzard Entertainment
World War II Combat: Road to Berlin,2006,Direct Action Games,Groove Games
Worms 4: Mayhem,2005,Team17,"Majesco Entertainment, Codemasters"
WWE 2K17,2017,Yuke'sVisual Concepts,2K Sports
X-Change 3,2004,Crowd,Peach Princess
The X-Files Game,1998,HyperBole Studios,"Fox Interactive, Activision"
X-Gold,2004,Egosoft,THQ
Xiama,2000,Mulawa Dreaming,Mulawa Dreaming
Yin-Yang! X-Change Alternative,2004,Crowd,Peach Princess
Yourself!Fitness,2004,Respondesign,Respondesign
Yu-Gi-Oh! Power of Chaos: Joey the Passion,2004,Konami,Konami
Zapper: One Wicked Cricket,2002,"Blitz Games, Atomic Planet Entertainment",Infogrames
Zettai Fukuju Meirei,2005,Langmaor,JAST USA/Peach Princess
Zoo Tycoon 2: African Adventure,2006,Blue Fang Games,Microsoft Game Studios
Zork Nemesis,1996,Zombie Studios,Activision
