101 Dalmatians: Escape from DeVil Manor,1999,DreamForge Intertainment,Disney Interactive
2002 FIFA World Cup,2002,EA Canada,EA Sports
4x4 EVO 2,2001,Terminal Reality,Gathering of Developers
9: The Last Resort,1996,Tribeca Interactive,GT Interactive
Ace Online,2006,MasangSoft,Yedang
Action Quake 2,1998,The A-Team,
The Adventures of Fatman,2003,Socko! Entertainment,Socko! Entertainment
Agatha Christie: Evil Under the Sun,2007,AWE Productions,The Adventure Company
Age of Empires II: The Conquerors,2000,Ensemble Studios,Microsoft Game Studios
Age of Pirates: Captain Blood,2009,THQ,"1C Company, MTV Games"
Age of Wonders: Shadow Magic,2003,Triumph Studios,Gathering of Developers
Airfix Dogfighter,2000,Unique Development Studios,EON Digital Entertainment
Alan Wake's American Nightmare,2012,"Remedy Entertainment, Nitro Games",Remedy Entertainment
Alien Stars,2005,Awem,Awem
Alliance of Valiant Arms,2007,Red Duck,"Neowiz, NHN USA"
Amazon Trail II,1996,MECC,MECC
Amnesia: A Machine for Pigs,2013,The Chinese Room,Frictional Games
Angel Type,2005,Minori,Minori
Anno 1404,2009,Related Designs,Ubisoft
Ant War,2003,Anarchy Enterprises,Anarchy Enterprises
Aquaria,2007,Bit Blot,Bit Blot
ARMA 2,2009,Bohemia Interactive Studio,505 Games
Army Men: Sarge's War,2004,Global Star Software,Global Star Software
Ashes Cricket 2009,2009,Transmission Games,"Codemasters, Atari"
Assassin's Creed: Revelations,2011,Ubisoft Montreal,Ubisoft
Asterix at the Olympic Games,2008,Etranges Libellules,Atari
Atari Anniversary Edition,2001,Digital Eclipse,Infogrames
Atlantis The Lost Empire: Search for the Journal,2001,Zombie Inc.,Disney Interactive
Attack Retrieve Capture,1997,Hoopy Entertainment,Hoopy Entertainment
Avadon 2: The Corruption,2013,Spiderweb Software,Spiderweb Software
Avernum 4,2005,Spiderweb Software,Spiderweb Software
Azada: Ancient Magic,2008,Big Fish Studios,Big Fish Games
Backyard Basketball 2007,2006,Atari,Atari
Baku Baku Animal,1995,Sega,Sega
Band of Bugs,2007,NinjaBee,Microsoft Game Studios
Barbie as the Island Princess,2007,Ivolgamus,Activision
Barrow Hill: Curse of the Ancient Circle,2006,Shadow Tor Studios,Shadow Tor Studios
Battle of Britain II: Wings of Victory,2005,A2A Simulations,"TRI Synergy, GMX Media"
Battlefield 1942: Secret Weapons of WWII,2003,Digital Illusions CE,EA Games
Battlefield Online,2009,"Neowiz Games, Electronic Arts, EA Digital Illusions CE",Electronic Arts
Battleground 4: Shiloh,1996,TalonSoft,TalonSoft
Battlezone,1998,Activision,Activision
Beavis and Butt-head in Virtual Stupidity,1995,Viacom New Media,Viacom New Media
Bermuda Syndrome,1995,Century Interactive,BMG Interactive
Big Kahuna Reef,2004,Reflexive Entertainment,Reflexive Entertainment
Billy Hatcher and the Giant Egg,2003,Sonic Team,Sega
Bionicle,2003,Argonaut Games,"Lego Media, Electronic Arts"
The Bizarre Adventures of Woodruff and the Schnibble,1994,Coktel Vision,Sierra Entertainment
Black Mesa,2012,Black Mesa team,
Blazing Angels: Squadrons of WWII,2006,Ubisoft Bucharest,Ubisoft
Blood Bowl,2009,Cyanide,Focus Home Interactive
Blue's Clues Kindergarten,2005,Atari,Atari
Bomberman Online Japan,2008,"Shockwave Entertainment, Inc.",Hudson Soft
Bookworm Adventures,2006,PopCap Games,PopCap Games
Bratz 4 Real,2007,Barking Lizards,THQ
Breath of Fire IV,2003,Capcom,"Sourcenext, Capcom"
Brink,2010,Splash Damage,Bethesda Softworks
Brothers in Arms: Road to Hill 30,2005,Gearbox Software,Ubisoft
"Bug's Life, A",1998,Disney Interactive,Disney Interactive
Byzantine: The Betrayal,1997,"Discovery Channel Multimedia, Stormfront Studios",Discovery Communications
Cabela's Alaskan Adventures,2006,"Sand Grain Studios, Magic Wand Productions, FUN Labs",Activision
Cabela's Big Game Hunter 6,2002,nFusion Interactive LLC,"Activision Value Publishing, Inc."
Cabela's GrandSlam Hunting: North American 29,2000,"Activision Publishing, Inc.","Activision Publishing, Inc."
Caesar IV,2006,Tilted Mill Entertainment,Sierra Entertainment
Call of Duty: Modern Warfare 3,2011,"Infinity Ward, Sledgehammer Games, Raven Software",Activision
Candy Crisis,2005,Candy Crisis project,SourceForge.net
Caramel Box Yarukibako,2005,Caramel Box,Caramel Box
Carmageddon II: Carpocalypse Now,1998,Stainless Software Ltd.,SCi Games Ltd.
Carnivores: Cityscape,2002,Sunstorm Interactive,Infogrames
"Casino, Inc.",2003,Hothouse Creations,Konami
Castlevania: Lords of Shadow – Mirror of Fate,2014,MercurySteam,Konami
CC Metro,2007,Makena Technologies,The Coca-Cola Company
Championship Manager: Season 99/00,1999,Sports Interactive,Eidos
Championship Manager 2007,2006,Beautiful Game Studios,Eidos Interactive
Chariots of War,2003,Slitherine Software,Strategy First
Chessmaster 5000,1996,Mindscape,Mindscape
Chessmaster: The Art of Learning,2007,Ubisoft,Ubisoft
Chocolate Castle,2007,Lexaloffle,Lexaloffle
The Chronicles of Riddick: Assault on Dark Athena,2009,Starbreeze Studios,Atari
Chzo Mythos,2003,"Ben ""Yahtzee"" Croshaw",
City of Villains,2005,Paragon Studios,NCsoft
Civilization IV: Beyond the Sword,2007,Firaxis Games,Take Two Interactive
Claw,1997,Takarajimasha,Monolith Productions
Close Combat: Cross of Iron,2007,CSO Simtek,Matrix Games
Clover Heart's,2003,ALcot,
The ClueFinders Math Adventures,1999,The Learning Company,The Learning Company
Code of Honor 2: Conspiracy Island,2008,City Interactive,City Interactive
Cold Fear,2005,Darkworks,Ubisoft
Colin McRae: Dirt 2,2009,Codemasters,Codemasters
Combat Flight Simulator WWII Europe Series,1998,Microsoft Game Studios,Microsoft
Command & Conquer 3: Kane's Wrath,2008,EA Los Angeles,Electronic Arts
Command & Conquer: Renegade,2002,Westwood Studios,EA Games
Commandos: Beyond the Call of Duty,1999,Pyro Studios,Eidos Interactive
Conflict Zone,2001,MASA Group,Ubisoft
Conspiracies,2002,Anima Interactive,Microsoft
Corpse Killer,1994,Digital Pictures,Digital Pictures
Counter-Strike Online,2008,Nexon Corporation,Valve
Crashday,2006,"Replay Studios, Moon Byte Studios, Atari",Atari
Creatures 3,1999,Creature Labs,Mindscape
Cricket 07,2006,HB Studios,EA Sports
Croc 2,1999,Argonaut Software,Fox Interactive
Crypt of the NecroDancer,2015,Brace Yourself Games,Klei Entertainment
CSI: Crime Scene Investigation,2003,369 Interactive,Ubisoft
Cubix,1995,Scandere Software,Scandere Software
Cute Knight,2006,Hanako Games,iWin
Daikatana,2000,Ion Storm,Eidos Interactive
Danger By Design,2006,Her Interactive,DreamCatcher
Dark Earth,1997,Kalisto Entertainment,Microprose
Dark Reign 2,2000,Pandemic Studios,Activision
Darkeden,1997,"SOFTON Entertainment, Inc","SOFTON Entertainment, Inc"
DarkSpace,2001,Palestar,"Palestar, Got Game Entertainment"
Dawn of Fantasy,2009,Reverie World Studios,Lighthouse Interactive
Dead or Alive 6,2019,Koei Tecmo,Koei Tecmo
Dead Rising 2,2010,Blue Castle Games,Capcom
Deadlock: Planetary Conquest,1996,Accolade,Accolade
Death Rally,2009,Remedy Entertainment,Remedy Entertainment
Decisive Battles of WWII: Korsun Pocket,2003,Strategic Studies Group,Matrix Games
The Deer God,2014,Crescent Moon Games,Crescent Moon Games
Deer Hunter 4: World-Class Record Bucks,2001,Sunstorm Interactive,WizardWorks
Defender's Quest: Valley of the Forgotten DX,2016,Level Up Labs,
Delta Force,1998,NovaLogic,NovaLogic
Delta Force: Xtreme,2005,NovaLogic,NovaLogic
Depths of Peril,2007,Soldak Entertainment,Soldak Entertainment
Desert Combat,2004,Trauma Studios,
Destroy All Humans,2020,Black Forest Games,THQ Nordic
Devastation,2003,Digitalo Studios,ARUSH Entertainment
Diablo: Hellfire,1997,Synergistic Software,Sierra On-Line
Dig Dug Deeper,2001,Creature Labs,Infogrames
Dino Crisis,1999,Capcom Production Studio 4,Capcom
Disciples II: Dark Prophecy,2002,Strategy First,"Infogrames, Stardock"
Disney Infinity 3.0,2015,Avalanche Software,Disney Interactive Studios
Divine Divinity,2002,Larian Studios,CDV Software
Dominant Species,1998,Red Storm Entertainment,Red Storm Entertainment
Donald Trump's Real Estate Tycoon,2005,Airborne,Activision Value
Double Kick Heroes,2020,Headbang Club,Headbang Club
Dracula Twins,2006,Legendo Entertainment,Legendo Entertainment
Dragon Ball Xenoverse,2015,Dimps,Namco Bandai Games
Dragon's Lair,1997,Digital Leisure,Digital Leisure
Dream Chamber,2013,DarkWave Games,Microids
Driver: Parallel Lines,2006,Reflections Interactive,Ubisoft
Duck Dynasty,2014,Fun Labs,Activision
Dungeon Keeper 2,1999,Bullfrog Productions,Electronic Arts
Dungeon Siege: Legends of Aranna,2003,Gas Powered Games,Microsoft Game Studios
Dynasty Warriors 6,2007,Omega Force,Koei
Earth 2150,2000,TopWare Interactive,1C CompanySnowball
Earthsiege 2,1996,Dynamix,DynamixSierra Entertainment
Ecstatica II,1997,Andrew Spencer Studios,Psygnosis
Eggerland Episode 0: Quest of Rara,1996,Avit,HAL Corporation
The Elder Scrolls IV: Oblivion,2006,Bethesda Softworks,2K Games
Elf Bowling 6: Air Biscuits,2005,"NStorm, Inc.","NStorm, Inc."
Emergency,1998,Sixteen Tons Entertainment,Arush Entertainment
Empire Earth: The Art of Conquest,2002,Mad Doc Software,Sierra Entertainment
Enclave,2002,Starbreeze Studios,Vivendi Universal Games
Enigma: Rising Tide,2003,Tesseraction Games,Dreamcatcher Interactive
Escape Velocity Nova,2002,"Ambrosia Software, ATMOS",Ambrosia Software
Ethnic Cleansing,2002,Resistance Records,Resistance Records
Europa Universalis II,2001,Paradox Interactive,Strategy First
EVE Burst Error,1997,C's Ware,C's Ware
EverQuest: Dragons of Norrath,2005,Sony Online Entertainment,Sony Online Entertainment
Everything,2017,David OReilly,Double Fine Productions
Evochron Legends,2009,StarWraith 3D Games,StarWraith 3D Games
eXperience112,2007,Lexis Numerique,Micro Application
F-22 Lightning 3,1999,Novalogic,Electronic Arts
F.E.A.R. 2: Project Origin,2009,Monolith Productions,Warner Bros. Interactive Entertainment
Faces of War,2016,Best Way,Ubisoft
Fairway Solitaire,2007,Grey Alien Games,Big Fish Games
Falling Stars,2007,Ivolgamus,AgetecNordcurrent
Fallout: New Vegas,2010,Obsidian Entertainment,Bethesda Softworks
Farland Saga,1996,Technical Group Laboratory,Technical Group Laboratory
Fatal Hearts,2007,Hanako Games,Hanako Games
FIFA 07,2006,EA Canada,Electronic Arts
FIFA 15,2014,EA Canada,EA Sports
FIFA 2002,2001,EA Canada,Electronic Arts
FIFA Manager 07: Extra Time,2007,Bright Future GmbH,Electronic Arts
Fighter Squadron: The Screamin' Demons Over Europe,1999,Parsoft Interactive,Activision
Final Fantasy XIV,2010,Square Enix,Square Enix
Firepower,2004,Shockwave Productions,"GMX media, TRI SYNERGY"
Fizzball,2006,Grubby Games,Grubby Games
Flight Unlimited,1996,Looking Glass Studios,Virgin Interactive
The Fool and His Money,2009,Cliff Johnson,Cliff Johnson
Football Manager Live,2008,Sports Interactive,SEGA
"Fork in the Tale, AA Fork in the Tale",1997,Advance Reality Interactive,Any River Entertainment
Fractal: Make Blooms Not War,2010,Cipher Prime,
Freddi Fish 2: The Case of the Haunted Schoolhouse,1996,Humongous Entertainment,Humongous Entertainment
FreeCol,2003,The Freecol Team,SourceForge.net
Fritz (chess),1995,Frans Morsch,Chessbase
From Dusk Till Dawn,2001,Gamesquad,Cryo Interactive
Front Page Sports: Trophy Rivers,1997,Dynamix,Sierra On-Line
Fuel,2009,Asobo Studio,Codemasters
Fun School 5 in Space,1995,Europress Software,Europress Software
Fury,2007,Auran,Gamecock Media Group
G-Force,2009,Eurocom,Disney Interactive Studios
Gal*Gun: Double Peace,2016,Inti Creates,"Alchemist, PQube"
Galaga: Destination Earth,2000,King of the Jungle Ltd.,Hasbro Interactive
Garfield: Caught in the Act,1996,"Point of View, Inc.",Sega
Gears of War: Ultimate Edition,2016,The Coalition,Microsoft Studios
Geneforge 4: Rebellion,2006,Spiderweb Software,Spiderweb Software
Get Medieval,1998,Monolith Productions,Monolith Productions
Ghost of a Tale,2015,SeithCG,SeithCG
Gladiator: Sword of Vengeance,2003,Acclaim Studios Manchester,Acclaim Entertainment
Glove on Fight,2002,Watanabe Seisakujo,Watanabe Seisakujo
The Golden Compass,2007,Shiny Entertainment,Sega
Gothic II,2002,Piranha Bytes,JoWood
Grand Prix Manager 2,1996,Edward Grabowski Communications Ltd,Microprose
Grand Theft Auto: San Andreas,2004,Rockstar North,Rockstar Games
Green Green,2001,Groover,Groover
Gridrunner Revolution,2009,Llamasoft,Llamasoft
GT Legends,2005,Simbin,Atari
Guild Wars Prophecies,2005,ArenaNet,NCsoft
Gulf War: Operation Desert Hammer,1999,3DO,3DO
Haegemonia: Legions of Iron,2002,Digital Reality,"DreamCatcher Games, Wanadoo"
Halo 2,2004,Hired Gun,Microsoft Game Studios
Hardline,1997,Cryo Interactive,Virgin Interactive
Harry Potter: Quidditch World Cup,2003,EA GamesMagic Pockets,EA Games
Hearthstone,2014,Blizzard Entertainment,Blizzard Entertainment
Heavy Metal: F.A.K.K.²,2000,Ritual Entertainment,Ritual Entertainment
Hello Kitty Online,2009,"Sanrio Digital, Typhoon Games","Level Up! Games, GOGAME, Aeria Games, Burda:ic, gloot.net, GameMaxx"
Heroes Chronicles: Warlords of the Wastelands,2000,New World Computing,3DO
Heroes of Might and Magic II Gold,1998,New World Computing,3DO
Heroes of Might and Magic V: Hammers of Fate,2006,Nival Interactive,Ubisoft
Hexen: Beyond Heretic,1997,Raven Software,id Software
Hidden Expedition: Everest,2007,Big Fish Studios,"Big Fish Games, Activision, Astragon"
Hinterland,2008,Tilted Mill Entertainment,Tilted Mill Entertainment
The Hive,1995,Rainbow America,Trimark Interactive
Homeworld: Cataclysm,2000,Barking Dog Studios,Sierra Entertainment
Hospital Tycoon,2007,DR Studios,Codemasters
Hot Wheels: Crash!,1999,Prolific Publishing,Mattel
Hover Bovver,2002,Idigicon Limited,Idigicon Limited
Hoyle Casino 2004,2003,Sierra Entertainment,Sierra Entertainment
Huggly Saves the Turtles,2000,Mindsai Productions,"Scholastic, Inc."
HyperBlade,1996,Wizbang! Software Productions,Activision
I-Ninja,2003,Argonaut Games,"Namco, Sony Computer Entertainment, Zoo Digital Publishing"
Icewind Dale: Heart of Winter,2001,Black Isle Studios,Interplay Entertainment
Immortal Cities: Children of the Nile,2004,Tilted Mill Entertainment,"Myelin Media, SEGA"
Imperivm III: Great Battles of Rome,2005,Haemimont Games,FX Interactive
Incoming,1998,Rage Software,"Interplay Entertainment, Imagineer"
Independence Day,1997,Radical Entertainment,Fox Interactive
IndyCar Series,2003,Codemasters,Codemasters
Insane,2000,Invictus Games,Codemasters
International Cricket Captain 2006: Ashes Edition,2006,"Chris Child, Andy Yau",Xplosiv
Interstate '76,1997,Activision,Activision
Iron Warriors: T-72 Tank Commander,2004,IDDK/Crazy House,Battlefront.com
Jack Orlando,2001,TopWare,JoWooD
Jane's F-15,1998,Jane's Combat Simulations,Electronic Arts
Jerusalem: The Three Roads to the Holy Land,2002,Arxel Tribe,Cryo Interactive
Jingai Makyō,2005,Nitroplus,Nitroplus
Jonny Quest: Cover-Up at Roswell,1996,Virgin Sound and Vision,Virgin Sound and Vision
JumpStart Advanced 2nd Grade,2002,Knowledge Adventure,Knowledge Adventure
Jurassic Park III: Danger Zone!,2001,Knowledge Adventure,Knowledge Adventure
Kane & Lynch: Dead Men,2007,IO Interactive,Eidos Interactive
Keepsake,2006,Wicked Studios,"The Adventure Company, Lighthouse Interactive"
King of Dragon Pass,1999,"A Sharp, LLC","A Sharp, LLC"
KKnD Xtreme,1997,Beam Software,Beam Software
Knights of Honor,2004,Crytek Black Sea,Sunflowers Interactive Entertainment Software
Kudos,2006,Positech Games,Positech Games
LA Street Racing,2006,Invictus Games,Groove Media Inc.
Lands of Lore III,1999,Westwood Studios,Electronic Arts
Last Call,2000,Culter Creative,Simon & Schuster Interactive
Law & Order: Dead on the Money,2002,Legacy Interactive,Legacy Interactive
Left 4 Dead 2,2009,Valve,Valve
Legacy of Kain: Defiance,2003,Crystal Dynamics,Eidos Interactive
Legendary,2008,Spark Unlimited,"Gamecock Media Group, SouthPeak Games, Atari"
Lego Creator: Knights' Kingdom,2000,"THQR Inc., Superscape",Lego Software
Lego Racers,1999,High Voltage Software,Lego Media
Leisure Suit Larry: Box Office Bust,2009,Team17,Codemasters
Let's Meow Meow!,2003,Yamitsu Tsuushin,"Yamitsu Tsuushin, G-Collections"
Limbo of the Lost,2007,Majestic Studios,Tri Synergy
Little Big Adventure 2,1997,Adeline Software International,"Electronic Arts, Activision, Virgin Interactive"
Lode Runner 2,1998,Presage Software,GT Interactive
Lord of the Rings Online: Shadows of Angmar,2007,"Turbine, Inc.","Turbine, Inc."
Lords of EverQuest,2003,Rapid Eye Entertainment,Sony Online Entertainment
Lost Empire,2007,Pollux Gamelabs,Paradox Interactive
Luftwaffe Commander,1999,"Eagle Interactive, R3M Infografica, REM 3D Models Bank","Strategic Simulations, Inc."
Luv Wave,1998,C's Ware,C's Ware
Mabinogi,2004,devCAT,Nexon
Madden NFL 97,1996,EA Tiburon,EA Sports
Madden NFL 2005,2004,EA Tiburon,EA Sports
Maestro,2004,Mike Oldfield,Mike Oldfield
Magic: The Gathering – Battlegrounds,2003,Secret Level,Atari
Mahōtsukai no Yoru,2010,Type-Moon,Type-Moon
Making History: The Calm & The Storm,2007,Muzzy Lane,Muzzy Lane
Manic Miner,1997,Matthew Smith,Software Projects
Marc Eckō's Getting Up: Contents Under Pressure,2006,The Collective,Atari
Mass Effect,2007,Demiurge Studios,Electronic Arts
Math Blaster Episode II: Secret of the Lost City,1995,Davidson & Associates,Davidson & Associates
Max Payne 3,2012,Rockstar Vancouver,Rockstar Games
MechWarrior 3,1999,Zipper Interactive,Hasbro Interactive
Medieval Conquest,2004,Cat Daddy Games,Global Star Software
Mega Man Legends,1997,Capcom Production Studio 2,"Capcom Entertainment, Inc."
Mega Man X7,2003,Capcom Production Studio 3,Capcom
Message in a Haunted Mansion,2000,Her Interactive,DreamCatcher
Mia's Language Adventure: The Kidnap Caper,2003,Kutoka Interactive,Kutoka Interactive
Microsoft Baseball 2000,1999,WizBang! Software Productions,Microsoft
Microsoft Flight Simulator 2002,2001,Microsoft,Microsoft
Microsoft Solitaire Collection,2012,Arkadium,Microsoft Studios
Midway Arcade Treasures,2003,"Digital Eclipse, Backbone Entertainment",Midway Games
Might and Magic VIII: Day of the Destroyer,2000,New World Computing,3DO
Mini Desktop Racing,2005,Data Design Interactive,Metro3D
Moai Better Blues,2008,Telltale Games,Telltale Games
Monato Esprit,2009,Gamasoft,"Reality Gap, IT Territory"
Monopoly Tycoon,2001,Deep Red Games,Infogrames
Monster Trux Extreme: Offroad Edition,2005,Data Design Interactive,BOLD Games
Morpheus,1998,Soap Bubble Productions,"Piranha Interactive Publishing, Tiburon Interactive Publishing"
Mosaic: Tomb of Mystery,2006,Reflexive Entertainment,Reflexive Entertainment
MotoGP 13,2013,Milestone srl,Milestone srl
Motorhead,1999,Digital Illusions CE,"Gremlin Interactive, Fox Interactive"
Ms. Pac-Man: Quest for the Golden Maze,2001,Namco,Infogrames
My Animal Centre in Africa,2006,Braingame,Europress
Myst V: End of Ages,2005,Cyan Worlds,Ubisoft
The Mystery of the Druids,2001,House of Tales Entertainment,"Dtp entertainment, Focus, Akella, CDV"
Myth Makers Super Kart GP,2006,Data Design Interactive,"Data Design Interactive, Conspiracy Entertainment"
Napoleon: Total War,2010,The Creative Assembly,Sega
NASCAR Grand National Series Expansion Pack,1997,Papyrus Design Group,Sierra On-Line
NASCAR SimRacing,2005,EA Tiburon,EA Sports
NBA 2K12,2011,Visual Concepts,2K Sports
NBA 2K20,2019,Visual Concepts,2K Sports
NBA Live 2003,2002,EA Canada,Electronic Arts
NecroVisioN,2009,The Farm 51,505 Games
Need for Speed: Porsche Unleashed,2000,EA Canada,Electronic Arts
Need for Speed: Carbon (Collector's Edition),2006,Electronic Arts Black Box,Electronic Arts
Need for Speed: The Run,2011,"EA Black Box, Firebrand Games",Electronic Arts
Nelly Cootalot: Spoonbeaks Ahoy!,2007,Alasdair Beckett,
Neopets: Codestone Quest,2007,MumboJumbo,MumboJumbo
NetStorm: Islands At War,1997,Titanic Entertainment,Activision
Neverwinter Nights 2: Storm of Zehir,2008,Obsidian Entertainment,Atari
Nexus: The Kingdom of the Winds,1996,NEXON Inc.,KRU Interactive
NHL 2001,2000,EA Canada,EA Sports
NHL 09,2008,HB Studios,EA Sports
Nicktoons Winners Cup Racing,2006,Pronto Games,ValuSoft
Ninja Reflex,2008,Sanzaru Games,"Nunchuck Games, Electronic Arts, Valve"
Normality,2011,Gremlin Interactive,Interplay
O.R.B: Off-World Resource Base,2002,Strategy First,"Strategy First, Mindscape"
Oddworld: Abe's Exoddus,1998,Oddworld Inhabitants,GT Interactive
Oh...Sir! The Insult Simulator,2017,Vile Monarch,Gambitious
Oni,2001,Bungie,Gathering of Developers
OpenArena,2005,OpenArena team,
The Orange Box,2007,Valve,Valve
Oretachi ni Tsubasa wa Nai,2009,Navel,Navel
Out of the Park Baseball,2008,OOTP Developments,OOTP Developments
Outpost 2: Divided Destiny,1997,Dynamix,Sierra On-Line
Overlord,2007,Triumph Studios,Codemasters
Ozzie's Travels Destination Mexico,1995,Digital Impact,MicroMedia Publishers Inc.
Pacific Storm,2006,Lesta Studio,"Buka Entertainment, CDV Software"
Pandemonium 2,1997,Toys For Bob,"Crystal Dynamics, Bandai"
Panzer General,1994,"Strategic Simulations, Inc","Strategic Simulations, Inc"
Pariah,2005,Digital Extremes,Groove Games
Pax Imperia: Eminent Domain,1997,Heliotrope Studios,"Atari, THQ"
Penny Arcade Adventures: On the Rain-Slick Precipice of Darkness,2008,Hothead Games,Hothead Games
Perimeter,2004,KD Lab,1C Company
Phantasmagoria,1995,Sierra On-Line/Kronos Digital,Sierra On-Line
Pharaoh,1999,BreakAway Games,Sierra Entertainment
Phoenix Wright: Ace Attorney − Justice for All,2002,Capcom,Capcom
Pirates of the Caribbean: Armada of the Damned,2010,Propaganda Games,Disney Interactive Studios
Plane Crazy,1998,Inner Workings,SegaSoft
Plasma Pong,2007,Steve Taylor,
Police Quest: SWAT 2,1998,Yosemite Entertainment,Sierra Entertainment
Pool Shark 2,2004,Blade Interactive,Zoo Digital Publishing
Portal Knights,2016,Keen Games,505 Games
Power Chess,1996,Sierra Entertainment,Sierra Entertainment
Pragmata,2022,Capcom,Capcom
Prince of Persia: The Two Thrones,2005,Ubisoft Montreal,Ubisoft
Prison Tycoon 3: Lockdown,2007,Virtual Playground,ValuSoft
Pro Evolution Soccer 5,2005,Konami,Konami
Pro Evolution Soccer 2014,2013,Konami,Konami
Progress Quest,2002,Eric Fredricksen,Eric Fredricksen
Project Snowblind,2005,Crystal Dynamics,Eidos Interactive
Puppet Guardian,2007,"Cold Breath, Co., Ltd.","Artifact, Co., Ltd., Policros, LLC"
Putt-Putt and Fatty Bear's Activity Pack,1995,Humongous Entertainment,Humongous Entertainment
Putt-Putt's Fun Pack,1993,Humongous Entertainment,Humongous Entertainment
Puzzle Bobble 2,1995,Taito/Probe Entertainment,Taito
Qin: Tomb of the Middle Kingdom,1997,Learn Technologies Interactive,"Time Warner Electronic Publishing, Attica"
Quest for Glory V: Dragon Fire,1998,Sierra Entertainment,Sierra Entertainment
Race 07,2007,SimBin Studios,SimBin Studios
Raiden II,1997,"Seibu Kaihatsu, Kinesoft","GAMEBANK, Cyberfront Corporation, Interplay Value Products Division"
Rama,1996,Sierra Entertainment,Sierra Entertainment
Ravage D.C.X.,1996,Rainbow Studios,Inscape
Rayman Arena,2001,Ubisoft,Ubisoft
Reader Rabbit Kindergarten,1997,The Learning Company,The Learning Company
Reader Rabbit Toddler,1997,The Learning Company,The Learning Company
Reader Rabbit's Reading Development Library 3,1997,The Learning Company,The Learning Company
Realmz,1999,Fantasoft,Fantasoft
Red Alert: A Path Beyond,2007,Bluehell Productions,
Redjack: Revenge of the Brethren,1998,THQ,Cyberflix
Repton 2,2004,Superior Interactive,Superior Interactive
Reset Generation,2008,RedLynx,Nokia
Restaurant Empire,2003,Enlight,Enlight
rFactor,2005,Image Space Incorporated,Image Space Incorporated
Ricochet Infinity,2007,Reflexive Entertainment,Reflexive Entertainment
Rise and Fall: Civilizations at War,2006,Stainless Steel Studios,Midway Games
Rising Lands,1997,Microids,R&P Electronic Media
Robin Hood: The Legend of Sherwood,2002,Strategy First,Mindscape
Rocket Jockey,1996,Rocket Science Games,SegaSoft
Rogue Trooper,2006,Rebellion Developments,Eidos Interactive
Roma Victor,2006,RedBedlam,RedBedlam
Rome: Total War,2004,The Creative Assembly,"Activision, Sega"
RPG Maker 2000,2000,Enterbrain,ASCII
Rubik's Games,1999,Androsoft,Hasbro Interactive
Rumble Fighter,2007,"Gretech, Nimonix",OGPlanet
S.T.A.L.K.E.R.: Call of Pripyat,2009,GSC Game World,
The Saga of Ryzom,2004,Winch Gate,Winch Gate
Sam & Max Beyond Time and Space,2007,Telltale Games,Telltale Games
Sangokushi Koumeiden,1996,Koei,Koei
Savage: The Battle for Newerth,2003,S2 Games,"iGames, TriSynergy"
Scivelation,2009,Black Wing Foundation,
Screencheat,2014,Samurai Punk,Surprise Attack
Secret Files 2: Puritas Cordis,2009,Fusionsphere Systems,Deep Silver
Secret of the Solstice,2007,DNC Entertainment,"DNC Entertainment, Outspark"
The Secrets of Atlantis: The Sacred Legacy,2007,The Adventure Company,Dreamcatcher Interactive
Sega Rally Revo,2007,SEGA Racing Studio,Sega
Sensible Soccer 2006,2006,Kuju Sheffield,Codemasters
The Settlers II,2006,Blue Byte,Ubisoft
Severance: Blade of Darkness,2001,Rebel Act Studios,Codemasters
Shadowgrounds,2005,Frozenbyte,"Plan 1, Meridian4"
Shantae: Risky's Revenge,2014,WayForward,WayForward
Shattered Union,2005,PopTop Software,2K Games
Sherlock Holmes Versus Jack the Ripper,2009,Frogwares,Focus Home Interactive
The Ship,2006,Outerlight,"Valve, Mindscape Group, Merscom"
Shotest Shogi,2008,"AI Factory, Rubicon Development","AI Factory, Rubicon Development"
Sid Meier's Colonization,1994,Microprose,Microprose
Silent Hill Homecoming,2008,"Konami Digital Entertainment, Double Helix Games",Konami Digital Entertainment
Silent Hunter 5: Battle of the Atlantic,2010,Ubisoft Bucharest,Ubisoft
SimCity 3000,1999,Maxis,EA Games
SimGolf,1996,Maxis,Maxis
SimPark,1996,Maxis,Maxis
The Sims 2: Bon Voyage,2007,Maxis,Electronic Arts
The Sims Castaway Stories,2008,EA Games,EA Games
SimTown,1995,Maxis,Maxis
Singularity,2010,Raven Software,Activision
Ski Resort Tycoon,2001,Cat Daddy Games,Activision Value
Smack a Thief,2000,Blue Byte,Blue Byte
Snowcat Simulator,2014,United Independent Entertainment,United Independent Entertainment
Soldier of Fortune: Payback,2007,Cauldron HQ,Activision Value
Sonic 3D,1997,"Traveller's Tales, Sega",Sega
Sonic Lost World,2015,"Sonic Team, Sega of Europe",Sega
Sonic the Hedgehog 4: Episode II,2012,"Dimps, Sonic Team",Sega
Soul Reaver 2,2001,Crystal Dynamics,Eidos Interactive
Space Chimps,2008,Wicked Witch Software,Brash Entertainment
Space Giraffe,2007,Llamasoft,Llamasoft
Space Shuttle Mission 2007,2008,Exciting Simulations,Simsquared Ltd.
Spectromancer,2008,"Apus Software, Three Donkeys LLC","Apus Software, Three Donkeys LLC"
SpellForce: The Breath of Winter,2004,Phenomic Game Development,JoWood Productions
Spider-Man 2,2004,"Treyarch, The Fizz Factor, Vicarious Visions, Digital Eclipse, Backbone Entertainment, Aspyr Media",Activision
SpongeBob SquarePants: Employee of the Month,2002,AWE Games,THQ
Spring project,2009,Swedish Yankspankers,
Stair Dismount,2002,Jetro Lauha,tAAt
Star Trek Generations,1997,Microprose,Microprose
Star Trek: Deep Space Nine: The Fallen,2000,The Collective,Simon & Schuster
Star Trek: Starfleet Command II: Empires at War,2000,Taldren,Interplay Entertainment
Star Warped,1997,Parroty Interactive,Palladium Interactive
Star Wars Jedi Knight: Dark Forces II,1997,LucasArts,LucasArts
Star Wars: Empire at War: Forces of Corruption,2006,Petroglyph,LucasArts
Star Wars: Rogue Squadron,1998,"Factor 5, LucasArts",LucasArts
Star Wars: X-Wing Alliance,1999,Totally Games,LucasArts
StarCraft,1998,Blizzard Entertainment,"Blizzard Entertainment, Sierra Entertainment"
Starlancer,2000,Digital Anvil,Microsoft
Starship Troopers,2005,Strangelite,Empire Interactive
Stay Tuned for Danger,1999,Her Interactive,DreamCatcher
Steins;Gate: Linear Bounded Phenogram,2019,5pb.,Spike Chunsoft
The Stomping Land,2014,Supercrit,Supercrit
Street Fighter Alpha,1995,Capcom,Capcom
Strike Fighters 2: Vietnam,2009,Third Wire Productions,Third Wire Productions
Stupid Invaders,2000,Ubisoft,Xilam
The Suffering,2004,Surreal Software,Midway Games
Super Bubble Pop,2002,Zombie Studios,Jaleco
Superball Arcade,2003,Cheeky Monkey Software,Cheeky Monkey Software
Supreme Ruler 2020,2008,BattleGoat Studios,Paradox Interactive
Swamp Buggy Racing,2000,Daylight Productions,WizardWorks
Syberia,2002,Microids,"Microids, 1C Company, The Adventure Company, Typhoon Games"
System Shock 2,1999,"Irrational Games, Looking Glass Studios",Electronic Arts
Take No Prisoners,1997,Raven Software,Red Orb Entertainment
Tank Universal,2008,Dialogue Design,Meridian4
Team Fortress Classic,1999,Valve,Sierra Entertainment
Temüjin,1997,SouthPeak Games,SouthPeak Games
Terraria,2011,Re-Logic,Re-Logic
Test Drive Off-Road 2,1998,Accolade,Accolade
theHunter,2009,Avalanche Studios,Emote Games
Thief: The Dark Project,1998,Looking Glass Studios,Eidos Interactive
Three Kingdoms: Fate of the Dragon,2001,Overmax Studios,Eidos Interactive
Tiberian Sun Reborn,2013,Bluehell Productions,Bluehell Productions
The Time Warp of Dr. Brain,1996,Sierra Entertainment,Sierra Entertainment
Tiny Toon Adventures: Buster and the Beanstalk,1996,Terraglyph Interactive,Terraglyph Interactive
ToeJam & Earl: Back in the Groove,2019,HumaNature Studios,Adult Swim Games
Tom Clancy's Ghost Recon Advanced Warfighter 2,2007,Red Storm Entertainment,Ubisoft
Tom Clancy's Rainbow Six: Take-Down – Missions in Korea,2001,Ubisoft,Kama Digital Entertainment
Tom Clancy's Splinter Cell: Pandora Tomorrow,2004,"Ubisoft Shanghai, Ubisoft Annecy, Babaroga",Ubisoft
Tomb Raider: Legend,2006,"Crystal Dynamics, Nixxes, Buzz Monkey Software, Human Soft, Fathammer",Eidos Interactive
Tony Hawk's Pro Skater 4,2002,"Neversoft, Vicarious Visions, Babaroga",Activision
Top Gun: Hornet's Nest,1998,Zipper Interactive,MicroProse
Total Annihilation,1997,Cavedog Entertainment,GT Interactive
Total Immersion Racing,2002,Razorworks,Empire Interactive
Toy Golf,2005,Ninai Games,Zoo Digital Publishing
Trailer Park Tycoon,2002,Jaleco Entertainment,Jaleco Entertainment
Treasure Planet: Battle at Procyon,2002,Barking Dog Studios,Disney Interactive
Tribes: Ascend,2012,Hi-Rez Studios,Hi-Rez Studios
Triple Play 99,1998,EA Sports,EA Sports
True Crime: New York City,2005,Luxoflux,Activision
Turf Battles,2009,IMAZIC,"IMAZIC, Aeria Games and Entertainment"
Twinsen's Odyssey,1997,Adeline Software International,Activision
ÜberSoldier,2006,Burut,CDV Software
UFO: Aftershock,2005,Altar Interactive,Cenega
Ultima Online: Samurai Empire,2004,Electronic Arts,Electronic Arts
Under Ash,2001,Dar al-Fikr,Dar al-Fikr
Unreal Tournament,1999,"Epic Games, Digital Extremes",GT Interactive
Urban Legend in Limbo,2015,"Twilight Frontier, Team Shanghai Alice","Twilight Frontier, Team Shanghai Alice"
Valorant,2020,Riot Games,Riot Games
Vantage Master,1997,Nihon Falcom,Nihon Falcom
Venice,2007,"Retro64, PopCap Games",PopCap Games
Vietcong: Fist Alpha,2004,"Pterodon, Illusion Softworks",Gathering of Developers
Virtua Cop,1994,Sega-AM2,Sega
Virtual Pool,1995,Celeris,Interplay Entertainment
The Void,2008,Ice-Pick Lodge,ND Games
Walt Disney World Quest: Magical Racing Tour,2000,Crystal Dynamics,Eidos Interactive
War Wound,2007,Apothecary Studios,Apothecary Studios
"Warhammer 40,000: Dawn of War",2004,Relic Entertainment,THQ
Warhammer Online: Age of Reckoning,2008,Mythic Entertainment,Electronic Arts
Warrior Kings,2002,"Black Cactus, Zonic","Microids, Aspyr Media"
Watchmen: The End Is Nigh,2009,Deadline Games,Warner Bros. Games
Well of Souls,1998,Dan Samuel,Independent
White Album 2: Introductory Chapter,2010,Leaf,Aquaplus
Will Rock,2003,Saber Interactive,Ubisoft
Wing Commander: Privateer - Gemini Gold,2005,,
Winter Sports: The Ultimate Challenge,2007,49 Games,"Conspiracy Entertainment, RTL Games"
Wolfenstein: Enemy Territory,2003,Splash Damage,Activision
World Championship Pool 2004,2003,Blade Interactive,Jaleco
World of Diving,2014,Vertigo Games,Vertigo Games
World of Warcraft: Mists of Pandaria,2012,Blizzard Entertainment,Blizzard Entertainment
World Series of Poker: Tournament of Champions,2006,Left Field Productions,Activision
Worms 2: Armageddon,2009,Team17,Team17
WWE 2K15,2015,Yuke'sVisual Concepts,2K Sports
X-Change,1997,Crowd,Peach Princess
X-COM: Terror from the Deep,1995,MicroProse,2K Games
X: Beyond the Frontier,1999,Egosoft,THQ
Xconq,2000,"Stan Shebs, Greg Fisher, Robert Forsman, et al.",
Yamaha Supercross,2008,"Aurona Games, Coyote Console","DSI Games, Zoo Digital Publishing"
You Are Empty,2006,"Mandel ArtPlains, Digital Spray Studios",1C Company
Ys: The Ark of Napishtim,2003,Nihon Falcom,Nihon Falcom
ZanZarah: The Hidden Portal,2002,Funatics Development,THQ
ZeroRanger,2018,System Erasure,System Erasure
Zoo Tycoon,2000,Blue Fang Games,Microsoft Game Studios
Zoo Tycoon: Marine Mania,2002,Blue Fang Games,Microsoft Game Studios
