1914 Shells of Fury,2007,Rondomedia,"Strategy First, h2f Informationssysteme"
3DiTeams,2007,"Duke University Medical Center/Virtual Heroes, Inc.","Duke University Medical Center/Virtual Heroes, Inc."
The 7th Guest,1993,Trilobyte,Virgin Games
ABC Sports Indy Racing,1997,Shot Sports Software,ABC Interactive
Action Half-Life,1999,The A-Team,
Advent Rising,2005,GlyphX Games,Majesco Entertainment
Afterlife,1996,LucasArts,LucasArts
Age of Empires: The Rise of Rome,1998,Ensemble Studios,Microsoft Game Studios
Age of Empires III: The WarChiefs,2006,Ensemble Studios,Microsoft Game Studios
Age of Wonders,1999,Triumph Studios,Gathering of Developers
Aion: The Tower of Eternity,2008,NCsoft,NCsoft
Al Emmo and the Lost Dutchman's Mine,2006,Himalaya Studios,Himalaya Studios
Alice VR,2016,Carbon Studio,Klabater
Aliens: Colonial Marines,2010,Gearbox Software,Sega
Alvin and the Chipmunks,2007,Sensory Sweep Studios,Brash Entertainment
American McGee's Grimm,2008,Spicy Horse,Turner Broadcasting System
Ancient Wars: Sparta,2007,World Forge,Play Ten Interactive
Ankh,2005,Deck13 Interactive,BHV Software
Anomaly: Warzone Earth,2011,11 Bit Studios,11 Bit Studios
AquaNox,1996,Massive Development,"Encore Software, JoWooD Productions"
Arkadian Warriors,2007,Wanako Games,Sierra Online
Army Men: RTS,2002,Pandemic Studios,3DO
Asheron's Call,1999,Turbine Entertainment Software,"Microsoft, Turbine Entertainment Software"
Assassin's Creed Odyssey,2018,Ubisoft Quebec,Ubisoft
Asterix & Obelix XXL,2004,Etranges Libellules,Atari
AstroPop,2004,PopCap Games,PopCap Games
Atlantis III: The New World,2001,Cryo Interactive,Dreamcatcher Interactive
Attack on Titan,2016,Omega Force,Koei Tecmo
Auxiliary Power's Demolition Derby and Figure 8 Race,2001,"Auxiliary Power, John C. Ardussi",Auxiliary Power
Avernum 2: Crystal Souls,2015,Spiderweb Software,Spiderweb Software
Ayakashi Ninden Kunoichiban,1997,Shoeisha,Shoeisha
Back Track,1998,Telegames,Telegames
Bad Mojo,1996,Pulse Entertainment,"Acclaim Entertainment, Inc."
Ballance,2004,Cyparade,Atari
The Banner Saga 3,2018,Stoic Studio,Versus Evil
The Bard's Tale,2004,InXile Entertainment,Vivendi Universal Games
Battle Beast,1995,7th Level,BMG Interactive
Battlecruiser 3000AD v2.0,1998,3000 AD,DreamCatcher Interactive
Battlefield 2142,2006,Digital Illusions CE,Electronic Arts
Battleground 2: Gettysburg,1995,TalonSoft,TalonSoft
Battlestations: Midway,2007,Eidos Interactive,Eidos Interactive
The Beast Within: A Gabriel Knight Mystery,1995,Sierra On-Line,Sierra On-Line
Bendy and the Ink Machine,2017,TheMeatly Games,TheMeatly Games
Big Biz Tycoon,2002,Animedia,Activision Value
Bigfoot: Collision Course,2008,Destination Games,Zoo Games
Bionic Commando,2009,Grin,Capcom
Birthright: The Gorgon's Alliance,1996,Synergistic Software,Sierra On-Line
Black Dahlia,1998,Take Two Interactive,Interplay Entertainment
Blaze and Blade: Eternal Quest,1998,T&E Soft,THQ
Blockland,2007,"Eric ""Badspot"" Hartman, Ben Garney",Blockland LLC
BlowOut,2004,Terminal Reality,Majesco Entertainment
Bomberman Collection Vol.1,2002,Hudson Soft,
The Book of Unwritten Tales,2009,King Art,HMH Interactive
Brain Dead 13,1995,ReadySoft,ReadySoft
Breakout,2000,,
Bridge Builder,2000,Chronic Logic,Chronic Logic
Brothers in Arms: Earned in Blood,2005,Gearbox Software,Ubisoft
Bug!,1995,Realtime Associates,Sega
Burnout Paradise,2008,Criterion Games,Electronic Arts
Cabela's 4x4 Off-Road Adventure 3,2003,FUN Labs,Activision
Cabela's Big Game Hunter 4,2000,Elsinore Multimedia Inc.,Activision
Cabela's Deer Hunt: 2005 Season,2004,Magic Wand Productions,Activision
Caesar II,1995,Impressions Games,Sierra Entertainment
Call of Duty: Black Ops IIII,2018,Treyarch,Activision
The Cameron Files: Pharaoh's Curse,2002,Galilea,The Adventure Company
Captain Quazar,1996,"Cyclone Studios, 3DO",3DO
Carmageddon Max Pack,1997,Stainless Software Ltd.,SCi Games Ltd.
Carnivores 2,1999,Action Forms,WizardWorks
Casino Mogul,2002,Monte Cristo,DreamCatcher Interactive
Castlevania: Lords of Shadow,2014,"MercurySteam, Kojima Productions",Konami
Cave Story,2004,Studio Pixel,Studio Pixel
Ceville,2009,Realmforge Studios,Kalypso Media
Championship Manager 5,2005,Beautiful Game Studios,Eidos Interactive
Chaos Overlords,1996,Stick Man Games,New World Computing
Chess Mates,1995,Stepping Stone,Brainstorm
Chessmaster Challenge,2005,"PlayFirst, Inc.","PlayFirst, Inc."
Chicory: A Colorful Tale,2020,Greg Lobanov,
The Chronicles of Narnia: Prince Caspian,2008,Traveller's Tales,Disney Interactive Studios
Chuchel,2018,Amanita Design,Amanita Design
City Life,2006,Monte Cristo,CDV
Civilization III: Play the World,2002,Firaxis,Atari
Clandestiny,1996,Trilobyte,Virgin Games
Close Combat III: The Russian Front,1998,Atomic Games,Microsoft Game Studios
Cloud,2005,USC Interactive Media Division,USC Interactive Media Division
The ClueFinders 5th Grade Adventures: The Secret of the Living Volcano,1999,The Learning Company,The Learning Company
Cocoto Platform Jumper,2004,Neko Entertainment,BigBen Interactive
CodeRED: Alien Arena,2004,COR Entertainment,
Colin McRae Rally 2005,2004,Codemasters,Codemasters
Combat Flight Simulator 2,2000,Microsoft Game Studios,Microsoft
Command & Conquer,1995,Westwood Studios,Virgin Interactive
Command & Conquer: Red Alert 3,2008,EA Los Angeles,Electronic Arts
Commandos 3: Destination Berlin,2003,Pyro Studios,Eidos Interactive
Conan,2004,Cauldron HQ,TDK Mediactive
Conqueror A.D. 1086,1995,Software Sorcery,Sierra On-Line
Contract J.A.C.K.,2003,Monolith Productions,VU Games
Cossacks II: Napoleonic Wars,2005,GSC Game World,CDV
Cradle Of Persia,2007,Awem,Awem
The Creature of Kapu Cave,2006,Her Interactive,DreamCatcher
Cricket 2004,2004,HB Studios,EA Sports
Crimson Skies,2000,Zipper Interactive,Microsoft Game Studios
Crusader Kings,2004,Paradox Interactive,Paradox Interactive
Crystal Crisis,2019,Nicalis,Nicalis
Cube,2005,Wouter van Oortmerssen,
Curse of the Pharaoh: The Quest for Nefertiti,2008,Ph03nix New Media,Big Fish Games
D-Day,2004,Monte Cristo Multimedia,Digital Reality
Dance! Online,2007,9you,Acclaim
Dark Age of Camelot,2001,Mythic Entertainment,"Mythic Entertainment, Wanadoo"
Dark Horizon,2008,Quazar Studio,Paradox Interactive
Dark Sun Online: Crimson Sands,1996,"Strategic Simulations, Inc.","Strategic Simulations, Inc."
Darkness Within 2: The Dark Lineage,2010,Zoetrope Interactive,Iceberg Interactive
Daryl F. Gates' Police Quest: SWAT,1995,Sierra Entertainment,Sierra Entertainment
Daytona USA: Championship Circuit Edition,1996,Sega-AM3,Sega
Dead Pixels,2012,CSR-Studios,
Deadliest Catch: Alaskan Storm,2008,Liquid Dragon Studios,Greenwave Games
Dear Esther,2008,Dan Pinchbeck,
Deathtrap Dungeon,1998,Eidos Interactive,Eidos Interactive
Deer Avenger: Open Season,2001,Hypnotix,Simon & Schuster Interactive
Deer Hunter 3: The Legend Continues,1999,Sunstorm Interactive,WizardWorks
DEFCON,2006,Introversion Software,Pinnacle Entertainment Group
Delicious - Emily's Message in a Bottle,2016,GameHouse,GameHouse
Delta Force: Task Force Dagger,2002,Zombie Studios,NovaLogic
Democracy 4,2019,Positech Games,
Descent 3 (White Label Edition),2001,Outrage Entertainment,Interplay Productions
Desperate Housewives: The Game,2006,Liquid Entertainment,Buena Vista Games
Deus Ex: Invisible War,2003,Ion Storm,Eidos Interactive
Diablo II,2000,Blizzard North,"Blizzard Entertainment, Sierra Entertainment"
Die Hard Trilogy 2: Viva Las Vegas,2000,n-Space,Fox Interactive
Diner Dash: Flo on the Go,2006,PlayFirst,PlayFirst
Dirt Track Racing 2,2002,Ratbag Games,Ratbag Games
Disney Infinity,2013,Avalanche Software,Disney Interactive Studios
District Wars,2008,Teyon,Akella
Dofus,2005,Ankama Games,Ankama Games
Domino Master,2004,TikGames,TikGames
Dota 2,2013,Valve,Valve
Dracula 2: The Last Sanctuary,2000,"Wanadoo Edition, Canal+ Multimedia",Cryo Interactive
Dragon Ball FighterZ,2018,Arc System Works,Namco Bandai Games
Dragon Slayer Jr: Romancia,1999,Nihon Falcom,Falcom
Drakensang: The Dark Eye,2008,Radon Labs,"dtp entertainment, THQ, Eidos Interactive, Fx Interactive"
Driv3r,2004,Reflections Interactive,Atari
Dubbel,1994,Norman Martina,Bytes Control
Dungeon Keeper: The Deeper Dungeons,1997,Bullfrog Productions,Electronic Arts
Dungeon Siege II,2005,Gas Powered Games,Microsoft Game Studios
DX-Ball 2,1998,Longbow Digital Arts,Longbow Digital Arts
Earth & Beyond,2002,Westwood Studios,Electronic Arts
Earthlock: Festival of Magic,2016,Snowcastle Games,Snowcastle Games
Echo: Secrets of the Lost Cavern,2005,Kheops Studio,The Adventure Company Coladia Games
Eets,2006,Klei Entertainment,Klei Entertainment
The Elder Scrolls III: Morrowind,2002,Bethesda Game Studios,Bethesda SoftworksZeniMax MediaUbisoftValve Corporation
Elf Bowling 2 : Elves Paradise,2000,"NStorm, Inc.","NStorm, Inc."
The Embodiment of Scarlet Devil,2002,Team Shanghai Alice,Team Shanghai Alice
Empire Deluxe Internet Edition,2002,Killer Bee Software,Killer Bee Software
Empire: Total War,2009,The Creative Assembly,Sega
Enemy Territory: Quake Wars,2007,"Splash Damage, id Software",Activision
Escape from Monkey Island,2000,LucasArts,LucasArts
Eternity's Child,2008,"Luc Bernard, Silver Sphere Studios",Silver Sphere Studios
Europa 1400: The Guild,2002,4HEAD Studios,JoWood Productions
Europe Racer,2001,Davilex Games,Infogrames
EverQuest II: The Shadow Odyssey,2008,Sony Online Entertainment,Sony Online Entertainment
Eversion HD,2010,Zaratustra Productions,Zaratustra Productions
Evil Twin: Cyprien's Chronicles,2001,In Utero,Ubisoft
Ex Zeus,2005,Hyper-Devbox Japan,"Hyper-Devbox Japan, Conspiracy Entertainment, 505 Games, Metro3D"
EZ2ON,1998,Retro Games,Retro Games
The F.A. Premier League Football Manager 99,1998,EA UK,EA Sports
Fable,1996,Simbiosis Interactive,Sir-Tech
The Fairly OddParents: Breakin' Da Rules,2003,Blitz Games,THQ
Fallen Earth,2009,Reloaded Productions,K2 Network
Fallout Shelter,2016,"Bethesda Game Studios, Behaviour Interactive",Bethesda Softworks
Far Cry,2004,Crytek,Ubisoft
FastCrawl,2006,Glen Pawley,Pawleyscape
Fez,2013,Polytron Corporation,Trapdoor
FIFA 13,2012,EA Canada,EA Sports
FIFA 2000,1999,EA Canada,Electronic Arts
FIFA Manager 06,2005,EA Canada,Electronic Arts
FIFA World Cup: Germany 2006,2006,EA Canada,EA Sports
Final Fantasy VIII,1999,Square Co.,"Square Co., Square Electronic Arts, Eidos Interactive"
FinnWars,2004,Iceflake Studios,Iceflake Studios
First Strike: Final Hour,2017,Blindflug Studios,Blindflug Studios
Fleet Defender Gold,1995,Microprose,Microprose
Flying Corps,1996,Rowan Software,Empire Interactive
Football Manager 2009,2008,Sports Interactive,Sega
The Forgotten Realms Archives,1997,"Strategic Simulations, Inc.",Interplay Entertainment
Fortress Forever,2007,Fortress Forever Development Team,
Freddi Fish and Luther's Water Worries,1996,Humongous Entertainment,Humongous Entertainment
Free Realms,2009,SOE San Diego,Sony Online Entertainment
Freestyle Street Soccer,2004,Silicon Dreams Studio,Acclaim
Frogger: Ancient Shadow,2005,Hudson Soft,Konami
Front Page Sports: Trophy Bass 2,1996,Dynamix,Sierra On-Line
Fuck Quest 2: Romancing the Bone,2004,"Richard Eter, Heywood Jablowmey",
Fun School Specials,1993,Europress Software,Europress Software
Furcadia,1996,Dragon's Eye Productions,Dragon's Eye Productions
G Senjō no Maō,2008,Akabeisoft2,Akabeisoft2
Gadget Trial,2006,KOGADO Studio,KOGADO Studio
Galactic Civilizations II: Twilight of the Arnor,2008,Stardock,Stardock
Garden Rescue: Christmas Edition,2015,Rainbow Games,Rainbow Games
Gears 5,2019,The Coalition,Xbox Game Studios
Geneforge 2,2003,Spiderweb Software,Spiderweb Software
Genewars,1996,Bullfrog Productions,Electronic Arts
Ghost Cemetery,1993,Albert C. Ashton,
Gish,2004,Cryptic Sea,"Chronic Logic, Valve, Stardock"
Globulation 2,2009,Globulation 2 Team,Globulation 2 Team
Godfather: The Game,2006,Electronic Arts,Electronic Arts
Gothic,2001,Piranha Bytes,Egmont Interactive
Grand Prix 4,2002,MicroProse,Infogrames
Grand Theft Auto: London 1969,1999,Rockstar Canada,ASC Games
"Great Tree, The",2007,Reflexive Entertainment,Reflexive Entertainment
Grid Autosport,2014,Codemasters,Codemasters
Ground Control: Dark Conspiracy,2000,Massive Entertainment,Sierra Studios
Guild Wars Factions,2006,ArenaNet,NCSoft
Guitar Hero: Aerosmith,2008,Neversoft,Activision
Gurumin: A Monstrous Adventure,2004,Nihon Falcom,"Nihon Falcom, Mastiff, 505 Game Street"
Half-Life 2: Episode Two,2007,Valve,Valve
Happy Tree Friends: False Alarm,2008,Stainless Games,Sega
Harry Potter and the Philosopher's Stone,2001,KnowWonderWarthogGriptonite GamesArgonaut,Electronic Arts
The Haunted Carousel,2003,Her Interactive,DreamCatcher
Hearts of Iron IV,2016,Paradox Interactive,Paradox Interactive
Hellboy: Asylum Seeker,2000,Cryo Studios North America,Cryo Studios North America
Hero Online,2006,Netgame,Mgame USA Inc.
Heroes of Might and Magic II: The Succession Wars,1996,New World Computing,3DO
Heroes of Might and Magic IV: Winds of War,2003,New World Computing,3DO
Heroes of the Storm,2015,Blizzard Entertainment,Blizzard Entertainment
Hidden & Dangerous 2,2003,Illusion Softworks,Gathering of Developers
Higurashi Daybreak,2006,Twilight Frontier,Twilight Frontier
Hitman: Codename 47,2000,IO Interactive,Eidos Interactive
Homeworld,1999,Relic Entertainment,Sierra Entertainment
Horizon Chase Turbo,2018,Aquiris Studio,Aquiris Studio
Hot Wheels World Race,2003,Climax Group,THQ
The House of the Dead III,2002,Wow Entertainment,Sega
Hoyle Children's Collection,1996,Sierra On-Line,Sierra On-Line
Hoyle Solitaire,1996,Sierra On-Line,Sierra On-Line
Hype: The Time Quest,1999,Playmobil Interactive,Ubisoft
I Wanna Be the Guy,2007,"Michael ""Kayin"" O'Reilly",
Icewind Dale,2000,Black Isle Studios,Interplay Entertainment
Imagine: Fashion Designer,2007,Ubisoft,Ubisoft
Imperium Galactica II: Alliances,2000,Digital Reality,GT Interactive
In the Groove,2004,Roxor Games,"Roxor Games, RedOctane"
The Incredibles: When Danger Calls,2004,ImaginEngine,THQ
Industry Giant II,2002,JoWood Productions,JoWood Productions
Innova Disc Golf,2000,Sundial Interactive,WizardWorks
Interact Play VR,2001,Dreams,Illusion
International Superstar Soccer 3,2003,KCEO,Konami
Iron Man,2008,Artificial Mind and Movement,Sega
The Italian Job,2003,Climax Group,Eidos Interactive
James Cameron's Avatar: The Game,2009,Ubisoft Montreal,Ubisoft
Jazz Jackrabbit 2,1998,"Orange Games, Epic Games",Gathering of Developers
Jimmy Neutron: Boy Genius,2001,"AWE Games, Big Sky Interactive, Human Soft",THQ
Joint Strike Fighter,1997,Innerloop,Eidos Interactive
Jump 'n Bump,1998,Brainchild Design,Brainchild Design
JumpStart SpyMasters: Unmask the Prankster,2001,Knowledge Adventure,Knowledge Adventure
Kaan: Barbarian's Blade,2003,Eko Software SARL,DreamCatcher Interactive
Kasparov Chessmate,2003,The Learning Company,Jamdat Mobile
Killing Time,1996,Studio 3DO,"Studio 3DO, Intrepid Software"
Kiss: Psycho Circus: The Nightmare Child,2000,Third Law Interactive,Gathering of Developers
Knights and Merchants: The Peasants Rebellion,2001,Joymania Entertainment,"BlackStar Interactive, Snowball.ru, TopWare Interactive"
Koutetsu no Kishi 2: Sabaku no Rommel Shougun,2002,General Support,General Support
L.A. Rush,2005,Midway Games,Midway Games
Land of the Dead: Road to Fiddler's Green,2005,Brainbox Games,Groove Games
Lasertank,1995,JEK Software,JEK Software
Last Year: The Nightmare,2019,Elastic Games,Elastic Games
Learning Adventures! I Can Be a Dinosaur Finder,1997,Cloud 9 Interactive,Macmillan Digital Publishing
Legacy of Flan 3: Storm of Hades,2003,Scott Cawthon,
The Legend of Sword and Fairy,1995,Softstar Entertainment Inc.,Softstar Entertainment Inc.
Lego Creator,1998,"THQR Inc., Superscape",Lego Media
Lego Marvel Super Heroes 2,2017,TT Games,Warner Bros. Interactive Entertainment
Lego Universe,2010,NetDevil,NetDevil
Lemonade Tycoon 2,2004,Jamdat Mobile,MumboJumbo
Lighthouse: The Dark Being,1996,Sierra On-Line,Sierra On-Line
Linley's Dungeon Crawl,1997,Linley Henzell,
Lock On: Modern Air Combat,2003,Eagle Dynamics,"Ubisoft, 1C Company"
The Longest Journey,1999,Funcom,Funcom
Lord of the Rings: The Return of the King,2003,EA Redwood Shores,Electronic Arts
Lost Admiral Returns,1991,Fogstone,Fogstone
Lotus Challenge,2001,Kuju Entertainment,Ignition Entertainment
Lunia: Record of Lunia War,2007,allm,"Nexon, CDC Games USA, Chinese Gamer"
M.I.A.: Mission in Asia,2011,Burut Software,GFI
Madagascar,2005,Toys for Bob,Activision
Madden NFL 2003,2002,EA Tiburon,EA Sports
Made Man,2007,SilverBack Studios,Mastertronic
Magic: The Gathering,1997,MicroProse,MicroProse
Magnant,2006,Mohydine Entertainment,Mohydine Entertainment
Majin Tensei,1994,Multimedia Intelligence Transfer,"Atlus, Bbmf Corporation"
Mall Tycoon 3,2005,Cat Daddy Games,Global Star Software
Marble Blast Gold,2003,"Monster Studios, GarageGames",GarageGames
Marvel: Ultimate Alliance,2006,Beenox Studios,Activision
Mata Hari,2008,Cranberry Production,Viva Media
Max Payne,2001,Remedy Entertainment,Gathering of Developers
MechCommander 2,2001,FASA Interactive,Microsoft
Medal of Honor: Allied Assault,2002,"2015, Inc.",Electronic Arts
Meet the Robinsons,2007,Buena Vista Games,Disney Interactive Studios
Mega Man X5,2000,Capcom Production Studio 3,Capcom
Merchant Prince II,2001,"Holistic Design, Inc.",TalonSoft
Metal Gear Solid,2000,Digital DialectKonami,Microsoft
Micro Commandos,2002,Monte Cristo,Monte Cristo
Microsoft Flight Simulator 98,1997,Microsoft,Microsoft
Microsoft International Soccer 2000,1999,Rage Software,Microsoft Studios
Midtown Madness,1999,Angel Studios,Microsoft
Might and Magic: Millennium Edition,1999,New World Computing,3DO
Minerva,2005,Adam Foster,Adam Foster
MissionForce: CyberStorm,1996,Dynamix,Sierra Entertainment
The Moment of Silence,2004,House of Tales,Digital Jesters
Monopoly Junior,1999,Minds-Eye Productions,Hasbro Interactive
Monster Truck Madness,1996,Terminal Reality,Microsoft
MoonBaseOne,2007,WeCreateGames Studios,Federation of Galaxy Explorers
Mortal Kombat 11,2019,"NetherRealm Studios, QLOC",Warner Bros. Interactive Entertainment.
MotoGP 07,2007,Milestone srl,Milestone srl
MotoGP 20,2020,Milestone srl,Milestone srl
The Movies: Stunts & Effects,2006,Lionhead Studios,Activision
Music Catch,2008,Reflexive Entertainment,Reflexive Entertainment
Myst IV: Revelation,2004,Ubisoft Montreal,Ubisoft
Mystery Case Files: Return to Ravenhearst,2008,Big Fish Studios,Big Fish Games
Myth: The Total Codex,1999,Bungie,Bungie
Nancy Drew: The White Wolf of Icicle Creek,2007,Her Interactive,Her Interactive
NASCAR Racing,1994,Papyrus Design Group,Papyrus Design Group
NASCAR Racing 2002 Season,2002,Papyrus Design Group,Sierra Entertainment
NBA 2K10,2009,Visual Concepts,2K Sports
NBA 2K18,2017,Visual Concepts,2K Sports
NBA Live 2001,2000,Electronic Arts Canada,Electronic Arts
Necronomicon: The Dawning of Darkness,2001,Wanadoo Edition,The Adventure Company
Need for Speed III: Hot Pursuit,1998,EA Canada,Electronic Arts
Need for Speed: Most Wanted (Black Edition),2005,EA Canada,Electronic Arts
Need for Speed: Hot Pursuit,2010,Criterion Games,Electronic Arts
Neighbours from Hell,2003,JoWood Productions,JoWood Productions
Neon Wars,2006,Blitwise Productions,Blitwise Productions
NetMech,1998,Activision,Activision
Neverwinter Nights 2: Mask of the Betrayer,2007,Obsidian Entertainment,Atari
Nexuiz,2009,Alientrap,Alientrap
NHL 99,1998,EA Canada,EA Sports
NHL 07,2006,EA Montreal,EA Sports
Nicktoons Basketball,2009,Digital Eclipse,ValuSoft
Nightmist,2001,Nightmist Online Development,
Nocturne,1999,Terminal Reality,Gathering of Developers
NRL Rugby League 2,2005,Sidhe Interactive,Home Entertainment Suppliers
Oceanhorn 2: Knights of the Lost Realm,2017,Cornfox & Bros.,FDG Entertainment
Oh No! More Lemmings,1995,DMA Design,Psygnosis
One Piece: Burning Blood,2016,Spike Chunsoft,Bandai Namco Entertainment
Oolite,2006,Giles Williams,
The Operative: No One Lives Forever,2000,Monolith Productions,Fox Interactive
The Oregon Trail 3rd Edition,1997,MECC,MECC
Ostrich Island,2015,MeDungeon Ltd.,MeDungeon Ltd.
Outlaws,1997,LucasArts,LucasArts
Overcooked,2016,Ghost Town Games,Team17
Ozzie's Travels Destination India,1995,Digital Impact,MicroMedia Publishers Inc.
Pacific Fighters,2004,1C Company,Ubisoft
Pajama Sam 4: Life Is Rough When You Lose Your Stuff!,2003,Humongous Entertainment,Atari
Panzer Elite Action: Dunes of War,2007,ZootFly,JoWooD Productions
Paradise,2006,White Birds Productions,Micro Application
Patriots: A Nation Under Fire,2007,4D Rulers,SilverLine Software
Peggle Nights,2008,PopCap Games,PopCap Game
Perfect Weapon,1997,Gray Matter Interactive,ASC Games
PGA Tour Gold,1998,Electronic Arts,Electronic Arts
Phantom Trigger,2017,Bread Team,tinyBuild
Phoenix Dynasty Online,2007,Object Software,Ingle Games Ltd
Pirates of the Caribbean,2003,Akella,Bethesda Softworks
Pixelus,2004,PopCap Games,PopCap Games
Plants vs. Zombies: Garden Warfare,2014,PopCap Games,Electronic Arts
Pokémon TCG Online,2012,Dire Wolf Digital,The Pokémon Company
Pool of Radiance: Ruins of Myth Drannor,2001,Stormfront Studios,Ubisoft
Portal,2007,Valve,Valve
Postal 2,2003,Running with Scissors,Whiptail Interactive
PP: Pianissimo,2006,Innocent Grey,Innocent Grey
Prince of Persia 3D,1999,Red Orb Entertainment,The Learning Company
Prison Tycoon,2005,Virtual Playground,ValuSoft
Pro Evolution Soccer 3,2003,Konami,Konam
Pro Evolution Soccer 2012,2011,Konami Computer Entertainment Tokyo,Konami
Pro Pinball: The Web,1996,Cunning Development,Empire Interactive
Project Nomads,2002,Radon Labs,CDV Software
Psychonauts,2005,Double Fine Productions,Majesco Entertainment
Pusu: Uyanış,2005,"3TE Games, Yogurt Teknolojileri",Aral Ithalat
Putt-Putt Saves the Zoo,1996,Humongous Entertainment,Humongous Entertainment
Puyo Puyo Tetris,2018,Sonic Team,Sega
Puzzlegeddon,2008,Pieces Interactive,Pieces Interactive
Queen: The eYe,1998,Destination Design,Electronic Arts
R.U.S.E.,2009,Eugen Systems,Ubisoft
Rage of Mages,1998,Nival Interactive,"Buka Entertainment, Monolith Productions"
Rally Championship Xtreme,2001,Warthog Games,SCi
Rat Poker,1997,Mir-Dialogue,Microsoft
Rayman 2: The Great Escape,1999,Ubisoft,Ubisoft
Reader Rabbit 1st Grade: Capers on Cloud Nine!,2001,The Learning Company,The Learning Company
Reader Rabbit Preschool: Sparkle Star Rescue,2001,The Learning Company,The Learning Company
Reader Rabbit's Reading Development Library 1,1997,The Learning Company,The Learning Company
Realms of the Haunting,1997,Gremlin Interactive,"Gremlin Interactive, Interplay Entertainment"
Rec Room,2016,Against Gravity,Against Gravity
Red Ocean,2007,Collision Studios,Digital Entertainment Pool
Ren'ai CHU!,2001,Saga Planets,Saga Planets
Requiem: Bloodymare,2007,"GRAVITY Co., Ltd.","GRAVITY Co., Ltd."
Resident Evil Survivor,2000,Capcom Production Studio 2,Capcom
Revenant,1999,Cinematix Studios,Eidos Interactive
Ricochet,2000,Valve,
Rime,2017,Tequila Works,"Grey Box, Six Foot"
Rise of the Triad (Remake),2013,Interceptor Entertainment,Apogee Software
Robin Hood's Quest,2007,Oxygen Interactive,Oxygen Interactive
Rock Manager,2002,PAN Vision,DreamCatcher Interactive
Rocks'n'Diamonds,1995,Artsoft Entertainment,Artsoft Entertainment
RollerCoaster Tycoon 2,2003,Chris Sawyer,"Infogrames, Atari"
Romancing SaGa 2,2017,Square,Square
ROSE Online,2005,"Triggersoft, Gravity Interactive, Inc. et al.","Gravity Interactive, Inc. et al."
RS3: Racing Simulation 3,2003,Ubisoft,Ubisoft
Rugrats: All Growed Up - Older and Bolder,2001,THQ,THQ
Rush for Berlin,2006,StormRegion,Deep Silver
Sacrifice,2000,Shiny Entertainment,Interplay Entertainment
Salammbo: Battle for Carthage,2003,Cryo Interactive,Cryo Interactive
Samurai Warriors 2,2006,"Koei, Omega Force",Koei
Savage 2: A Tortured Soul,2008,S2 Games,S2 Games
Schizm: Mysterious Journey,2001,LK Avalon,"LK Avalon, The Adventure Company"
Screamer 4x4,2001,Clever's Development,Virgin Interactive
Second Sight,2004,Free Radical Design,Codemasters
Secret of the Old Clock,2005,Her Interactive,DreamCatcher
Secret Wives' Club,2002,Sekilala,"Sekilala, G-Collections"
Sega Rally 2,1998,AM5,Sega
Sensible Soccer '98,1998,Sensible Software,GT Interactive
Session,2019,crea-ture Studios,crea-ture Studios
Settlers 7: Paths to a Kingdom,2010,Blue Byte,Ubisoft
Shadowbane,2003,"Wolfpack Studios, Stray Bullet Games",Ubisoft
Shannara,1995,Legend Entertainment,Legend Entertainment
Shark Tale,2004,Edge of Reality,Activision
Sherlock Alavi,2009,"Amir hoshang Emamjomeh, Ali Emamjomeh",Andishe varan
Shin Megami Tensei: Imagine,2007,Cave,"Atlus, Aeria, Playsea"
Shogun: Total War,2000,The Creative Assembly,Electronic Arts
Sid Meier's Alpha Centauri,1998,Firaxis Games,Electronic Arts
Silent Hill 3,2003,Konami,Konami
Silent Hunter: Wolves of the Pacific (Gold Edition),2008,Ubisoft SRL,Ubisoft
SimCity,1995,Maxis,Maxis
SimEarth,1990,Maxis,Maxis
Simon the Sorcerer's Pinball,1998,Adventure Soft,Adventure Soft
The Sims 2,2004,Maxis,Electronic Arts
The Sims 2: University,2005,Maxis,EA Games
SimSafari,1998,"Electronic Arts, Maxis",Maxis
Singles: Flirt Up Your Life,2003,Rotobee,Deep Silver
Ski Park Manager,2002,Lankhor,Microids
Slide Tap Pop,2013,CodeRunners,CodeRunners
Snoopy vs. the Red Baron,2006,Smart Bomb Interactive,Namco Bandai Games America
Soldier of Fortune,2000,Raven Software,Activision
Solid Spheres Deluxe,2004,Superior Interactive,Superior Interactive
Sonic Generations,2011,Devil's Detail,Sega
Sonic the Hedgehog 2,2011,Sonic Team,Sega
Soul of the Ultimate Nation,2007,Webzen,"Webzen, The9, NHN, ijji"
The Space Bar,1997,Boffo Games,"Rocket Science Games, SegaSoft"
Space Empires V,2006,Malfador Machinations,Strategy First
Space Rangers,2002,Elemental Games,"1C Company, Micro Application"
Special Permit: The Expansion Pack for Cabela's Big Game Hunter,1998,HeadGames Publishing,HeadGames Publishing
Spellbound!,1998,The Learning Company,The Learning Company
Spider-Man,2000,Neversoft,Activision
SpongeBob SquarePants Movie,2004,AWE Games,THQ
Spore Galactic Adventures,2009,Maxis,Electronic Arts
Spycraft: The Great Game,1996,Activision,Activision
StarFlyers: Royal Jewel Rescue,2002,The Learning Company,The Learning Company
Star Trek: ConQuest Online,2000,Genetic Anomalies,Activision Publishing
Star Trek: Starfleet Academy,1997,"StarFleet Academy Software, Interplay, High Voltage Software",Interplay Entertainment
Star Trek: The Next Generation: Klingon Honor Guard,1998,MicroProse,MicroProse
Star Wars Jedi: Fallen Order,2019,Respawn Entertainment,Electronic Arts
Star Wars: Droid Works,1998,Lucas Learning,Lucas Learning
Star Wars: Rebellion,1998,Coolhand Interactive,LucasArts
Star Wars: TIE Fighter,2001,Totally Games,LucasArts
Star Wars: Yoda Stories,1997,LucasArts,LucasArts
Stargazer,2015,John Wizard,Amaranth Games
Starshatter: The Gathering Storm,2006,Destroyer Studios,Matrix Games
State of Emergency,2002,VIS Entertainment,Rockstar Games
Steins;Gate 0,2016,5pb.,5pb.
Still Life,2005,Microids,"MC2, The Adventure Company"
Strategy Challenges Collection 2: In the Wild,1997,Edmark,"Edmark, The Learning Company"
Strike Fighters: Project 1,2002,Third Wire Productions,Strategy First
Stronghold: Crusader Extreme,2008,Firefly Studios,Gamecock Media Group
Subterranean Animism,2008,Team Shanghai Alice,Team Shanghai Alice
Super Amazing Wagon Adventure Turbo,2013,sparsevector,sparsevector
Super Puzzle Bobble,2000,Taito,"Acclaim Entertainment, Taito Corporation"
Supreme Commander: Forged Alliance,2007,Gas Powered Games,THQ
Suzuki Alstare Extreme Racing,1999,Criterion Games,Ubisoft
Sword of the Stars,2006,Kerberos Productions,"Paradox Interactive, Lighthouse Interactive"
Synthesia,2008,Nicholas Piegdon,
Taito Legends,2005,Taito,"Empire Interactive, Sega"
Talvisota: Icy Hell,2007,Blitzfront Game Studio,"Nival Interactive, Blitzfront Game Studio"
Team Fortress,1996,Team Fortress Software,
Tempest 2000,1994,"Atari, Llamasoft",Atari
Terracide,1997,Simis,Eidos Interactive
Test Drive 6,1999,Pitbull Syndicate,Infogrames North AmericaCryo Interactive
Tex Murphy: Overseer,1998,Access Software,Access Software
The Fairyland Story,1997,Tokai Communications,Hasbro Interactive
Thorgal: Curse of Atlantis,2002,Cryo Interactive Entertainment,Le Lombard
Through the Woods,2016,Antagonist,1C Publishing EU
Tiger Woods PGA Tour 08,2007,EA Tiburon,EA Sports
Tintin in Tibet,1996,Infogrames,Infogrames
TOCA Race Driver 3,2006,Codemasters,Codemasters
Tom Clancy's Ghost Recon,2001,Red Storm Entertainment,Ubisoft
Tom Clancy's Rainbow Six: Lockdown,2005,Red Storm Entertainment,Ubisoft
Tom Clancy's Splinter Cell: Conviction,2010,Ubisoft Montreal,Ubisoft
Tomb Raider Chronicles,2000,Core Design,Eidos Interactive
Tony Hawk's Pro Skater 2,2000,Neversoft,Activision
Top Gun: Combat Zones,2003,Digital Integration,Virgin Interactive
Torchlight,2009,Runic Games,Runic Games
Total Club Manager 2005,2004,EA Canada,Electronic Arts
Tower of Guns,2014,Terrible Posture Games,Terrible Posture Games
TradeWars 2002,1999,"Epic Interactive Strategy, Martech Software","Epic Interactive Strategy, Martech Software"
Treasure Cove!,1997,The Learning Company,The Learning Company
Trials 2: Second Edition,2008,RedLynx,RedLynx
Triple Play 2000,1999,Treyarch,Electronic Arts
Tropico: Paradise Island,2002,BreakAway Games,Take-Two Interactive
Tumblebugs,2005,Wildfire Studios,"RealArcade,"
Tux Racer,2000,Jasmin Patry,Sunspire Studios
The Typing of the Dead,1999,"WOW Entertainment, Smilebit",Sega
UFO: Afterlight,2007,Altar Games,Cenega
Ultima Online: Age of Shadows,2003,Origin Systems,Electronic Arts
Uncle Henry's Playhouse,1996,Trilobyte,Trilobyte
Unreal,1998,"Epic Games, Digital Extremes",GT Interactive
Urban Chaos,1999,Mucky Foot Productions,Eidos Interactive
V-Rally 3,2002,Eden Studios,Atari
Vanguard Princess,2009,Sugeno,Sugeno
Vendetta Online,2004,Guild Software,Strategy First
Victoria II,2010,Paradox Interactive,Paradox Interactive
Viper Racing,1998,Monster Games,Sierra Entertainment
Virtua Tennis 2009,2009,Sumo Digital,Sega
Vivisector: Beast Within,2006,Action Forms,1C Company
Wallace & Gromit in Project Zoo,2003,Frontier Developments,BAM! Entertainment
War Wind II: Human Onslaught,1997,DreamForge Intertainment,"Strategic Simulations, Inc."
WarGames: Defcon 1,1998,Interactive Studios,"MGM Interactive, MGM/UA"
"Warhammer 40,000: Fire Warrior",2003,Kuju Entertainment,THQ
Warm Up!,2000,Lankhor,Microids
Wasteland Angel,2011,Octane Games,Meridian4
We Happy Few,2018,Compulsion Games,Gearbox Publishing
The Whispered World,2009,Daedalic Entertainment,Deep Silver
Wildlife Park 2,2006,Deep Silver,B-Alive
Wing Commander: The Kilrathi Saga,1996,Origin Systems,Electronic Arts
Wings Over Vietnam,2004,Third Wire Productions,"Destineer, Bold Games"
Wizardry VII: Crusaders of the Dark Savant,2013,Sir-tech,Sir-tech
World Atlas,1998,GWME Software,GWME Software
World in Conflict: Soviet Assault,2009,Massive Entertainment,Ubisoft
World of Warcraft: Wrath of the Lich King,2008,Blizzard Entertainment,Blizzard Entertainment
World Series of Poker,2005,Left Field Productions,Activision
WorldShift,2008,Crytek Black Sea,Playlogic International
Worms World Party,2001,Team17,Titus Software
WWE Raw,2002,Anchor Inc.,THQ
X-COM: Enforcer,2001,Infogrames,Infogrames
X-Men Legends II: Rise of Apocalypse,2005,"Raven Software, Vicarious Visions, Beenox, Barking Lizards Technologies",Activision
X3: Terran Conflict,2008,Egosoft,"Deep Silver, Interactive Gaming Software"
Y2K: The Game,1999,Runecraft,Interplay Entertainment
Yoku's Island Express,2018,Villa Gorilla,Team17
Ys I & II Complete,2001,Nihon Falcom,Nihon Falcom
Z,2014,The Bitmap Brothers,Virgin Interactive
Zero G Arena,2016,Jonathan Wood,Jonathan Wood
Zineth,2012,Arcane Kids,Arcane Kids
Zoo Tycoon 2: Marine Mania,2006,Blue Fang Games,Microsoft Game Studios
Zwei II,2008,Nihon Falcom,Nihon Falcom
